transaction_id,customer_id,transaction_date,amount
TXN_10000,CUST_0000,2023-04-25,75.27
TXN_10001,CUST_0001,2023-12-20,29.7
TXN_10002,CUST_0002,2023-11-18,49.53
TXN_10003,CUST_0003,2023-10-05,51.41
TXN_10004,CUST_0004,2023-05-16,86.07
TXN_10005,CUST_0005,2023-08-15,198.43
TXN_10006,CUST_0005,2023-07-29,88.25
TXN_10007,CUST_0005,2023-07-08,55.95
TXN_10008,CUST_0005,2023-11-07,118.81
TXN_10009,CUST_0005,2023-12-31,107.99
TXN_10010,CUST_0005,2023-09-19,81.25
TXN_10011,CUST_0006,2023-02-14,96.56
TXN_10012,CUST_0007,2023-08-22,217.62
TXN_10013,CUST_0007,2023-05-15,141.44
TXN_10014,CUST_0007,2023-09-20,247.52
TXN_10015,CUST_0007,2023-10-22,102.29
TXN_10016,CUST_0007,2023-05-01,130.01
TXN_10017,CUST_0007,2023-08-09,130.75
TXN_10018,CUST_0007,2023-06-09,211.98
TXN_10019,CUST_0007,2023-05-22,217.05
TXN_10020,CUST_0007,2023-05-28,92.13
TXN_10021,CUST_0007,2023-06-04,194.18
TXN_10022,CUST_0007,2023-04-24,61.16
TXN_10023,CUST_0007,2023-12-31,56.24
TXN_10024,CUST_0007,2023-06-25,151.14
TXN_10025,CUST_0008,2023-05-23,144.88
TXN_10026,CUST_0008,2023-06-08,170.49
TXN_10027,CUST_0008,2023-05-14,149.16
TXN_10028,CUST_0008,2023-05-18,80.48
TXN_10029,CUST_0008,2023-05-21,57.97
TXN_10030,CUST_0008,2023-09-20,82.14
TXN_10031,CUST_0008,2023-11-30,242.93
TXN_10032,CUST_0009,2023-10-19,74.41
TXN_10033,CUST_0009,2023-12-20,225.09
TXN_10034,CUST_0009,2023-08-23,186.42
TXN_10035,CUST_0009,2023-09-14,94.35
TXN_10036,CUST_0009,2023-12-31,20.93
TXN_10037,CUST_0009,2023-08-17,137.22
TXN_10038,CUST_0009,2023-09-08,153.4
TXN_10039,CUST_0009,2023-10-11,161.52
TXN_10040,CUST_0009,2023-09-17,27.58
TXN_10041,CUST_0009,2023-08-26,69.53
TXN_10042,CUST_0010,2023-12-06,61.88
TXN_10043,CUST_0011,2023-04-22,237.9
TXN_10044,CUST_0012,2023-04-30,70.96
TXN_10045,CUST_0012,2023-11-07,125.0
TXN_10046,CUST_0012,2023-06-04,193.74
TXN_10047,CUST_0012,2023-04-24,129.51
TXN_10048,CUST_0012,2023-05-29,155.27
TXN_10049,CUST_0012,2023-12-31,195.82
TXN_10050,CUST_0012,2023-05-24,209.47
TXN_10051,CUST_0012,2023-04-26,22.16
TXN_10052,CUST_0012,2023-04-30,95.0
TXN_10053,CUST_0013,2023-12-27,125.06
TXN_10054,CUST_0013,2023-12-28,44.0
TXN_10055,CUST_0013,2023-12-27,80.44
TXN_10056,CUST_0013,2023-12-29,233.17
TXN_10057,CUST_0013,2023-12-31,202.06
TXN_10058,CUST_0014,2023-06-30,124.44
TXN_10059,CUST_0014,2023-09-14,230.02
TXN_10060,CUST_0014,2023-06-15,231.76
TXN_10061,CUST_0014,2023-08-24,158.53
TXN_10062,CUST_0014,2023-06-16,28.05
TXN_10063,CUST_0014,2023-07-30,168.11
TXN_10064,CUST_0014,2023-06-17,145.77
TXN_10065,CUST_0014,2023-10-16,211.24
TXN_10066,CUST_0014,2023-12-04,100.98
TXN_10067,CUST_0014,2023-06-28,191.12
TXN_10068,CUST_0015,2023-09-04,70.09
TXN_10069,CUST_0015,2023-06-13,22.07
TXN_10070,CUST_0015,2023-12-31,171.95
TXN_10071,CUST_0015,2023-12-08,77.39
TXN_10072,CUST_0015,2023-07-23,174.45
TXN_10073,CUST_0015,2023-06-09,214.31
TXN_10074,CUST_0015,2023-12-26,222.94
TXN_10075,CUST_0015,2023-08-23,80.2
TXN_10076,CUST_0015,2023-06-05,241.39
TXN_10077,CUST_0016,2023-08-28,180.97
TXN_10078,CUST_0017,2023-11-11,94.89
TXN_10079,CUST_0017,2023-11-06,119.06
TXN_10080,CUST_0017,2023-11-10,95.7
TXN_10081,CUST_0017,2023-12-08,234.84
TXN_10082,CUST_0018,2023-10-01,233.23
TXN_10083,CUST_0019,2023-12-10,53.26
TXN_10084,CUST_0020,2023-10-30,120.46
TXN_10085,CUST_0020,2023-12-17,59.51
TXN_10086,CUST_0020,2023-10-21,29.12
TXN_10087,CUST_0020,2023-12-15,167.17
TXN_10088,CUST_0020,2023-10-28,56.64
TXN_10089,CUST_0020,2023-10-29,41.98
TXN_10090,CUST_0020,2023-12-27,199.29
TXN_10091,CUST_0020,2023-11-04,218.27
TXN_10092,CUST_0020,2023-10-27,183.52
TXN_10093,CUST_0021,2023-11-18,228.66
TXN_10094,CUST_0021,2023-08-01,177.4
TXN_10095,CUST_0021,2023-07-29,59.79
TXN_10096,CUST_0022,2023-10-16,116.04
TXN_10097,CUST_0023,2023-06-22,129.17
TXN_10098,CUST_0023,2023-06-18,175.31
TXN_10099,CUST_0023,2023-12-30,47.22
TXN_10100,CUST_0023,2023-09-08,163.58
TXN_10101,CUST_0023,2023-08-08,106.68
TXN_10102,CUST_0023,2023-07-09,25.63
TXN_10103,CUST_0023,2023-06-26,18.57
TXN_10104,CUST_0024,2023-12-09,148.15
TXN_10105,CUST_0024,2023-11-28,226.12
TXN_10106,CUST_0024,2023-11-18,91.8
TXN_10107,CUST_0024,2023-11-10,209.24
TXN_10108,CUST_0024,2023-12-07,39.55
TXN_10109,CUST_0024,2023-11-24,124.04
TXN_10110,CUST_0025,2023-12-31,65.45
TXN_10111,CUST_0026,2023-10-13,188.63
TXN_10112,CUST_0027,2023-10-09,140.09
TXN_10113,CUST_0028,2023-12-12,148.47
TXN_10114,CUST_0029,2023-12-08,207.4
TXN_10115,CUST_0030,2023-03-03,198.78
TXN_10116,CUST_0030,2023-03-28,48.91
TXN_10117,CUST_0030,2023-03-12,21.4
TXN_10118,CUST_0030,2023-05-14,66.29
TXN_10119,CUST_0030,2023-12-31,149.99
TXN_10120,CUST_0030,2023-03-15,176.86
TXN_10121,CUST_0030,2023-10-18,190.12
TXN_10122,CUST_0030,2023-03-08,225.53
TXN_10123,CUST_0030,2023-08-08,52.2
TXN_10124,CUST_0030,2023-03-05,145.97
TXN_10125,CUST_0031,2023-10-13,99.21
TXN_10126,CUST_0032,2023-07-21,104.53
TXN_10127,CUST_0032,2023-10-12,208.55
TXN_10128,CUST_0032,2023-08-04,122.89
TXN_10129,CUST_0032,2023-07-28,234.15
TXN_10130,CUST_0033,2023-12-22,175.71
TXN_10131,CUST_0034,2023-12-17,88.27
TXN_10132,CUST_0034,2023-07-25,168.73
TXN_10133,CUST_0034,2023-09-03,93.05
TXN_10134,CUST_0034,2023-12-09,213.54
TXN_10135,CUST_0034,2023-07-23,71.2
TXN_10136,CUST_0034,2023-08-19,196.79
TXN_10137,CUST_0034,2023-07-11,177.93
TXN_10138,CUST_0034,2023-09-07,69.4
TXN_10139,CUST_0034,2023-09-13,235.94
TXN_10140,CUST_0034,2023-07-11,90.12
TXN_10141,CUST_0034,2023-08-11,226.33
TXN_10142,CUST_0035,2023-07-21,112.1
TXN_10143,CUST_0035,2023-09-03,169.67
TXN_10144,CUST_0035,2023-06-28,107.89
TXN_10145,CUST_0035,2023-07-06,51.85
TXN_10146,CUST_0036,2023-04-17,54.53
TXN_10147,CUST_0036,2023-09-29,145.9
TXN_10148,CUST_0036,2023-03-19,133.07
TXN_10149,CUST_0036,2023-07-07,240.16
TXN_10150,CUST_0036,2023-03-18,223.25
TXN_10151,CUST_0037,2023-12-30,89.4
TXN_10152,CUST_0037,2023-12-30,36.47
TXN_10153,CUST_0037,2023-12-30,25.12
TXN_10154,CUST_0037,2023-12-30,108.58
TXN_10155,CUST_0038,2023-06-14,16.89
TXN_10156,CUST_0038,2023-12-17,70.73
TXN_10157,CUST_0038,2023-03-07,195.51
TXN_10158,CUST_0038,2023-05-06,116.94
TXN_10159,CUST_0038,2023-03-25,143.66
TXN_10160,CUST_0038,2023-03-29,226.87
TXN_10161,CUST_0038,2023-03-21,222.82
TXN_10162,CUST_0038,2023-05-19,209.69
TXN_10163,CUST_0038,2023-07-02,178.72
TXN_10164,CUST_0038,2023-04-05,69.97
TXN_10165,CUST_0038,2023-03-20,216.44
TXN_10166,CUST_0038,2023-08-20,118.53
TXN_10167,CUST_0038,2023-03-10,104.83
TXN_10168,CUST_0038,2023-06-03,121.78
TXN_10169,CUST_0039,2023-10-08,169.98
TXN_10170,CUST_0039,2023-10-17,43.29
TXN_10171,CUST_0039,2023-12-22,57.58
TXN_10172,CUST_0039,2023-10-10,67.33
TXN_10173,CUST_0039,2023-09-15,143.42
TXN_10174,CUST_0039,2023-09-22,52.65
TXN_10175,CUST_0039,2023-09-08,113.26
TXN_10176,CUST_0039,2023-10-28,226.02
TXN_10177,CUST_0039,2023-09-04,107.38
TXN_10178,CUST_0039,2023-09-05,18.9
TXN_10179,CUST_0040,2023-11-22,33.05
TXN_10180,CUST_0040,2023-11-20,210.09
TXN_10181,CUST_0040,2023-12-30,86.58
TXN_10182,CUST_0040,2023-11-20,80.77
TXN_10183,CUST_0040,2023-11-20,23.44
TXN_10184,CUST_0041,2023-05-14,149.88
TXN_10185,CUST_0041,2023-06-18,21.73
TXN_10186,CUST_0041,2023-07-18,17.66
TXN_10187,CUST_0041,2023-09-08,87.01
TXN_10188,CUST_0041,2023-05-14,153.26
TXN_10189,CUST_0041,2023-06-19,243.84
TXN_10190,CUST_0041,2023-07-11,79.68
TXN_10191,CUST_0041,2023-08-15,78.8
TXN_10192,CUST_0041,2023-11-09,103.06
TXN_10193,CUST_0041,2023-07-12,26.88
TXN_10194,CUST_0041,2023-06-23,210.61
TXN_10195,CUST_0041,2023-09-15,67.71
TXN_10196,CUST_0042,2023-12-05,233.64
TXN_10197,CUST_0043,2023-06-29,94.3
TXN_10198,CUST_0044,2023-02-17,191.83
TXN_10199,CUST_0044,2023-01-27,130.75
TXN_10200,CUST_0044,2023-03-28,93.58
TXN_10201,CUST_0044,2023-03-19,139.54
TXN_10202,CUST_0044,2023-02-10,149.42
TXN_10203,CUST_0044,2023-07-27,193.64
TXN_10204,CUST_0044,2023-02-09,50.07
TXN_10205,CUST_0044,2023-02-25,99.85
TXN_10206,CUST_0045,2023-11-25,23.15
TXN_10207,CUST_0045,2023-11-30,178.83
TXN_10208,CUST_0045,2023-11-27,165.75
TXN_10209,CUST_0046,2023-11-06,225.49
TXN_10210,CUST_0047,2023-10-08,111.66
TXN_10211,CUST_0048,2023-07-10,209.13
TXN_10212,CUST_0049,2023-11-13,25.64
TXN_10213,CUST_0049,2023-11-29,140.76
TXN_10214,CUST_0049,2023-11-13,23.21
TXN_10215,CUST_0049,2023-12-31,22.06
TXN_10216,CUST_0049,2023-11-21,133.59
TXN_10217,CUST_0050,2023-02-04,97.67
TXN_10218,CUST_0051,2023-11-20,83.02
TXN_10219,CUST_0051,2023-09-24,160.56
TXN_10220,CUST_0051,2023-09-20,115.46
TXN_10221,CUST_0051,2023-09-15,147.59
TXN_10222,CUST_0051,2023-11-15,62.36
TXN_10223,CUST_0051,2023-12-19,176.94
TXN_10224,CUST_0052,2023-09-25,156.75
TXN_10225,CUST_0052,2023-10-16,74.59
TXN_10226,CUST_0052,2023-10-13,130.67
TXN_10227,CUST_0052,2023-09-29,168.24
TXN_10228,CUST_0052,2023-11-11,200.99
TXN_10229,CUST_0052,2023-10-22,135.24
TXN_10230,CUST_0052,2023-09-24,82.64
TXN_10231,CUST_0052,2023-09-25,241.5
TXN_10232,CUST_0053,2023-12-13,224.05
TXN_10233,CUST_0054,2023-06-21,150.21
TXN_10234,CUST_0054,2023-04-21,79.84
TXN_10235,CUST_0055,2023-12-11,236.62
TXN_10236,CUST_0055,2023-12-09,170.37
TXN_10237,CUST_0055,2023-12-14,74.0
TXN_10238,CUST_0055,2023-12-14,64.9
TXN_10239,CUST_0055,2023-12-07,179.83
TXN_10240,CUST_0055,2023-12-07,249.27
TXN_10241,CUST_0055,2023-12-07,154.62
TXN_10242,CUST_0055,2023-12-10,44.7
TXN_10243,CUST_0055,2023-12-06,161.34
TXN_10244,CUST_0055,2023-12-19,212.87
TXN_10245,CUST_0055,2023-12-11,197.7
TXN_10246,CUST_0055,2023-12-15,185.2
TXN_10247,CUST_0055,2023-12-11,163.85
TXN_10248,CUST_0055,2023-12-19,108.5
TXN_10249,CUST_0056,2023-06-19,147.52
TXN_10250,CUST_0056,2023-06-04,31.31
TXN_10251,CUST_0056,2023-04-10,156.21
TXN_10252,CUST_0056,2023-05-09,230.56
TXN_10253,CUST_0056,2023-05-19,48.67
TXN_10254,CUST_0056,2023-07-25,83.94
TXN_10255,CUST_0057,2023-12-07,201.16
TXN_10256,CUST_0057,2023-10-28,174.71
TXN_10257,CUST_0057,2023-12-28,84.52
TXN_10258,CUST_0057,2023-09-21,78.91
TXN_10259,CUST_0057,2023-09-29,170.53
TXN_10260,CUST_0057,2023-10-24,154.46
TXN_10261,CUST_0057,2023-09-21,186.26
TXN_10262,CUST_0057,2023-10-04,171.29
TXN_10263,CUST_0057,2023-10-18,95.54
TXN_10264,CUST_0057,2023-09-25,37.19
TXN_10265,CUST_0057,2023-11-19,230.82
TXN_10266,CUST_0057,2023-10-26,39.31
TXN_10267,CUST_0057,2023-10-08,186.3
TXN_10268,CUST_0057,2023-11-10,42.78
TXN_10269,CUST_0058,2023-06-20,98.8
TXN_10270,CUST_0059,2023-07-25,141.97
TXN_10271,CUST_0060,2023-09-02,226.22
TXN_10272,CUST_0060,2023-06-06,205.88
TXN_10273,CUST_0060,2023-05-06,171.57
TXN_10274,CUST_0060,2023-12-31,68.05
TXN_10275,CUST_0060,2023-05-07,127.81
TXN_10276,CUST_0060,2023-04-05,34.04
TXN_10277,CUST_0060,2023-09-05,244.55
TXN_10278,CUST_0060,2023-05-10,35.6
TXN_10279,CUST_0060,2023-03-28,224.46
TXN_10280,CUST_0060,2023-05-20,90.21
TXN_10281,CUST_0060,2023-05-22,89.8
TXN_10282,CUST_0060,2023-05-24,217.0
TXN_10283,CUST_0061,2023-04-07,188.55
TXN_10284,CUST_0061,2023-06-14,43.1
TXN_10285,CUST_0061,2023-05-19,75.33
TXN_10286,CUST_0061,2023-08-09,115.1
TXN_10287,CUST_0062,2023-12-27,58.86
TXN_10288,CUST_0062,2023-12-26,81.87
TXN_10289,CUST_0062,2023-12-26,160.02
TXN_10290,CUST_0062,2023-12-29,61.12
TXN_10291,CUST_0062,2023-12-26,241.42
TXN_10292,CUST_0062,2023-12-26,127.45
TXN_10293,CUST_0062,2023-12-27,142.22
TXN_10294,CUST_0062,2023-12-26,28.4
TXN_10295,CUST_0062,2023-12-26,152.61
TXN_10296,CUST_0062,2023-12-27,69.93
TXN_10297,CUST_0062,2023-12-27,207.72
TXN_10298,CUST_0062,2023-12-26,132.06
TXN_10299,CUST_0063,2023-02-15,159.2
TXN_10300,CUST_0063,2023-10-05,205.33
TXN_10301,CUST_0063,2023-04-17,186.6
TXN_10302,CUST_0063,2023-02-25,165.63
TXN_10303,CUST_0063,2023-03-18,59.63
TXN_10304,CUST_0064,2023-04-10,229.16
TXN_10305,CUST_0064,2023-02-25,89.21
TXN_10306,CUST_0064,2023-03-01,195.13
TXN_10307,CUST_0064,2023-06-28,92.87
TXN_10308,CUST_0064,2023-06-19,108.05
TXN_10309,CUST_0064,2023-07-19,121.73
TXN_10310,CUST_0064,2023-04-19,234.66
TXN_10311,CUST_0064,2023-03-24,43.31
TXN_10312,CUST_0064,2023-05-25,242.79
TXN_10313,CUST_0064,2023-04-13,29.58
TXN_10314,CUST_0064,2023-04-06,133.89
TXN_10315,CUST_0064,2023-03-13,169.65
TXN_10316,CUST_0064,2023-12-31,121.16
TXN_10317,CUST_0065,2023-05-30,42.06
TXN_10318,CUST_0066,2023-09-17,159.29
TXN_10319,CUST_0066,2023-10-20,122.5
TXN_10320,CUST_0066,2023-10-04,122.02
TXN_10321,CUST_0066,2023-10-05,186.67
TXN_10322,CUST_0067,2023-11-10,57.42
TXN_10323,CUST_0068,2023-08-22,41.13
TXN_10324,CUST_0069,2023-08-12,107.06
TXN_10325,CUST_0069,2023-08-14,187.58
TXN_10326,CUST_0070,2023-02-19,144.81
TXN_10327,CUST_0071,2023-06-18,42.37
TXN_10328,CUST_0071,2023-06-30,84.43
TXN_10329,CUST_0071,2023-08-01,174.42
TXN_10330,CUST_0071,2023-08-10,49.86
TXN_10331,CUST_0071,2023-06-23,221.51
TXN_10332,CUST_0071,2023-08-05,219.44
TXN_10333,CUST_0071,2023-07-12,159.38
TXN_10334,CUST_0071,2023-07-31,89.99
TXN_10335,CUST_0071,2023-07-23,133.09
TXN_10336,CUST_0071,2023-06-26,89.03
TXN_10337,CUST_0072,2023-10-24,199.12
TXN_10338,CUST_0072,2023-08-07,236.11
TXN_10339,CUST_0072,2023-07-28,220.66
TXN_10340,CUST_0072,2023-12-31,56.63
TXN_10341,CUST_0072,2023-09-28,24.47
TXN_10342,CUST_0072,2023-08-18,136.33
TXN_10343,CUST_0072,2023-09-06,234.95
TXN_10344,CUST_0072,2023-09-19,128.1
TXN_10345,CUST_0072,2023-10-19,238.38
TXN_10346,CUST_0072,2023-07-22,245.89
TXN_10347,CUST_0072,2023-07-25,206.38
TXN_10348,CUST_0072,2023-08-07,46.06
TXN_10349,CUST_0072,2023-08-21,166.33
TXN_10350,CUST_0073,2023-09-28,155.87
TXN_10351,CUST_0074,2023-12-23,227.8
TXN_10352,CUST_0074,2023-12-25,61.27
TXN_10353,CUST_0074,2023-12-19,61.86
TXN_10354,CUST_0074,2023-12-18,133.33
TXN_10355,CUST_0074,2023-12-17,66.27
TXN_10356,CUST_0074,2023-12-29,124.54
TXN_10357,CUST_0074,2023-12-19,18.42
TXN_10358,CUST_0074,2023-12-18,218.58
TXN_10359,CUST_0074,2023-12-17,112.55
TXN_10360,CUST_0074,2023-12-17,127.41
TXN_10361,CUST_0074,2023-12-17,207.61
TXN_10362,CUST_0074,2023-12-25,200.12
TXN_10363,CUST_0074,2023-12-18,211.75
TXN_10364,CUST_0075,2023-11-01,118.83
TXN_10365,CUST_0075,2023-11-03,58.35
TXN_10366,CUST_0075,2023-11-04,105.88
TXN_10367,CUST_0075,2023-11-01,108.48
TXN_10368,CUST_0075,2023-11-14,128.57
TXN_10369,CUST_0075,2023-11-09,212.2
TXN_10370,CUST_0075,2023-11-03,133.84
TXN_10371,CUST_0075,2023-11-01,31.72
TXN_10372,CUST_0075,2023-11-17,148.01
TXN_10373,CUST_0075,2023-12-12,146.1
TXN_10374,CUST_0075,2023-12-31,26.44
TXN_10375,CUST_0076,2023-09-29,58.54
TXN_10376,CUST_0077,2023-09-02,92.64
TXN_10377,CUST_0077,2023-09-16,121.76
TXN_10378,CUST_0077,2023-09-02,235.18
TXN_10379,CUST_0077,2023-12-31,202.17
TXN_10380,CUST_0077,2023-10-12,174.93
TXN_10381,CUST_0077,2023-08-12,28.89
TXN_10382,CUST_0078,2023-12-30,48.5
TXN_10383,CUST_0078,2023-09-27,145.36
TXN_10384,CUST_0078,2023-09-12,15.98
TXN_10385,CUST_0078,2023-10-20,165.83
TXN_10386,CUST_0078,2023-09-28,130.07
TXN_10387,CUST_0078,2023-09-29,20.64
TXN_10388,CUST_0079,2023-07-20,38.13
TXN_10389,CUST_0080,2023-11-10,241.34
TXN_10390,CUST_0080,2023-10-25,130.25
TXN_10391,CUST_0080,2023-10-27,26.98
TXN_10392,CUST_0080,2023-11-14,63.83
TXN_10393,CUST_0080,2023-11-12,41.41
TXN_10394,CUST_0080,2023-11-01,198.68
TXN_10395,CUST_0080,2023-11-05,162.52
TXN_10396,CUST_0080,2023-11-15,213.28
TXN_10397,CUST_0080,2023-11-01,176.51
TXN_10398,CUST_0081,2023-08-13,108.84
TXN_10399,CUST_0081,2023-08-27,244.88
TXN_10400,CUST_0081,2023-08-11,202.8
TXN_10401,CUST_0081,2023-08-21,186.75
TXN_10402,CUST_0081,2023-08-28,150.91
TXN_10403,CUST_0081,2023-10-30,203.98
TXN_10404,CUST_0081,2023-11-10,29.01
TXN_10405,CUST_0081,2023-09-29,47.9
TXN_10406,CUST_0081,2023-08-28,143.92
TXN_10407,CUST_0081,2023-08-27,137.11
TXN_10408,CUST_0081,2023-12-31,46.78
TXN_10409,CUST_0081,2023-09-27,108.06
TXN_10410,CUST_0081,2023-08-08,52.3
TXN_10411,CUST_0081,2023-12-30,221.71
TXN_10412,CUST_0082,2023-08-23,98.28
TXN_10413,CUST_0082,2023-08-14,186.76
TXN_10414,CUST_0082,2023-09-28,153.42
TXN_10415,CUST_0082,2023-12-20,97.22
TXN_10416,CUST_0082,2023-08-10,169.14
TXN_10417,CUST_0082,2023-08-07,89.03
TXN_10418,CUST_0082,2023-08-09,31.25
TXN_10419,CUST_0082,2023-10-26,74.82
TXN_10420,CUST_0082,2023-08-29,25.18
TXN_10421,CUST_0082,2023-09-27,92.68
TXN_10422,CUST_0083,2023-10-31,187.73
TXN_10423,CUST_0083,2023-10-04,129.72
TXN_10424,CUST_0083,2023-08-31,76.41
TXN_10425,CUST_0083,2023-09-17,155.84
TXN_10426,CUST_0083,2023-09-24,82.72
TXN_10427,CUST_0083,2023-08-25,131.62
TXN_10428,CUST_0083,2023-09-08,187.63
TXN_10429,CUST_0083,2023-08-26,152.43
TXN_10430,CUST_0083,2023-12-24,55.99
TXN_10431,CUST_0083,2023-09-21,36.48
TXN_10432,CUST_0084,2023-12-08,44.46
TXN_10433,CUST_0084,2023-12-06,165.89
TXN_10434,CUST_0085,2023-05-03,43.6
TXN_10435,CUST_0086,2023-11-03,204.97
TXN_10436,CUST_0086,2023-11-02,84.5
TXN_10437,CUST_0086,2023-10-15,91.94
TXN_10438,CUST_0087,2023-08-14,200.81
TXN_10439,CUST_0088,2023-09-30,154.6
TXN_10440,CUST_0089,2023-09-01,34.17
TXN_10441,CUST_0089,2023-07-12,55.38
TXN_10442,CUST_0089,2023-08-19,65.29
TXN_10443,CUST_0089,2023-07-26,109.07
TXN_10444,CUST_0089,2023-10-13,18.26
TXN_10445,CUST_0089,2023-09-06,172.19
TXN_10446,CUST_0089,2023-10-09,234.2
TXN_10447,CUST_0090,2023-02-28,223.25
TXN_10448,CUST_0091,2023-09-28,223.19
TXN_10449,CUST_0091,2023-10-01,19.45
TXN_10450,CUST_0091,2023-09-06,63.97
TXN_10451,CUST_0091,2023-06-15,165.04
TXN_10452,CUST_0091,2023-07-02,28.42
TXN_10453,CUST_0092,2023-01-15,227.26
TXN_10454,CUST_0093,2023-11-02,112.82
TXN_10455,CUST_0094,2023-11-03,24.47
TXN_10456,CUST_0095,2023-12-14,64.28
TXN_10457,CUST_0095,2023-12-31,166.72
TXN_10458,CUST_0095,2023-12-29,86.3
TXN_10459,CUST_0095,2023-12-21,194.98
TXN_10460,CUST_0095,2023-12-18,241.93
TXN_10461,CUST_0095,2023-12-14,45.72
TXN_10462,CUST_0095,2023-12-18,186.39
TXN_10463,CUST_0096,2023-12-09,101.24
TXN_10464,CUST_0096,2023-11-25,63.55
TXN_10465,CUST_0096,2023-11-27,164.48
TXN_10466,CUST_0096,2023-11-29,16.6
TXN_10467,CUST_0096,2023-12-02,231.56
TXN_10468,CUST_0096,2023-12-14,208.92
TXN_10469,CUST_0096,2023-12-13,91.08
TXN_10470,CUST_0096,2023-12-11,48.64
TXN_10471,CUST_0096,2023-12-06,165.77
TXN_10472,CUST_0096,2023-11-23,200.17
TXN_10473,CUST_0096,2023-12-22,77.84
TXN_10474,CUST_0097,2023-02-23,205.07
TXN_10475,CUST_0097,2023-09-13,86.08
TXN_10476,CUST_0097,2023-08-29,216.45
TXN_10477,CUST_0098,2023-12-26,37.91
TXN_10478,CUST_0098,2023-12-23,92.12
TXN_10479,CUST_0098,2023-12-10,172.3
TXN_10480,CUST_0098,2023-12-11,72.24
TXN_10481,CUST_0098,2023-12-12,29.97
TXN_10482,CUST_0098,2023-12-11,16.21
TXN_10483,CUST_0098,2023-12-14,34.8
TXN_10484,CUST_0098,2023-12-18,70.37
TXN_10485,CUST_0098,2023-12-30,219.74
TXN_10486,CUST_0098,2023-12-12,199.06
TXN_10487,CUST_0099,2023-08-13,189.36
TXN_10488,CUST_0099,2023-08-06,74.29
TXN_10489,CUST_0099,2023-10-18,54.68
TXN_10490,CUST_0099,2023-05-13,183.6
TXN_10491,CUST_0099,2023-06-28,214.54
TXN_10492,CUST_0099,2023-06-16,54.55
TXN_10493,CUST_0099,2023-09-28,143.99
TXN_10494,CUST_0099,2023-05-25,184.29
TXN_10495,CUST_0099,2023-07-04,157.01
TXN_10496,CUST_0099,2023-06-26,209.75
TXN_10497,CUST_0099,2023-09-25,181.71
TXN_10498,CUST_0099,2023-05-17,212.13
TXN_10499,CUST_0099,2023-08-04,178.8
TXN_10500,CUST_0099,2023-06-13,221.63
TXN_10501,CUST_0100,2023-07-27,86.98
TXN_10502,CUST_0100,2023-06-15,31.67
TXN_10503,CUST_0100,2023-06-17,217.69
TXN_10504,CUST_0100,2023-06-05,178.37
TXN_10505,CUST_0100,2023-07-30,217.92
TXN_10506,CUST_0100,2023-05-26,244.73
TXN_10507,CUST_0100,2023-07-21,248.94
TXN_10508,CUST_0100,2023-11-17,67.06
TXN_10509,CUST_0101,2023-04-02,138.98
TXN_10510,CUST_0102,2023-06-01,123.71
TXN_10511,CUST_0103,2023-04-03,112.73
TXN_10512,CUST_0104,2023-07-16,126.39
TXN_10513,CUST_0105,2023-11-07,112.56
TXN_10514,CUST_0105,2023-10-29,199.49
TXN_10515,CUST_0105,2023-10-21,207.76
TXN_10516,CUST_0105,2023-11-11,113.46
TXN_10517,CUST_0105,2023-10-31,75.31
TXN_10518,CUST_0105,2023-11-20,135.53
TXN_10519,CUST_0105,2023-10-25,155.07
TXN_10520,CUST_0105,2023-12-31,117.29
TXN_10521,CUST_0105,2023-12-19,96.08
TXN_10522,CUST_0105,2023-10-17,63.0
TXN_10523,CUST_0106,2023-09-21,145.15
TXN_10524,CUST_0106,2023-10-12,81.13
TXN_10525,CUST_0106,2023-11-16,191.92
TXN_10526,CUST_0106,2023-11-02,220.91
TXN_10527,CUST_0106,2023-11-01,69.48
TXN_10528,CUST_0106,2023-10-30,87.31
TXN_10529,CUST_0106,2023-09-27,32.16
TXN_10530,CUST_0106,2023-11-04,182.09
TXN_10531,CUST_0106,2023-09-27,191.1
TXN_10532,CUST_0106,2023-12-13,40.39
TXN_10533,CUST_0107,2023-10-19,79.51
TXN_10534,CUST_0108,2023-08-04,95.19
TXN_10535,CUST_0108,2023-04-14,173.76
TXN_10536,CUST_0108,2023-04-27,217.44
TXN_10537,CUST_0108,2023-09-15,17.33
TXN_10538,CUST_0108,2023-07-22,123.27
TXN_10539,CUST_0108,2023-12-31,128.56
TXN_10540,CUST_0108,2023-12-31,192.32
TXN_10541,CUST_0108,2023-03-12,141.52
TXN_10542,CUST_0108,2023-12-31,216.52
TXN_10543,CUST_0109,2023-06-14,96.21
TXN_10544,CUST_0110,2023-06-23,70.17
TXN_10545,CUST_0111,2023-10-24,15.14
TXN_10546,CUST_0111,2023-08-09,71.67
TXN_10547,CUST_0111,2023-08-03,31.02
TXN_10548,CUST_0111,2023-07-31,145.55
TXN_10549,CUST_0111,2023-08-07,113.09
TXN_10550,CUST_0112,2023-12-19,227.75
TXN_10551,CUST_0113,2023-10-19,212.4
TXN_10552,CUST_0113,2023-10-08,181.59
TXN_10553,CUST_0113,2023-12-31,88.94
TXN_10554,CUST_0113,2023-10-31,213.41
TXN_10555,CUST_0113,2023-12-14,183.71
TXN_10556,CUST_0113,2023-10-05,91.68
TXN_10557,CUST_0113,2023-09-25,193.81
TXN_10558,CUST_0113,2023-09-26,218.19
TXN_10559,CUST_0113,2023-09-29,55.39
TXN_10560,CUST_0113,2023-10-15,188.4
TXN_10561,CUST_0114,2023-04-07,128.47
TXN_10562,CUST_0115,2023-03-01,211.56
TXN_10563,CUST_0116,2023-08-22,223.72
TXN_10564,CUST_0116,2023-03-25,81.78
TXN_10565,CUST_0117,2023-08-27,107.43
TXN_10566,CUST_0118,2023-11-10,179.72
TXN_10567,CUST_0118,2023-10-25,120.09
TXN_10568,CUST_0118,2023-12-01,168.86
TXN_10569,CUST_0118,2023-11-01,170.89
TXN_10570,CUST_0118,2023-10-23,109.35
TXN_10571,CUST_0118,2023-11-26,66.82
TXN_10572,CUST_0118,2023-10-24,238.44
TXN_10573,CUST_0118,2023-10-25,76.32
TXN_10574,CUST_0119,2023-04-12,57.09
TXN_10575,CUST_0119,2023-05-23,237.73
TXN_10576,CUST_0120,2023-09-21,40.54
TXN_10577,CUST_0121,2023-12-27,127.37
TXN_10578,CUST_0121,2023-12-28,162.71
TXN_10579,CUST_0121,2023-12-27,120.82
TXN_10580,CUST_0121,2023-12-27,190.24
TXN_10581,CUST_0121,2023-12-28,178.69
TXN_10582,CUST_0121,2023-12-30,207.78
TXN_10583,CUST_0121,2023-12-27,172.78
TXN_10584,CUST_0121,2023-12-30,160.5
TXN_10585,CUST_0122,2023-09-11,71.83
TXN_10586,CUST_0122,2023-08-29,242.42
TXN_10587,CUST_0122,2023-09-24,147.63
TXN_10588,CUST_0122,2023-12-16,152.83
TXN_10589,CUST_0122,2023-09-08,193.44
TXN_10590,CUST_0123,2023-07-31,57.34
TXN_10591,CUST_0123,2023-02-16,222.67
TXN_10592,CUST_0123,2023-03-22,175.71
TXN_10593,CUST_0123,2023-02-06,177.16
TXN_10594,CUST_0123,2023-03-17,28.1
TXN_10595,CUST_0123,2023-05-18,71.59
TXN_10596,CUST_0123,2023-03-29,33.94
TXN_10597,CUST_0123,2023-02-21,85.02
TXN_10598,CUST_0123,2023-02-14,229.04
TXN_10599,CUST_0123,2023-02-04,128.71
TXN_10600,CUST_0123,2023-02-18,87.3
TXN_10601,CUST_0123,2023-11-17,53.0
TXN_10602,CUST_0124,2023-10-11,71.45
TXN_10603,CUST_0124,2023-09-10,81.36
TXN_10604,CUST_0124,2023-08-18,221.0
TXN_10605,CUST_0124,2023-10-14,85.84
TXN_10606,CUST_0124,2023-09-26,62.3
TXN_10607,CUST_0124,2023-11-24,42.0
TXN_10608,CUST_0124,2023-08-15,132.97
TXN_10609,CUST_0124,2023-09-24,151.06
TXN_10610,CUST_0124,2023-08-17,88.8
TXN_10611,CUST_0125,2023-05-03,189.82
TXN_10612,CUST_0125,2023-11-18,114.59
TXN_10613,CUST_0125,2023-05-17,240.96
TXN_10614,CUST_0125,2023-06-01,129.93
TXN_10615,CUST_0125,2023-05-19,228.74
TXN_10616,CUST_0125,2023-06-24,194.11
TXN_10617,CUST_0125,2023-09-04,95.33
TXN_10618,CUST_0125,2023-05-31,214.39
TXN_10619,CUST_0125,2023-05-20,201.57
TXN_10620,CUST_0125,2023-12-16,161.45
TXN_10621,CUST_0125,2023-08-08,204.2
TXN_10622,CUST_0125,2023-09-22,107.84
TXN_10623,CUST_0125,2023-04-15,109.44
TXN_10624,CUST_0126,2023-07-18,124.09
TXN_10625,CUST_0126,2023-07-25,127.87
TXN_10626,CUST_0126,2023-08-03,66.49
TXN_10627,CUST_0126,2023-05-20,155.16
TXN_10628,CUST_0126,2023-07-01,21.31
TXN_10629,CUST_0126,2023-06-17,39.94
TXN_10630,CUST_0126,2023-07-09,108.01
TXN_10631,CUST_0126,2023-07-24,204.32
TXN_10632,CUST_0126,2023-06-07,241.09
TXN_10633,CUST_0126,2023-07-09,160.3
TXN_10634,CUST_0126,2023-08-08,171.68
TXN_10635,CUST_0127,2023-09-15,20.19
TXN_10636,CUST_0127,2023-09-29,93.41
TXN_10637,CUST_0127,2023-10-01,47.52
TXN_10638,CUST_0127,2023-11-01,216.39
TXN_10639,CUST_0127,2023-12-23,130.71
TXN_10640,CUST_0128,2023-03-11,87.71
TXN_10641,CUST_0128,2023-12-02,136.18
TXN_10642,CUST_0128,2023-03-28,56.93
TXN_10643,CUST_0128,2023-01-18,212.9
TXN_10644,CUST_0128,2023-04-29,91.57
TXN_10645,CUST_0129,2023-09-14,152.22
TXN_10646,CUST_0130,2023-11-20,34.8
TXN_10647,CUST_0131,2023-12-27,79.42
TXN_10648,CUST_0132,2023-11-12,140.81
TXN_10649,CUST_0132,2023-11-06,61.17
TXN_10650,CUST_0132,2023-10-16,24.75
TXN_10651,CUST_0132,2023-10-20,146.54
TXN_10652,CUST_0132,2023-12-02,171.73
TXN_10653,CUST_0132,2023-10-25,238.98
TXN_10654,CUST_0133,2023-08-06,36.79
TXN_10655,CUST_0133,2023-09-04,208.09
TXN_10656,CUST_0133,2023-07-31,201.09
TXN_10657,CUST_0133,2023-10-21,128.33
TXN_10658,CUST_0133,2023-07-29,56.03
TXN_10659,CUST_0133,2023-09-28,182.27
TXN_10660,CUST_0133,2023-11-23,151.93
TXN_10661,CUST_0133,2023-08-01,43.53
TXN_10662,CUST_0133,2023-10-01,58.19
TXN_10663,CUST_0133,2023-08-15,129.49
TXN_10664,CUST_0133,2023-07-27,73.47
TXN_10665,CUST_0133,2023-08-22,80.71
TXN_10666,CUST_0133,2023-08-02,186.08
TXN_10667,CUST_0134,2023-07-07,105.61
TXN_10668,CUST_0134,2023-04-07,216.16
TXN_10669,CUST_0134,2023-06-25,204.2
TXN_10670,CUST_0134,2023-02-01,31.38
TXN_10671,CUST_0134,2023-10-03,106.14
TXN_10672,CUST_0134,2023-02-23,185.3
TXN_10673,CUST_0134,2023-08-14,217.69
TXN_10674,CUST_0134,2023-02-28,215.27
TXN_10675,CUST_0134,2023-01-19,26.67
TXN_10676,CUST_0135,2023-12-16,35.07
TXN_10677,CUST_0135,2023-12-31,136.73
TXN_10678,CUST_0135,2023-12-18,70.6
TXN_10679,CUST_0135,2023-12-16,115.85
TXN_10680,CUST_0135,2023-12-12,39.95
TXN_10681,CUST_0135,2023-12-23,71.36
TXN_10682,CUST_0135,2023-12-13,133.65
TXN_10683,CUST_0136,2023-05-14,43.01
TXN_10684,CUST_0136,2023-02-14,27.39
TXN_10685,CUST_0136,2023-08-23,42.72
TXN_10686,CUST_0136,2023-02-15,117.91
TXN_10687,CUST_0136,2023-08-30,76.67
TXN_10688,CUST_0136,2023-04-10,24.38
TXN_10689,CUST_0136,2023-04-16,150.74
TXN_10690,CUST_0136,2023-05-13,93.12
TXN_10691,CUST_0136,2023-03-23,40.06
TXN_10692,CUST_0136,2023-04-01,38.38
TXN_10693,CUST_0136,2023-07-17,242.07
TXN_10694,CUST_0137,2023-08-12,81.88
TXN_10695,CUST_0137,2023-08-12,214.32
TXN_10696,CUST_0137,2023-09-07,83.16
TXN_10697,CUST_0137,2023-07-11,77.32
TXN_10698,CUST_0137,2023-07-09,37.48
TXN_10699,CUST_0138,2023-05-09,229.51
TXN_10700,CUST_0138,2023-06-06,143.41
TXN_10701,CUST_0138,2023-04-01,95.67
TXN_10702,CUST_0138,2023-09-12,146.42
TXN_10703,CUST_0138,2023-05-15,38.4
TXN_10704,CUST_0138,2023-03-05,241.47
TXN_10705,CUST_0138,2023-04-20,156.76
TXN_10706,CUST_0138,2023-03-12,175.53
TXN_10707,CUST_0138,2023-11-30,150.28
TXN_10708,CUST_0138,2023-03-17,151.7
TXN_10709,CUST_0139,2023-12-21,60.11
TXN_10710,CUST_0139,2023-12-23,78.81
TXN_10711,CUST_0139,2023-12-19,213.57
TXN_10712,CUST_0139,2023-12-20,172.39
TXN_10713,CUST_0139,2023-12-20,85.03
TXN_10714,CUST_0139,2023-12-22,51.39
TXN_10715,CUST_0140,2023-08-29,178.51
TXN_10716,CUST_0141,2023-09-14,125.11
TXN_10717,CUST_0141,2023-09-04,246.39
TXN_10718,CUST_0141,2023-09-07,45.63
TXN_10719,CUST_0141,2023-09-07,195.73
TXN_10720,CUST_0141,2023-09-20,147.87
TXN_10721,CUST_0141,2023-08-29,23.09
TXN_10722,CUST_0141,2023-09-22,206.91
TXN_10723,CUST_0141,2023-11-26,35.38
TXN_10724,CUST_0142,2023-06-06,160.98
TXN_10725,CUST_0142,2023-03-06,244.59
TXN_10726,CUST_0142,2023-03-14,119.64
TXN_10727,CUST_0142,2023-05-01,206.07
TXN_10728,CUST_0142,2023-03-03,115.73
TXN_10729,CUST_0142,2023-06-04,65.56
TXN_10730,CUST_0142,2023-06-04,232.06
TXN_10731,CUST_0143,2023-08-27,188.56
TXN_10732,CUST_0143,2023-04-11,106.0
TXN_10733,CUST_0143,2023-05-05,86.56
TXN_10734,CUST_0143,2023-12-31,166.05
TXN_10735,CUST_0143,2023-07-28,244.51
TXN_10736,CUST_0143,2023-05-18,203.43
TXN_10737,CUST_0143,2023-05-27,219.34
TXN_10738,CUST_0143,2023-04-23,237.71
TXN_10739,CUST_0143,2023-04-28,91.66
TXN_10740,CUST_0143,2023-08-10,107.53
TXN_10741,CUST_0143,2023-06-29,119.47
TXN_10742,CUST_0143,2023-08-05,68.66
TXN_10743,CUST_0144,2023-08-26,126.46
TXN_10744,CUST_0145,2023-09-07,109.0
TXN_10745,CUST_0146,2023-10-01,222.82
TXN_10746,CUST_0147,2023-07-29,171.21
TXN_10747,CUST_0148,2023-07-11,152.54
TXN_10748,CUST_0148,2023-07-09,234.48
TXN_10749,CUST_0149,2023-07-26,134.37
TXN_10750,CUST_0150,2023-04-25,216.36
TXN_10751,CUST_0150,2023-04-14,99.53
TXN_10752,CUST_0150,2023-04-30,183.58
TXN_10753,CUST_0150,2023-04-10,235.64
TXN_10754,CUST_0151,2023-03-29,192.88
TXN_10755,CUST_0152,2023-10-22,127.93
TXN_10756,CUST_0152,2023-06-13,144.18
TXN_10757,CUST_0152,2023-07-15,221.27
TXN_10758,CUST_0153,2023-12-15,146.06
TXN_10759,CUST_0154,2023-12-31,135.46
TXN_10760,CUST_0155,2023-09-25,216.6
TXN_10761,CUST_0156,2023-04-15,45.33
TXN_10762,CUST_0157,2023-11-20,125.83
TXN_10763,CUST_0158,2023-03-25,93.19
TXN_10764,CUST_0159,2023-06-19,122.33
TXN_10765,CUST_0159,2023-07-14,27.33
TXN_10766,CUST_0159,2023-07-27,74.87
TXN_10767,CUST_0159,2023-07-17,180.82
TXN_10768,CUST_0159,2023-08-05,44.29
TXN_10769,CUST_0159,2023-12-31,164.44
TXN_10770,CUST_0160,2023-02-16,197.0
TXN_10771,CUST_0160,2023-03-01,124.91
TXN_10772,CUST_0161,2023-05-03,83.21
TXN_10773,CUST_0161,2023-05-25,41.3
TXN_10774,CUST_0161,2023-06-05,148.58
TXN_10775,CUST_0161,2023-08-08,246.87
TXN_10776,CUST_0161,2023-04-01,134.77
TXN_10777,CUST_0161,2023-10-30,199.52
TXN_10778,CUST_0161,2023-05-09,237.16
TXN_10779,CUST_0162,2023-12-05,26.87
TXN_10780,CUST_0163,2023-12-31,48.56
TXN_10781,CUST_0163,2023-11-03,81.4
TXN_10782,CUST_0163,2023-10-19,110.17
TXN_10783,CUST_0163,2023-12-31,27.92
TXN_10784,CUST_0163,2023-11-03,34.4
TXN_10785,CUST_0163,2023-10-15,118.3
TXN_10786,CUST_0163,2023-10-30,75.82
TXN_10787,CUST_0163,2023-10-21,35.44
TXN_10788,CUST_0163,2023-10-20,242.14
TXN_10789,CUST_0163,2023-12-28,93.7
TXN_10790,CUST_0164,2023-07-24,161.93
TXN_10791,CUST_0164,2023-12-05,174.73
TXN_10792,CUST_0164,2023-05-02,158.4
TXN_10793,CUST_0164,2023-12-14,200.23
TXN_10794,CUST_0164,2023-01-30,140.52
TXN_10795,CUST_0164,2023-06-07,190.94
TXN_10796,CUST_0164,2023-02-23,218.79
TXN_10797,CUST_0164,2023-12-31,70.63
TXN_10798,CUST_0165,2023-05-03,244.7
TXN_10799,CUST_0165,2023-09-29,132.11
TXN_10800,CUST_0165,2023-07-06,68.41
TXN_10801,CUST_0165,2023-06-24,178.32
TXN_10802,CUST_0165,2023-06-19,247.72
TXN_10803,CUST_0165,2023-07-07,102.18
TXN_10804,CUST_0165,2023-08-22,55.06
TXN_10805,CUST_0165,2023-05-29,96.54
TXN_10806,CUST_0165,2023-06-05,198.72
TXN_10807,CUST_0166,2023-05-01,202.21
TXN_10808,CUST_0166,2023-03-29,180.79
TXN_10809,CUST_0166,2023-03-07,191.39
TXN_10810,CUST_0166,2023-03-13,48.73
TXN_10811,CUST_0166,2023-03-06,57.78
TXN_10812,CUST_0166,2023-04-30,213.53
TXN_10813,CUST_0166,2023-02-21,181.13
TXN_10814,CUST_0166,2023-06-06,220.04
TXN_10815,CUST_0166,2023-03-14,120.78
TXN_10816,CUST_0166,2023-11-18,170.1
TXN_10817,CUST_0166,2023-04-06,45.88
TXN_10818,CUST_0166,2023-03-17,151.59
TXN_10819,CUST_0166,2023-06-28,44.24
TXN_10820,CUST_0166,2023-05-21,144.33
TXN_10821,CUST_0167,2023-12-21,90.9
TXN_10822,CUST_0167,2023-12-24,52.75
TXN_10823,CUST_0167,2023-12-07,77.69
TXN_10824,CUST_0167,2023-12-07,69.13
TXN_10825,CUST_0167,2023-12-06,208.11
TXN_10826,CUST_0168,2023-11-18,26.26
TXN_10827,CUST_0169,2023-11-29,87.73
TXN_10828,CUST_0169,2023-12-31,111.61
TXN_10829,CUST_0169,2023-12-03,150.49
TXN_10830,CUST_0169,2023-12-31,71.78
TXN_10831,CUST_0169,2023-12-09,183.26
TXN_10832,CUST_0169,2023-12-07,35.82
TXN_10833,CUST_0169,2023-12-09,30.06
TXN_10834,CUST_0169,2023-12-07,188.8
TXN_10835,CUST_0169,2023-11-29,212.78
TXN_10836,CUST_0169,2023-11-27,213.3
TXN_10837,CUST_0169,2023-12-03,66.13
TXN_10838,CUST_0169,2023-11-28,239.03
TXN_10839,CUST_0169,2023-11-27,61.79
TXN_10840,CUST_0170,2023-07-23,143.03
TXN_10841,CUST_0171,2023-12-15,71.11
TXN_10842,CUST_0172,2023-09-11,180.45
TXN_10843,CUST_0173,2023-08-04,106.87
TXN_10844,CUST_0174,2023-09-07,119.43
TXN_10845,CUST_0174,2023-08-29,183.4
TXN_10846,CUST_0174,2023-09-02,77.93
TXN_10847,CUST_0174,2023-09-08,36.5
TXN_10848,CUST_0174,2023-10-16,17.96
TXN_10849,CUST_0174,2023-09-30,57.97
TXN_10850,CUST_0174,2023-08-25,164.37
TXN_10851,CUST_0174,2023-12-31,197.76
TXN_10852,CUST_0174,2023-08-24,56.37
TXN_10853,CUST_0174,2023-11-14,119.38
TXN_10854,CUST_0174,2023-08-19,217.62
TXN_10855,CUST_0174,2023-10-31,246.22
TXN_10856,CUST_0175,2023-12-31,67.91
TXN_10857,CUST_0175,2023-11-08,158.28
TXN_10858,CUST_0175,2023-12-16,51.75
TXN_10859,CUST_0175,2023-11-17,148.54
TXN_10860,CUST_0175,2023-10-18,126.49
TXN_10861,CUST_0175,2023-10-21,151.14
TXN_10862,CUST_0175,2023-12-09,148.79
TXN_10863,CUST_0175,2023-11-06,136.91
TXN_10864,CUST_0176,2023-05-22,130.62
TXN_10865,CUST_0177,2023-05-12,133.47
TXN_10866,CUST_0178,2023-09-03,124.04
TXN_10867,CUST_0179,2023-12-17,218.91
TXN_10868,CUST_0180,2023-12-26,85.92
TXN_10869,CUST_0180,2023-12-29,162.68
TXN_10870,CUST_0180,2023-12-26,24.11
TXN_10871,CUST_0180,2023-12-26,194.72
TXN_10872,CUST_0180,2023-12-25,204.59
TXN_10873,CUST_0180,2023-12-25,208.58
TXN_10874,CUST_0180,2023-12-25,218.55
TXN_10875,CUST_0180,2023-12-26,84.69
TXN_10876,CUST_0180,2023-12-25,116.52
TXN_10877,CUST_0180,2023-12-31,66.78
TXN_10878,CUST_0180,2023-12-25,152.48
TXN_10879,CUST_0180,2023-12-26,138.19
TXN_10880,CUST_0181,2023-11-28,117.38
TXN_10881,CUST_0181,2023-07-24,189.44
TXN_10882,CUST_0181,2023-09-12,89.2
TXN_10883,CUST_0181,2023-09-09,66.67
TXN_10884,CUST_0181,2023-08-18,226.36
TXN_10885,CUST_0181,2023-07-24,105.87
TXN_10886,CUST_0181,2023-10-20,242.83
TXN_10887,CUST_0181,2023-08-19,134.14
TXN_10888,CUST_0181,2023-09-02,234.1
TXN_10889,CUST_0181,2023-11-02,55.09
TXN_10890,CUST_0181,2023-08-17,124.04
TXN_10891,CUST_0181,2023-10-11,156.68
TXN_10892,CUST_0182,2023-08-15,185.45
TXN_10893,CUST_0182,2023-10-01,243.99
TXN_10894,CUST_0182,2023-12-31,30.34
TXN_10895,CUST_0182,2023-09-25,166.88
TXN_10896,CUST_0182,2023-08-04,45.16
TXN_10897,CUST_0182,2023-08-04,245.88
TXN_10898,CUST_0182,2023-11-17,118.2
TXN_10899,CUST_0183,2023-11-21,209.2
TXN_10900,CUST_0184,2023-06-17,115.32
TXN_10901,CUST_0184,2023-07-26,233.21
TXN_10902,CUST_0184,2023-08-21,88.24
TXN_10903,CUST_0184,2023-08-02,30.52
TXN_10904,CUST_0184,2023-12-31,99.61
TXN_10905,CUST_0184,2023-07-27,98.49
TXN_10906,CUST_0184,2023-08-29,170.62
TXN_10907,CUST_0184,2023-09-05,78.01
TXN_10908,CUST_0184,2023-07-09,44.43
TXN_10909,CUST_0184,2023-08-24,24.35
TXN_10910,CUST_0184,2023-08-13,219.38
TXN_10911,CUST_0185,2023-12-31,131.09
TXN_10912,CUST_0185,2023-11-15,188.15
TXN_10913,CUST_0185,2023-09-14,149.6
TXN_10914,CUST_0185,2023-08-19,235.35
TXN_10915,CUST_0185,2023-09-02,119.85
TXN_10916,CUST_0185,2023-10-03,93.47
TXN_10917,CUST_0185,2023-08-26,163.3
TXN_10918,CUST_0185,2023-08-14,184.37
TXN_10919,CUST_0185,2023-09-15,157.35
TXN_10920,CUST_0186,2023-11-18,36.47
TXN_10921,CUST_0186,2023-11-30,151.87
TXN_10922,CUST_0186,2023-11-06,59.23
TXN_10923,CUST_0186,2023-11-06,28.4
TXN_10924,CUST_0186,2023-11-20,212.48
TXN_10925,CUST_0186,2023-11-03,26.52
TXN_10926,CUST_0186,2023-11-19,207.58
TXN_10927,CUST_0186,2023-11-10,97.16
TXN_10928,CUST_0186,2023-11-20,79.44
TXN_10929,CUST_0186,2023-11-03,187.78
TXN_10930,CUST_0186,2023-11-21,151.48
TXN_10931,CUST_0186,2023-11-29,173.68
TXN_10932,CUST_0186,2023-11-07,97.83
TXN_10933,CUST_0186,2023-11-05,45.52
TXN_10934,CUST_0187,2023-10-03,33.19
TXN_10935,CUST_0187,2023-09-22,95.68
TXN_10936,CUST_0187,2023-09-08,156.53
TXN_10937,CUST_0187,2023-09-07,197.57
TXN_10938,CUST_0187,2023-08-25,170.19
TXN_10939,CUST_0187,2023-11-02,173.12
TXN_10940,CUST_0188,2023-07-12,165.51
TXN_10941,CUST_0188,2023-07-15,240.12
TXN_10942,CUST_0188,2023-06-23,151.25
TXN_10943,CUST_0188,2023-07-02,182.37
TXN_10944,CUST_0188,2023-07-03,70.32
TXN_10945,CUST_0188,2023-08-03,229.99
TXN_10946,CUST_0188,2023-07-06,48.9
TXN_10947,CUST_0188,2023-09-20,132.65
TXN_10948,CUST_0188,2023-11-24,49.45
TXN_10949,CUST_0189,2023-11-08,149.87
TXN_10950,CUST_0189,2023-07-01,210.68
TXN_10951,CUST_0189,2023-07-19,229.23
TXN_10952,CUST_0189,2023-12-04,53.87
TXN_10953,CUST_0189,2023-06-01,246.22
TXN_10954,CUST_0189,2023-11-15,28.03
TXN_10955,CUST_0189,2023-10-06,122.58
TXN_10956,CUST_0190,2023-12-16,61.22
TXN_10957,CUST_0191,2023-11-18,54.66
TXN_10958,CUST_0191,2023-12-31,121.43
TXN_10959,CUST_0191,2023-12-25,174.05
TXN_10960,CUST_0192,2023-04-24,86.38
TXN_10961,CUST_0193,2023-08-27,39.6
TXN_10962,CUST_0194,2023-07-05,114.52
TXN_10963,CUST_0194,2023-08-05,187.41
TXN_10964,CUST_0195,2023-05-08,232.08
TXN_10965,CUST_0195,2023-09-14,98.21
TXN_10966,CUST_0195,2023-07-21,141.26
TXN_10967,CUST_0195,2023-07-26,175.43
TXN_10968,CUST_0195,2023-07-15,77.53
TXN_10969,CUST_0196,2023-11-23,224.38
TXN_10970,CUST_0197,2023-04-19,95.31
TXN_10971,CUST_0197,2023-03-14,16.61
TXN_10972,CUST_0197,2023-04-27,176.13
TXN_10973,CUST_0197,2023-03-19,45.97
TXN_10974,CUST_0197,2023-10-06,79.63
TXN_10975,CUST_0197,2023-03-19,216.42
TXN_10976,CUST_0197,2023-08-17,120.36
TXN_10977,CUST_0197,2023-05-02,66.17
TXN_10978,CUST_0197,2023-03-01,149.76
TXN_10979,CUST_0197,2023-03-03,120.58
TXN_10980,CUST_0198,2023-12-01,188.3
TXN_10981,CUST_0198,2023-10-04,30.81
TXN_10982,CUST_0198,2023-10-05,229.37
TXN_10983,CUST_0198,2023-10-27,184.45
TXN_10984,CUST_0198,2023-10-04,184.06
TXN_10985,CUST_0198,2023-09-25,103.2
TXN_10986,CUST_0199,2023-10-24,226.06
TXN_10987,CUST_0199,2023-12-24,245.25
TXN_10988,CUST_0199,2023-12-08,55.88
TXN_10989,CUST_0199,2023-10-23,151.21
TXN_10990,CUST_0199,2023-12-17,56.68
TXN_10991,CUST_0199,2023-10-22,204.29
TXN_10992,CUST_0199,2023-10-23,112.22
TXN_10993,CUST_0199,2023-11-17,70.65
TXN_10994,CUST_0199,2023-10-24,195.95
TXN_10995,CUST_0199,2023-11-14,247.3
TXN_10996,CUST_0200,2023-04-28,187.57
TXN_10997,CUST_0201,2023-05-08,206.75
TXN_10998,CUST_0201,2023-05-22,35.77
TXN_10999,CUST_0201,2023-05-17,245.63
TXN_11000,CUST_0202,2023-08-04,227.93
TXN_11001,CUST_0202,2023-05-05,27.77
TXN_11002,CUST_0202,2023-04-24,48.75
TXN_11003,CUST_0202,2023-07-22,185.96
TXN_11004,CUST_0202,2023-08-30,72.27
TXN_11005,CUST_0202,2023-05-23,128.54
TXN_11006,CUST_0202,2023-04-28,158.62
TXN_11007,CUST_0202,2023-12-31,99.79
TXN_11008,CUST_0202,2023-08-18,132.51
TXN_11009,CUST_0202,2023-05-04,151.83
TXN_11010,CUST_0203,2023-03-25,164.21
TXN_11011,CUST_0204,2023-10-08,154.92
TXN_11012,CUST_0204,2023-11-12,111.57
TXN_11013,CUST_0204,2023-08-30,163.05
TXN_11014,CUST_0204,2023-08-07,48.91
TXN_11015,CUST_0204,2023-07-11,18.92
TXN_11016,CUST_0204,2023-11-05,70.57
TXN_11017,CUST_0204,2023-07-20,187.97
TXN_11018,CUST_0205,2023-06-21,53.19
TXN_11019,CUST_0206,2023-06-03,171.12
TXN_11020,CUST_0206,2023-02-21,19.49
TXN_11021,CUST_0206,2023-05-23,237.19
TXN_11022,CUST_0206,2023-05-02,117.29
TXN_11023,CUST_0206,2023-04-02,61.91
TXN_11024,CUST_0207,2023-08-17,119.03
TXN_11025,CUST_0207,2023-08-21,69.76
TXN_11026,CUST_0207,2023-09-18,153.28
TXN_11027,CUST_0207,2023-05-28,70.63
TXN_11028,CUST_0207,2023-07-26,210.04
TXN_11029,CUST_0207,2023-06-21,75.7
TXN_11030,CUST_0207,2023-10-15,172.28
TXN_11031,CUST_0207,2023-06-25,129.66
TXN_11032,CUST_0207,2023-05-27,162.3
TXN_11033,CUST_0207,2023-06-13,248.98
TXN_11034,CUST_0207,2023-06-30,129.18
TXN_11035,CUST_0207,2023-07-14,230.44
TXN_11036,CUST_0207,2023-09-13,121.02
TXN_11037,CUST_0208,2023-10-08,160.41
TXN_11038,CUST_0208,2023-08-12,66.17
TXN_11039,CUST_0208,2023-08-21,210.46
TXN_11040,CUST_0208,2023-09-07,129.4
TXN_11041,CUST_0208,2023-12-18,164.72
TXN_11042,CUST_0208,2023-11-26,122.28
TXN_11043,CUST_0208,2023-08-15,233.53
TXN_11044,CUST_0208,2023-09-06,57.68
TXN_11045,CUST_0208,2023-08-25,26.94
TXN_11046,CUST_0208,2023-09-07,215.49
TXN_11047,CUST_0208,2023-12-17,234.16
TXN_11048,CUST_0208,2023-08-14,104.78
TXN_11049,CUST_0209,2023-09-11,99.31
TXN_11050,CUST_0210,2023-12-09,241.97
TXN_11051,CUST_0210,2023-12-10,167.29
TXN_11052,CUST_0210,2023-12-11,183.63
TXN_11053,CUST_0210,2023-12-19,173.25
TXN_11054,CUST_0211,2023-08-16,134.65
TXN_11055,CUST_0211,2023-08-13,110.62
TXN_11056,CUST_0211,2023-08-23,140.33
TXN_11057,CUST_0212,2023-08-24,71.16
TXN_11058,CUST_0212,2023-08-28,111.61
TXN_11059,CUST_0212,2023-08-25,19.62
TXN_11060,CUST_0212,2023-11-19,241.92
TXN_11061,CUST_0212,2023-09-01,94.55
TXN_11062,CUST_0212,2023-08-13,174.86
TXN_11063,CUST_0212,2023-11-02,49.45
TXN_11064,CUST_0212,2023-08-21,200.67
TXN_11065,CUST_0212,2023-09-26,25.54
TXN_11066,CUST_0212,2023-09-27,87.6
TXN_11067,CUST_0212,2023-09-03,195.89
TXN_11068,CUST_0213,2023-10-01,47.74
TXN_11069,CUST_0213,2023-07-03,23.72
TXN_11070,CUST_0213,2023-05-12,173.0
TXN_11071,CUST_0213,2023-08-07,95.25
TXN_11072,CUST_0213,2023-05-25,206.22
TXN_11073,CUST_0213,2023-05-25,142.38
TXN_11074,CUST_0214,2023-06-05,238.78
TXN_11075,CUST_0214,2023-05-14,50.23
TXN_11076,CUST_0214,2023-07-09,150.31
TXN_11077,CUST_0214,2023-07-30,18.99
TXN_11078,CUST_0214,2023-12-31,25.48
TXN_11079,CUST_0214,2023-05-22,18.29
TXN_11080,CUST_0215,2023-02-27,155.85
TXN_11081,CUST_0215,2023-04-06,239.03
TXN_11082,CUST_0215,2023-10-22,182.72
TXN_11083,CUST_0215,2023-08-18,171.82
TXN_11084,CUST_0216,2023-09-22,64.4
TXN_11085,CUST_0217,2023-10-28,141.08
TXN_11086,CUST_0218,2023-08-12,51.94
TXN_11087,CUST_0218,2023-12-31,136.82
TXN_11088,CUST_0218,2023-06-14,162.31
TXN_11089,CUST_0218,2023-06-28,203.87
TXN_11090,CUST_0219,2023-12-15,63.54
TXN_11091,CUST_0219,2023-09-28,218.62
TXN_11092,CUST_0219,2023-08-26,172.28
TXN_11093,CUST_0219,2023-10-18,76.26
TXN_11094,CUST_0219,2023-08-05,15.15
TXN_11095,CUST_0219,2023-12-31,230.62
TXN_11096,CUST_0220,2023-09-09,184.2
TXN_11097,CUST_0220,2023-09-08,161.44
TXN_11098,CUST_0220,2023-09-21,200.39
TXN_11099,CUST_0220,2023-09-14,165.21
TXN_11100,CUST_0220,2023-09-14,182.71
TXN_11101,CUST_0220,2023-11-24,44.8
TXN_11102,CUST_0220,2023-11-22,154.49
TXN_11103,CUST_0220,2023-09-09,115.47
TXN_11104,CUST_0220,2023-09-10,179.58
TXN_11105,CUST_0220,2023-10-29,39.86
TXN_11106,CUST_0220,2023-10-01,206.44
TXN_11107,CUST_0220,2023-12-21,135.68
TXN_11108,CUST_0220,2023-12-31,140.89
TXN_11109,CUST_0221,2023-12-15,130.85
TXN_11110,CUST_0222,2023-08-13,28.03
TXN_11111,CUST_0222,2023-09-03,153.16
TXN_11112,CUST_0222,2023-12-16,185.62
TXN_11113,CUST_0222,2023-12-03,228.46
TXN_11114,CUST_0222,2023-09-10,139.02
TXN_11115,CUST_0222,2023-09-04,244.91
TXN_11116,CUST_0222,2023-10-10,39.97
TXN_11117,CUST_0222,2023-10-11,55.08
TXN_11118,CUST_0223,2023-07-05,90.94
TXN_11119,CUST_0223,2023-08-19,144.65
TXN_11120,CUST_0224,2023-06-19,241.9
TXN_11121,CUST_0225,2023-09-22,72.21
TXN_11122,CUST_0226,2023-11-21,33.01
TXN_11123,CUST_0226,2023-11-15,70.83
TXN_11124,CUST_0226,2023-11-05,82.23
TXN_11125,CUST_0226,2023-11-20,237.15
TXN_11126,CUST_0226,2023-12-18,152.11
TXN_11127,CUST_0227,2023-10-13,220.48
TXN_11128,CUST_0227,2023-10-19,184.83
TXN_11129,CUST_0227,2023-10-17,227.89
TXN_11130,CUST_0227,2023-10-10,56.95
TXN_11131,CUST_0227,2023-10-26,34.26
TXN_11132,CUST_0227,2023-10-13,236.79
TXN_11133,CUST_0227,2023-12-31,103.42
TXN_11134,CUST_0227,2023-12-18,143.03
TXN_11135,CUST_0227,2023-10-15,180.06
TXN_11136,CUST_0227,2023-11-06,247.44
TXN_11137,CUST_0228,2023-12-05,27.23
TXN_11138,CUST_0229,2023-04-08,249.87
TXN_11139,CUST_0230,2023-08-25,85.52
TXN_11140,CUST_0230,2023-07-26,81.9
TXN_11141,CUST_0230,2023-08-12,192.73
TXN_11142,CUST_0230,2023-08-29,33.21
TXN_11143,CUST_0230,2023-07-18,39.05
TXN_11144,CUST_0230,2023-08-15,234.3
TXN_11145,CUST_0230,2023-09-11,203.43
TXN_11146,CUST_0230,2023-08-20,99.99
TXN_11147,CUST_0231,2023-11-22,199.04
TXN_11148,CUST_0232,2023-07-15,129.53
TXN_11149,CUST_0233,2023-04-24,173.07
TXN_11150,CUST_0233,2023-04-24,185.32
TXN_11151,CUST_0233,2023-06-08,174.79
TXN_11152,CUST_0233,2023-04-27,190.22
TXN_11153,CUST_0234,2023-08-26,231.95
TXN_11154,CUST_0234,2023-07-20,186.53
TXN_11155,CUST_0234,2023-11-17,29.49
TXN_11156,CUST_0234,2023-08-21,63.11
TXN_11157,CUST_0234,2023-09-03,167.64
TXN_11158,CUST_0234,2023-08-08,123.1
TXN_11159,CUST_0234,2023-08-06,101.81
TXN_11160,CUST_0235,2023-10-25,17.35
TXN_11161,CUST_0236,2023-07-19,89.92
TXN_11162,CUST_0236,2023-08-28,64.38
TXN_11163,CUST_0236,2023-07-13,242.98
TXN_11164,CUST_0236,2023-07-07,203.63
TXN_11165,CUST_0236,2023-10-06,84.85
TXN_11166,CUST_0236,2023-07-14,49.22
TXN_11167,CUST_0236,2023-09-14,166.06
TXN_11168,CUST_0236,2023-10-04,235.31
TXN_11169,CUST_0236,2023-09-13,51.63
TXN_11170,CUST_0236,2023-07-22,212.92
TXN_11171,CUST_0236,2023-07-19,32.04
TXN_11172,CUST_0236,2023-09-16,109.59
TXN_11173,CUST_0236,2023-12-02,167.81
TXN_11174,CUST_0237,2023-12-30,75.76
TXN_11175,CUST_0238,2023-12-17,27.04
TXN_11176,CUST_0239,2023-10-27,72.23
TXN_11177,CUST_0239,2023-12-19,39.64
TXN_11178,CUST_0239,2023-09-27,137.25
TXN_11179,CUST_0239,2023-10-15,18.6
TXN_11180,CUST_0239,2023-11-08,99.98
TXN_11181,CUST_0239,2023-10-04,205.2
TXN_11182,CUST_0239,2023-10-02,26.1
TXN_11183,CUST_0239,2023-09-22,239.64
TXN_11184,CUST_0239,2023-09-18,98.41
TXN_11185,CUST_0239,2023-10-10,130.92
TXN_11186,CUST_0239,2023-09-16,132.77
TXN_11187,CUST_0239,2023-10-03,243.44
TXN_11188,CUST_0239,2023-09-22,98.23
TXN_11189,CUST_0239,2023-10-05,106.81
TXN_11190,CUST_0240,2023-06-04,142.87
TXN_11191,CUST_0240,2023-09-02,192.88
TXN_11192,CUST_0240,2023-08-03,54.2
TXN_11193,CUST_0240,2023-09-20,184.23
TXN_11194,CUST_0240,2023-06-03,124.0
TXN_11195,CUST_0240,2023-06-10,94.31
TXN_11196,CUST_0240,2023-05-29,109.08
TXN_11197,CUST_0240,2023-07-24,160.6
TXN_11198,CUST_0241,2023-11-28,126.15
TXN_11199,CUST_0241,2023-10-06,59.79
TXN_11200,CUST_0242,2023-12-12,217.94
TXN_11201,CUST_0242,2023-12-14,226.39
TXN_11202,CUST_0242,2023-12-29,172.65
TXN_11203,CUST_0243,2023-07-23,153.85
TXN_11204,CUST_0243,2023-08-11,75.08
TXN_11205,CUST_0243,2023-06-28,213.26
TXN_11206,CUST_0243,2023-06-11,209.31
TXN_11207,CUST_0243,2023-07-26,194.11
TXN_11208,CUST_0243,2023-08-25,63.77
TXN_11209,CUST_0243,2023-07-27,218.91
TXN_11210,CUST_0243,2023-07-07,242.15
TXN_11211,CUST_0243,2023-07-09,48.55
TXN_11212,CUST_0243,2023-07-01,238.65
TXN_11213,CUST_0243,2023-06-23,219.0
TXN_11214,CUST_0243,2023-10-28,97.29
TXN_11215,CUST_0243,2023-06-02,185.27
TXN_11216,CUST_0243,2023-06-23,198.99
TXN_11217,CUST_0244,2023-08-08,53.45
TXN_11218,CUST_0244,2023-07-27,133.42
TXN_11219,CUST_0244,2023-05-28,100.27
TXN_11220,CUST_0244,2023-08-02,214.42
TXN_11221,CUST_0244,2023-11-02,128.7
TXN_11222,CUST_0244,2023-08-30,89.37
TXN_11223,CUST_0244,2023-06-27,60.7
TXN_11224,CUST_0244,2023-07-26,88.92
TXN_11225,CUST_0244,2023-06-03,175.98
TXN_11226,CUST_0244,2023-08-24,99.6
TXN_11227,CUST_0244,2023-06-02,115.18
TXN_11228,CUST_0244,2023-07-09,172.14
TXN_11229,CUST_0245,2023-12-22,219.8
TXN_11230,CUST_0246,2023-12-31,105.8
TXN_11231,CUST_0247,2023-11-14,37.18
TXN_11232,CUST_0248,2023-06-19,194.17
TXN_11233,CUST_0249,2023-03-10,166.63
TXN_11234,CUST_0249,2023-06-02,208.76
TXN_11235,CUST_0249,2023-04-07,32.17
TXN_11236,CUST_0249,2023-03-14,245.3
TXN_11237,CUST_0249,2023-05-17,181.79
TXN_11238,CUST_0249,2023-02-08,136.78
TXN_11239,CUST_0249,2023-02-12,148.77
TXN_11240,CUST_0249,2023-11-10,242.58
TXN_11241,CUST_0249,2023-05-03,122.68
TXN_11242,CUST_0249,2023-12-20,173.3
TXN_11243,CUST_0249,2023-02-15,124.45
TXN_11244,CUST_0249,2023-03-09,125.4
TXN_11245,CUST_0249,2023-04-15,151.8
TXN_11246,CUST_0250,2023-12-05,133.37
TXN_11247,CUST_0251,2023-12-27,60.28
TXN_11248,CUST_0251,2023-12-27,174.2
TXN_11249,CUST_0251,2023-12-27,183.75
TXN_11250,CUST_0251,2023-12-27,237.73
TXN_11251,CUST_0251,2023-12-26,39.97
TXN_11252,CUST_0251,2023-12-26,177.19
TXN_11253,CUST_0251,2023-12-27,224.63
TXN_11254,CUST_0251,2023-12-28,134.46
TXN_11255,CUST_0251,2023-12-31,77.54
TXN_11256,CUST_0251,2023-12-28,115.3
TXN_11257,CUST_0251,2023-12-27,185.91
TXN_11258,CUST_0251,2023-12-27,48.02
TXN_11259,CUST_0251,2023-12-26,146.94
TXN_11260,CUST_0252,2023-06-23,216.38
TXN_11261,CUST_0252,2023-08-07,222.37
TXN_11262,CUST_0252,2023-05-26,220.24
TXN_11263,CUST_0252,2023-05-13,223.82
TXN_11264,CUST_0252,2023-06-09,88.93
TXN_11265,CUST_0252,2023-07-04,236.06
TXN_11266,CUST_0252,2023-05-12,97.77
TXN_11267,CUST_0252,2023-10-08,108.07
TXN_11268,CUST_0252,2023-05-26,114.83
TXN_11269,CUST_0253,2023-12-13,194.05
TXN_11270,CUST_0254,2023-11-02,47.27
TXN_11271,CUST_0254,2023-06-29,152.89
TXN_11272,CUST_0254,2023-06-07,186.58
TXN_11273,CUST_0254,2023-07-04,199.34
TXN_11274,CUST_0254,2023-07-18,57.51
TXN_11275,CUST_0254,2023-09-02,74.25
TXN_11276,CUST_0254,2023-07-18,32.75
TXN_11277,CUST_0254,2023-08-07,171.48
TXN_11278,CUST_0254,2023-07-03,239.29
TXN_11279,CUST_0254,2023-10-25,181.37
TXN_11280,CUST_0254,2023-08-28,74.31
TXN_11281,CUST_0255,2023-10-28,249.87
TXN_11282,CUST_0255,2023-11-15,116.28
TXN_11283,CUST_0255,2023-11-01,156.92
TXN_11284,CUST_0255,2023-10-26,37.25
TXN_11285,CUST_0255,2023-10-25,132.3
TXN_11286,CUST_0255,2023-11-14,29.68
TXN_11287,CUST_0255,2023-11-22,69.14
TXN_11288,CUST_0255,2023-11-19,245.75
TXN_11289,CUST_0256,2023-12-27,129.39
TXN_11290,CUST_0256,2023-07-25,215.21
TXN_11291,CUST_0257,2023-09-30,237.45
TXN_11292,CUST_0258,2023-10-01,202.17
TXN_11293,CUST_0258,2023-10-08,167.74
TXN_11294,CUST_0258,2023-10-31,161.17
TXN_11295,CUST_0258,2023-10-08,191.16
TXN_11296,CUST_0258,2023-10-27,163.02
TXN_11297,CUST_0258,2023-09-25,110.37
TXN_11298,CUST_0258,2023-12-31,41.41
TXN_11299,CUST_0258,2023-09-20,130.71
TXN_11300,CUST_0258,2023-11-16,53.46
TXN_11301,CUST_0258,2023-09-21,30.46
TXN_11302,CUST_0258,2023-10-25,70.98
TXN_11303,CUST_0259,2023-07-06,224.46
TXN_11304,CUST_0260,2023-12-13,198.41
TXN_11305,CUST_0260,2023-12-13,33.81
TXN_11306,CUST_0260,2023-12-16,17.34
TXN_11307,CUST_0260,2023-12-12,204.79
TXN_11308,CUST_0260,2023-12-21,230.06
TXN_11309,CUST_0260,2023-12-24,175.55
TXN_11310,CUST_0260,2023-12-12,198.97
TXN_11311,CUST_0260,2023-12-23,202.78
TXN_11312,CUST_0261,2023-08-15,64.21
TXN_11313,CUST_0261,2023-06-25,188.25
TXN_11314,CUST_0261,2023-07-14,125.85
TXN_11315,CUST_0261,2023-12-31,173.9
TXN_11316,CUST_0261,2023-11-08,186.5
TXN_11317,CUST_0261,2023-08-12,33.8
TXN_11318,CUST_0261,2023-05-29,216.72
TXN_11319,CUST_0261,2023-05-14,42.14
TXN_11320,CUST_0261,2023-05-25,66.8
TXN_11321,CUST_0261,2023-11-26,218.97
TXN_11322,CUST_0261,2023-06-19,29.42
TXN_11323,CUST_0261,2023-08-05,161.5
TXN_11324,CUST_0261,2023-12-31,146.35
TXN_11325,CUST_0261,2023-05-26,136.97
TXN_11326,CUST_0262,2023-05-23,133.15
TXN_11327,CUST_0262,2023-03-16,118.89
TXN_11328,CUST_0263,2023-04-01,152.63
TXN_11329,CUST_0264,2023-11-29,182.56
TXN_11330,CUST_0265,2023-09-13,192.41
TXN_11331,CUST_0266,2023-07-26,157.85
TXN_11332,CUST_0266,2023-06-27,173.97
TXN_11333,CUST_0266,2023-06-04,207.41
TXN_11334,CUST_0266,2023-05-29,169.16
TXN_11335,CUST_0266,2023-06-20,190.67
TXN_11336,CUST_0266,2023-07-18,121.3
TXN_11337,CUST_0267,2023-05-27,244.07
TXN_11338,CUST_0268,2023-06-30,102.07
TXN_11339,CUST_0268,2023-08-05,222.2
TXN_11340,CUST_0268,2023-12-20,188.8
TXN_11341,CUST_0268,2023-06-15,172.25
TXN_11342,CUST_0268,2023-07-15,125.61
TXN_11343,CUST_0268,2023-06-12,59.9
TXN_11344,CUST_0268,2023-09-23,121.68
TXN_11345,CUST_0268,2023-07-03,105.24
TXN_11346,CUST_0268,2023-10-18,191.01
TXN_11347,CUST_0269,2023-01-23,74.22
TXN_11348,CUST_0270,2023-09-16,144.41
TXN_11349,CUST_0270,2023-12-26,64.89
TXN_11350,CUST_0271,2023-04-20,45.33
TXN_11351,CUST_0271,2023-06-16,235.09
TXN_11352,CUST_0271,2023-05-11,219.34
TXN_11353,CUST_0272,2023-05-31,173.11
TXN_11354,CUST_0272,2023-07-20,170.75
TXN_11355,CUST_0272,2023-07-30,114.34
TXN_11356,CUST_0272,2023-06-12,86.84
TXN_11357,CUST_0272,2023-07-20,168.19
TXN_11358,CUST_0272,2023-09-13,195.29
TXN_11359,CUST_0272,2023-12-31,82.17
TXN_11360,CUST_0272,2023-06-01,96.23
TXN_11361,CUST_0272,2023-09-02,117.96
TXN_11362,CUST_0272,2023-09-27,144.09
TXN_11363,CUST_0272,2023-12-06,237.75
TXN_11364,CUST_0272,2023-06-01,122.26
TXN_11365,CUST_0272,2023-08-03,75.13
TXN_11366,CUST_0272,2023-07-03,174.26
TXN_11367,CUST_0273,2023-11-18,178.9
TXN_11368,CUST_0274,2023-09-01,76.82
TXN_11369,CUST_0275,2023-08-09,216.86
TXN_11370,CUST_0275,2023-05-18,218.27
TXN_11371,CUST_0275,2023-06-10,56.91
TXN_11372,CUST_0275,2023-06-01,113.22
TXN_11373,CUST_0275,2023-06-02,90.33
TXN_11374,CUST_0275,2023-05-22,84.6
TXN_11375,CUST_0275,2023-07-16,118.84
TXN_11376,CUST_0276,2023-09-06,224.97
TXN_11377,CUST_0277,2023-07-14,50.72
TXN_11378,CUST_0277,2023-03-09,96.22
TXN_11379,CUST_0277,2023-08-12,72.89
TXN_11380,CUST_0277,2023-03-01,45.95
TXN_11381,CUST_0277,2023-09-13,163.94
TXN_11382,CUST_0277,2023-03-25,145.49
TXN_11383,CUST_0277,2023-05-11,169.03
TXN_11384,CUST_0277,2023-03-22,218.13
TXN_11385,CUST_0277,2023-04-02,178.12
TXN_11386,CUST_0277,2023-02-24,102.57
TXN_11387,CUST_0277,2023-04-08,142.72
TXN_11388,CUST_0277,2023-03-02,200.68
TXN_11389,CUST_0277,2023-03-20,174.1
TXN_11390,CUST_0278,2023-08-18,170.54
TXN_11391,CUST_0278,2023-06-04,205.08
TXN_11392,CUST_0278,2023-05-28,149.24
TXN_11393,CUST_0278,2023-08-19,104.05
TXN_11394,CUST_0278,2023-05-29,122.95
TXN_11395,CUST_0278,2023-09-16,233.53
TXN_11396,CUST_0278,2023-07-03,170.44
TXN_11397,CUST_0278,2023-11-06,38.16
TXN_11398,CUST_0278,2023-05-21,181.59
TXN_11399,CUST_0278,2023-09-18,216.4
TXN_11400,CUST_0278,2023-06-12,35.99
TXN_11401,CUST_0279,2023-07-22,153.96
TXN_11402,CUST_0279,2023-11-05,223.88
TXN_11403,CUST_0279,2023-09-11,23.26
TXN_11404,CUST_0279,2023-08-07,199.85
TXN_11405,CUST_0279,2023-06-11,144.18
TXN_11406,CUST_0279,2023-10-20,126.41
TXN_11407,CUST_0279,2023-06-10,17.59
TXN_11408,CUST_0279,2023-07-16,51.43
TXN_11409,CUST_0280,2023-12-20,15.9
TXN_11410,CUST_0280,2023-05-18,235.54
TXN_11411,CUST_0280,2023-05-11,41.61
TXN_11412,CUST_0280,2023-07-05,217.53
TXN_11413,CUST_0280,2023-06-18,248.72
TXN_11414,CUST_0280,2023-07-29,32.41
TXN_11415,CUST_0280,2023-12-31,110.86
TXN_11416,CUST_0280,2023-05-24,146.1
TXN_11417,CUST_0280,2023-05-26,35.32
TXN_11418,CUST_0280,2023-04-26,120.65
TXN_11419,CUST_0280,2023-09-23,149.49
TXN_11420,CUST_0280,2023-12-31,82.41
TXN_11421,CUST_0280,2023-05-23,52.54
TXN_11422,CUST_0280,2023-05-10,82.02
TXN_11423,CUST_0281,2023-06-03,137.23
TXN_11424,CUST_0281,2023-06-15,77.11
TXN_11425,CUST_0281,2023-04-17,135.16
TXN_11426,CUST_0281,2023-08-21,26.72
TXN_11427,CUST_0281,2023-06-13,204.59
TXN_11428,CUST_0281,2023-04-01,18.53
TXN_11429,CUST_0281,2023-04-21,153.21
TXN_11430,CUST_0281,2023-03-30,115.14
TXN_11431,CUST_0281,2023-06-01,155.74
TXN_11432,CUST_0281,2023-04-16,109.01
TXN_11433,CUST_0281,2023-08-08,236.19
TXN_11434,CUST_0281,2023-09-23,147.61
TXN_11435,CUST_0281,2023-05-06,93.24
TXN_11436,CUST_0281,2023-03-28,40.04
TXN_11437,CUST_0282,2023-05-17,249.58
TXN_11438,CUST_0282,2023-05-10,49.79
TXN_11439,CUST_0283,2023-06-28,162.55
TXN_11440,CUST_0284,2023-12-12,200.27
TXN_11441,CUST_0285,2023-10-01,93.42
TXN_11442,CUST_0285,2023-09-25,196.89
TXN_11443,CUST_0285,2023-09-12,18.01
TXN_11444,CUST_0285,2023-11-08,127.13
TXN_11445,CUST_0285,2023-09-16,70.36
TXN_11446,CUST_0285,2023-12-19,216.98
TXN_11447,CUST_0285,2023-10-26,128.32
TXN_11448,CUST_0285,2023-10-08,244.18
TXN_11449,CUST_0285,2023-12-31,65.59
TXN_11450,CUST_0285,2023-11-11,61.35
TXN_11451,CUST_0286,2023-10-05,110.18
TXN_11452,CUST_0287,2023-06-02,90.95
TXN_11453,CUST_0287,2023-12-08,100.38
TXN_11454,CUST_0287,2023-06-02,39.93
TXN_11455,CUST_0287,2023-07-24,82.88
TXN_11456,CUST_0287,2023-07-05,153.97
TXN_11457,CUST_0287,2023-08-07,190.13
TXN_11458,CUST_0287,2023-06-21,92.78
TXN_11459,CUST_0287,2023-09-22,87.82
TXN_11460,CUST_0287,2023-06-20,109.29
TXN_11461,CUST_0287,2023-10-01,116.5
TXN_11462,CUST_0287,2023-06-02,177.11
TXN_11463,CUST_0287,2023-07-08,40.2
TXN_11464,CUST_0287,2023-06-20,187.84
TXN_11465,CUST_0287,2023-12-31,162.85
TXN_11466,CUST_0288,2023-05-01,220.12
TXN_11467,CUST_0289,2023-07-25,86.29
TXN_11468,CUST_0289,2023-07-07,57.22
TXN_11469,CUST_0289,2023-08-01,240.13
TXN_11470,CUST_0289,2023-07-21,34.48
TXN_11471,CUST_0289,2023-08-09,94.95
TXN_11472,CUST_0289,2023-10-16,117.15
TXN_11473,CUST_0289,2023-06-17,59.91
TXN_11474,CUST_0289,2023-09-13,77.41
TXN_11475,CUST_0289,2023-09-13,63.38
TXN_11476,CUST_0289,2023-06-29,124.39
TXN_11477,CUST_0289,2023-12-21,233.96
TXN_11478,CUST_0290,2023-12-17,50.11
TXN_11479,CUST_0291,2023-12-10,127.11
TXN_11480,CUST_0291,2023-12-20,192.63
TXN_11481,CUST_0291,2023-12-09,41.23
TXN_11482,CUST_0291,2023-12-05,203.36
TXN_11483,CUST_0291,2023-12-10,128.17
TXN_11484,CUST_0291,2023-12-14,216.83
TXN_11485,CUST_0291,2023-12-12,194.27
TXN_11486,CUST_0291,2023-12-17,98.72
TXN_11487,CUST_0291,2023-12-06,203.27
TXN_11488,CUST_0291,2023-12-08,227.28
TXN_11489,CUST_0291,2023-12-04,28.68
TXN_11490,CUST_0291,2023-12-27,167.39
TXN_11491,CUST_0291,2023-12-08,192.44
TXN_11492,CUST_0291,2023-12-14,139.83
TXN_11493,CUST_0292,2023-10-16,218.52
TXN_11494,CUST_0293,2023-12-10,221.29
TXN_11495,CUST_0294,2023-07-16,167.55
TXN_11496,CUST_0294,2023-08-31,164.96
TXN_11497,CUST_0294,2023-07-08,36.98
TXN_11498,CUST_0294,2023-07-19,45.26
TXN_11499,CUST_0294,2023-12-27,126.67
TXN_11500,CUST_0294,2023-07-07,195.08
TXN_11501,CUST_0294,2023-07-28,87.86
TXN_11502,CUST_0294,2023-10-02,218.78
TXN_11503,CUST_0294,2023-08-26,26.04
TXN_11504,CUST_0294,2023-08-07,194.37
TXN_11505,CUST_0294,2023-06-21,68.74
TXN_11506,CUST_0294,2023-11-03,19.73
TXN_11507,CUST_0294,2023-09-14,126.34
TXN_11508,CUST_0294,2023-07-21,16.67
TXN_11509,CUST_0295,2023-09-24,180.12
TXN_11510,CUST_0295,2023-12-31,139.86
TXN_11511,CUST_0295,2023-08-22,239.12
TXN_11512,CUST_0295,2023-09-18,85.07
TXN_11513,CUST_0295,2023-08-03,213.0
TXN_11514,CUST_0295,2023-08-19,170.21
TXN_11515,CUST_0295,2023-08-29,61.75
TXN_11516,CUST_0295,2023-09-13,29.26
TXN_11517,CUST_0295,2023-08-23,143.45
TXN_11518,CUST_0295,2023-08-25,190.94
TXN_11519,CUST_0295,2023-10-27,196.24
TXN_11520,CUST_0295,2023-07-29,60.62
TXN_11521,CUST_0296,2023-07-16,91.54
TXN_11522,CUST_0296,2023-07-29,221.19
TXN_11523,CUST_0296,2023-06-20,204.14
TXN_11524,CUST_0296,2023-07-18,215.84
TXN_11525,CUST_0296,2023-10-01,96.96
TXN_11526,CUST_0296,2023-09-03,52.51
TXN_11527,CUST_0296,2023-11-13,110.06
TXN_11528,CUST_0296,2023-07-27,180.85
TXN_11529,CUST_0296,2023-10-08,70.54
TXN_11530,CUST_0297,2023-10-08,195.19
TXN_11531,CUST_0297,2023-07-09,103.55
TXN_11532,CUST_0297,2023-07-31,15.06
TXN_11533,CUST_0297,2023-06-28,63.93
TXN_11534,CUST_0297,2023-06-29,204.39
TXN_11535,CUST_0297,2023-07-02,60.01
TXN_11536,CUST_0297,2023-07-27,218.43
TXN_11537,CUST_0297,2023-06-28,33.46
TXN_11538,CUST_0297,2023-07-09,190.7
TXN_11539,CUST_0297,2023-08-03,206.95
TXN_11540,CUST_0297,2023-12-31,201.28
TXN_11541,CUST_0297,2023-08-11,130.94
TXN_11542,CUST_0298,2023-12-31,105.12
TXN_11543,CUST_0299,2023-11-12,81.81
TXN_11544,CUST_0300,2023-10-21,217.91
TXN_11545,CUST_0300,2023-12-15,249.25
TXN_11546,CUST_0300,2023-10-08,217.8
TXN_11547,CUST_0300,2023-10-13,153.84
TXN_11548,CUST_0300,2023-10-24,19.23
TXN_11549,CUST_0300,2023-12-22,33.41
TXN_11550,CUST_0300,2023-11-07,199.48
TXN_11551,CUST_0300,2023-11-19,46.84
TXN_11552,CUST_0300,2023-10-21,209.92
TXN_11553,CUST_0300,2023-10-14,124.92
TXN_11554,CUST_0301,2023-11-12,223.64
TXN_11555,CUST_0302,2023-06-23,123.13
TXN_11556,CUST_0302,2023-05-16,81.68
TXN_11557,CUST_0303,2023-07-21,156.22
TXN_11558,CUST_0303,2023-07-15,131.93
TXN_11559,CUST_0303,2023-07-23,57.99
TXN_11560,CUST_0303,2023-08-08,116.62
TXN_11561,CUST_0303,2023-09-07,32.49
TXN_11562,CUST_0303,2023-08-22,57.92
TXN_11563,CUST_0303,2023-08-31,164.79
TXN_11564,CUST_0303,2023-08-29,188.5
TXN_11565,CUST_0303,2023-08-06,194.8
TXN_11566,CUST_0303,2023-08-15,128.78
TXN_11567,CUST_0303,2023-09-11,19.31
TXN_11568,CUST_0303,2023-09-12,160.37
TXN_11569,CUST_0303,2023-08-04,35.16
TXN_11570,CUST_0303,2023-07-19,231.96
TXN_11571,CUST_0304,2023-05-11,87.76
TXN_11572,CUST_0304,2023-06-07,212.01
TXN_11573,CUST_0305,2023-10-04,17.15
TXN_11574,CUST_0305,2023-02-26,240.37
TXN_11575,CUST_0305,2023-05-18,76.49
TXN_11576,CUST_0305,2023-02-09,21.62
TXN_11577,CUST_0305,2023-03-05,222.15
TXN_11578,CUST_0305,2023-04-02,184.28
TXN_11579,CUST_0305,2023-11-06,110.89
TXN_11580,CUST_0305,2023-02-25,136.52
TXN_11581,CUST_0306,2023-07-19,17.54
TXN_11582,CUST_0306,2023-09-09,41.62
TXN_11583,CUST_0306,2023-09-26,130.59
TXN_11584,CUST_0306,2023-09-29,152.22
TXN_11585,CUST_0306,2023-06-30,194.93
TXN_11586,CUST_0307,2023-04-06,55.5
TXN_11587,CUST_0308,2023-09-21,172.76
TXN_11588,CUST_0308,2023-09-02,129.31
TXN_11589,CUST_0308,2023-10-21,218.71
TXN_11590,CUST_0309,2023-09-06,196.95
TXN_11591,CUST_0309,2023-08-19,125.84
TXN_11592,CUST_0309,2023-08-04,25.9
TXN_11593,CUST_0309,2023-08-13,162.13
TXN_11594,CUST_0309,2023-11-07,133.83
TXN_11595,CUST_0309,2023-06-12,86.96
TXN_11596,CUST_0309,2023-08-19,71.23
TXN_11597,CUST_0309,2023-06-29,207.81
TXN_11598,CUST_0310,2023-04-27,123.52
TXN_11599,CUST_0310,2023-03-20,151.53
TXN_11600,CUST_0310,2023-06-29,111.57
TXN_11601,CUST_0310,2023-05-26,179.34
TXN_11602,CUST_0311,2023-10-01,46.03
TXN_11603,CUST_0311,2023-10-20,79.84
TXN_11604,CUST_0311,2023-12-01,207.19
TXN_11605,CUST_0311,2023-09-06,204.82
TXN_11606,CUST_0311,2023-09-06,38.72
TXN_11607,CUST_0311,2023-12-31,168.36
TXN_11608,CUST_0311,2023-09-14,108.48
TXN_11609,CUST_0311,2023-09-04,245.64
TXN_11610,CUST_0311,2023-08-24,88.98
TXN_11611,CUST_0311,2023-09-16,127.33
TXN_11612,CUST_0311,2023-09-15,56.31
TXN_11613,CUST_0311,2023-08-25,74.87
TXN_11614,CUST_0312,2023-12-31,129.31
TXN_11615,CUST_0312,2023-12-31,133.66
TXN_11616,CUST_0312,2023-12-31,56.46
TXN_11617,CUST_0312,2023-12-31,205.99
TXN_11618,CUST_0312,2023-12-31,142.31
TXN_11619,CUST_0312,2023-12-31,45.8
TXN_11620,CUST_0312,2023-12-31,195.05
TXN_11621,CUST_0312,2023-12-31,234.12
TXN_11622,CUST_0312,2023-12-31,237.62
TXN_11623,CUST_0312,2023-12-31,101.72
TXN_11624,CUST_0312,2023-12-31,46.85
TXN_11625,CUST_0312,2023-12-31,136.82
TXN_11626,CUST_0313,2023-12-01,58.14
TXN_11627,CUST_0314,2023-10-08,105.04
TXN_11628,CUST_0315,2023-12-12,219.96
TXN_11629,CUST_0315,2023-10-12,215.75
TXN_11630,CUST_0315,2023-11-20,39.33
TXN_11631,CUST_0315,2023-10-13,38.77
TXN_11632,CUST_0315,2023-10-10,143.93
TXN_11633,CUST_0315,2023-12-31,118.09
TXN_11634,CUST_0315,2023-10-31,242.47
TXN_11635,CUST_0315,2023-10-18,216.74
TXN_11636,CUST_0315,2023-10-31,148.83
TXN_11637,CUST_0316,2023-04-29,32.19
TXN_11638,CUST_0317,2023-09-19,94.56
TXN_11639,CUST_0317,2023-09-12,159.1
TXN_11640,CUST_0317,2023-11-16,170.55
TXN_11641,CUST_0317,2023-09-09,207.57
TXN_11642,CUST_0317,2023-12-01,43.14
TXN_11643,CUST_0317,2023-09-18,81.86
TXN_11644,CUST_0317,2023-08-16,172.11
TXN_11645,CUST_0317,2023-11-14,53.28
TXN_11646,CUST_0317,2023-10-30,215.55
TXN_11647,CUST_0317,2023-12-05,77.34
TXN_11648,CUST_0317,2023-11-30,90.36
TXN_11649,CUST_0318,2023-12-31,246.01
TXN_11650,CUST_0318,2023-12-18,199.63
TXN_11651,CUST_0318,2023-10-15,207.0
TXN_11652,CUST_0318,2023-10-19,91.79
TXN_11653,CUST_0318,2023-11-13,33.72
TXN_11654,CUST_0319,2023-10-28,119.73
TXN_11655,CUST_0320,2023-12-31,165.77
TXN_11656,CUST_0320,2023-04-09,116.09
TXN_11657,CUST_0320,2023-10-09,85.84
TXN_11658,CUST_0320,2023-04-15,193.22
TXN_11659,CUST_0320,2023-06-29,149.02
TXN_11660,CUST_0320,2023-04-11,48.02
TXN_11661,CUST_0320,2023-07-03,63.84
TXN_11662,CUST_0320,2023-06-08,143.05
TXN_11663,CUST_0320,2023-05-06,237.88
TXN_11664,CUST_0320,2023-09-19,184.76
TXN_11665,CUST_0320,2023-04-14,39.94
TXN_11666,CUST_0321,2023-12-31,52.25
TXN_11667,CUST_0321,2023-10-29,100.57
TXN_11668,CUST_0321,2023-11-07,45.32
TXN_11669,CUST_0321,2023-10-26,79.56
TXN_11670,CUST_0321,2023-12-09,24.54
TXN_11671,CUST_0321,2023-12-16,210.75
TXN_11672,CUST_0321,2023-10-20,200.48
TXN_11673,CUST_0321,2023-10-11,242.21
TXN_11674,CUST_0321,2023-10-31,86.27
TXN_11675,CUST_0321,2023-10-23,30.61
TXN_11676,CUST_0321,2023-12-31,24.23
TXN_11677,CUST_0322,2023-11-19,218.9
TXN_11678,CUST_0322,2023-11-17,157.81
TXN_11679,CUST_0323,2023-11-04,65.42
TXN_11680,CUST_0323,2023-11-27,59.45
TXN_11681,CUST_0323,2023-11-17,65.58
TXN_11682,CUST_0323,2023-12-10,236.41
TXN_11683,CUST_0324,2023-06-15,26.7
TXN_11684,CUST_0324,2023-06-18,168.75
TXN_11685,CUST_0324,2023-07-21,236.85
TXN_11686,CUST_0324,2023-07-02,178.06
TXN_11687,CUST_0324,2023-07-14,135.46
TXN_11688,CUST_0324,2023-06-18,121.91
TXN_11689,CUST_0325,2023-07-03,145.82
TXN_11690,CUST_0325,2023-05-08,18.18
TXN_11691,CUST_0325,2023-01-25,246.45
TXN_11692,CUST_0325,2023-01-13,174.52
TXN_11693,CUST_0325,2023-01-27,183.43
TXN_11694,CUST_0325,2023-05-31,70.04
TXN_11695,CUST_0325,2023-02-10,168.87
TXN_11696,CUST_0325,2023-03-04,60.72
TXN_11697,CUST_0325,2023-06-11,51.22
TXN_11698,CUST_0325,2023-08-24,135.95
TXN_11699,CUST_0325,2023-01-17,178.11
TXN_11700,CUST_0325,2023-04-02,85.04
TXN_11701,CUST_0326,2023-02-18,33.49
TXN_11702,CUST_0326,2023-04-27,109.65
TXN_11703,CUST_0326,2023-05-12,35.97
TXN_11704,CUST_0326,2023-04-07,56.07
TXN_11705,CUST_0326,2023-12-31,146.87
TXN_11706,CUST_0326,2023-06-11,91.47
TXN_11707,CUST_0326,2023-02-14,244.33
TXN_11708,CUST_0326,2023-03-13,114.59
TXN_11709,CUST_0326,2023-05-30,20.8
TXN_11710,CUST_0326,2023-08-05,141.1
TXN_11711,CUST_0326,2023-03-11,29.48
TXN_11712,CUST_0326,2023-02-23,225.33
TXN_11713,CUST_0326,2023-06-11,73.73
TXN_11714,CUST_0326,2023-02-11,177.29
TXN_11715,CUST_0327,2023-08-20,152.49
TXN_11716,CUST_0327,2023-08-21,131.49
TXN_11717,CUST_0327,2023-08-03,31.73
TXN_11718,CUST_0327,2023-07-16,116.94
TXN_11719,CUST_0327,2023-08-05,136.29
TXN_11720,CUST_0327,2023-07-31,176.66
TXN_11721,CUST_0327,2023-11-03,85.23
TXN_11722,CUST_0328,2023-03-03,159.82
TXN_11723,CUST_0329,2023-03-15,112.71
TXN_11724,CUST_0329,2023-03-31,101.41
TXN_11725,CUST_0329,2023-01-29,87.76
TXN_11726,CUST_0329,2023-05-23,171.46
TXN_11727,CUST_0329,2023-02-25,123.12
TXN_11728,CUST_0330,2023-07-06,20.42
TXN_11729,CUST_0331,2023-11-11,16.28
TXN_11730,CUST_0331,2023-08-09,229.28
TXN_11731,CUST_0331,2023-10-19,120.92
TXN_11732,CUST_0331,2023-10-14,239.58
TXN_11733,CUST_0331,2023-10-18,212.96
TXN_11734,CUST_0331,2023-10-16,54.53
TXN_11735,CUST_0332,2023-11-07,122.78
TXN_11736,CUST_0332,2023-08-23,131.85
TXN_11737,CUST_0332,2023-06-13,83.32
TXN_11738,CUST_0332,2023-12-31,240.77
TXN_11739,CUST_0332,2023-07-03,249.13
TXN_11740,CUST_0332,2023-10-13,158.58
TXN_11741,CUST_0333,2023-10-19,146.0
TXN_11742,CUST_0334,2023-05-11,159.33
TXN_11743,CUST_0334,2023-02-23,207.21
TXN_11744,CUST_0334,2023-01-10,219.64
TXN_11745,CUST_0334,2023-04-02,108.59
TXN_11746,CUST_0334,2023-03-29,171.84
TXN_11747,CUST_0334,2023-01-07,219.81
TXN_11748,CUST_0334,2023-03-17,95.6
TXN_11749,CUST_0334,2023-01-23,118.27
TXN_11750,CUST_0334,2023-03-29,109.86
TXN_11751,CUST_0334,2023-05-21,113.91
TXN_11752,CUST_0334,2023-12-31,155.83
TXN_11753,CUST_0334,2023-07-22,40.7
TXN_11754,CUST_0334,2023-03-07,94.16
TXN_11755,CUST_0335,2023-04-30,156.84
TXN_11756,CUST_0335,2023-06-10,218.76
TXN_11757,CUST_0335,2023-12-31,110.14
TXN_11758,CUST_0336,2023-08-26,45.5
TXN_11759,CUST_0336,2023-09-25,237.4
TXN_11760,CUST_0336,2023-09-13,91.83
TXN_11761,CUST_0336,2023-10-01,233.66
TXN_11762,CUST_0336,2023-11-08,248.94
TXN_11763,CUST_0336,2023-08-22,41.52
TXN_11764,CUST_0337,2023-05-04,190.86
TXN_11765,CUST_0337,2023-07-23,91.28
TXN_11766,CUST_0337,2023-06-25,169.58
TXN_11767,CUST_0337,2023-12-31,233.81
TXN_11768,CUST_0337,2023-07-26,185.0
TXN_11769,CUST_0338,2023-11-28,115.46
TXN_11770,CUST_0339,2023-12-17,211.44
TXN_11771,CUST_0340,2023-11-10,130.7
TXN_11772,CUST_0341,2023-07-13,209.28
TXN_11773,CUST_0342,2023-04-24,29.39
TXN_11774,CUST_0342,2023-06-24,247.47
TXN_11775,CUST_0342,2023-04-21,25.97
TXN_11776,CUST_0342,2023-08-19,74.36
TXN_11777,CUST_0342,2023-09-11,180.43
TXN_11778,CUST_0342,2023-12-23,111.1
TXN_11779,CUST_0342,2023-07-11,124.24
TXN_11780,CUST_0342,2023-07-03,120.66
TXN_11781,CUST_0342,2023-04-23,134.36
TXN_11782,CUST_0342,2023-06-11,205.49
TXN_11783,CUST_0343,2023-07-06,97.15
TXN_11784,CUST_0343,2023-05-09,107.26
TXN_11785,CUST_0343,2023-05-16,210.58
TXN_11786,CUST_0343,2023-05-07,187.29
TXN_11787,CUST_0344,2023-12-31,161.24
TXN_11788,CUST_0345,2023-07-07,182.88
TXN_11789,CUST_0345,2023-11-18,180.79
TXN_11790,CUST_0345,2023-07-27,107.67
TXN_11791,CUST_0345,2023-04-26,43.24
TXN_11792,CUST_0345,2023-06-28,173.66
TXN_11793,CUST_0346,2023-10-18,157.96
TXN_11794,CUST_0346,2023-08-13,236.84
TXN_11795,CUST_0346,2023-07-12,214.79
TXN_11796,CUST_0347,2023-12-31,64.21
TXN_11797,CUST_0347,2023-09-10,249.39
TXN_11798,CUST_0348,2023-08-23,56.52
TXN_11799,CUST_0349,2023-12-11,212.55
TXN_11800,CUST_0349,2023-11-20,196.32
TXN_11801,CUST_0350,2023-11-22,88.6
TXN_11802,CUST_0350,2023-11-21,226.95
TXN_11803,CUST_0350,2023-11-26,72.64
TXN_11804,CUST_0350,2023-11-27,90.33
TXN_11805,CUST_0350,2023-12-08,243.24
TXN_11806,CUST_0350,2023-11-27,217.34
TXN_11807,CUST_0350,2023-11-30,51.95
TXN_11808,CUST_0350,2023-12-05,135.66
TXN_11809,CUST_0350,2023-12-03,224.08
TXN_11810,CUST_0350,2023-11-27,226.78
TXN_11811,CUST_0351,2023-05-11,138.92
TXN_11812,CUST_0351,2023-10-26,211.9
TXN_11813,CUST_0351,2023-10-24,231.68
TXN_11814,CUST_0351,2023-05-16,45.26
TXN_11815,CUST_0351,2023-07-11,225.08
TXN_11816,CUST_0352,2023-03-25,76.73
TXN_11817,CUST_0352,2023-02-07,176.95
TXN_11818,CUST_0352,2023-04-11,62.04
TXN_11819,CUST_0352,2023-03-03,154.07
TXN_11820,CUST_0352,2023-01-26,49.65
TXN_11821,CUST_0352,2023-01-26,205.89
TXN_11822,CUST_0352,2023-06-28,192.03
TXN_11823,CUST_0352,2023-06-12,172.31
TXN_11824,CUST_0352,2023-04-02,165.94
TXN_11825,CUST_0352,2023-01-22,161.04
TXN_11826,CUST_0353,2023-10-18,172.74
TXN_11827,CUST_0353,2023-10-08,185.73
TXN_11828,CUST_0354,2023-08-30,195.9
TXN_11829,CUST_0354,2023-09-19,222.47
TXN_11830,CUST_0354,2023-09-15,136.64
TXN_11831,CUST_0354,2023-09-20,191.09
TXN_11832,CUST_0354,2023-12-31,32.29
TXN_11833,CUST_0354,2023-08-13,235.32
TXN_11834,CUST_0355,2023-05-18,188.81
TXN_11835,CUST_0355,2023-05-05,78.99
TXN_11836,CUST_0355,2023-03-14,160.89
TXN_11837,CUST_0355,2023-07-04,148.84
TXN_11838,CUST_0356,2023-10-04,151.86
TXN_11839,CUST_0356,2023-03-12,123.55
TXN_11840,CUST_0356,2023-09-05,225.93
TXN_11841,CUST_0356,2023-03-30,182.15
TXN_11842,CUST_0357,2023-11-19,146.69
TXN_11843,CUST_0358,2023-12-26,145.23
TXN_11844,CUST_0358,2023-12-28,141.28
TXN_11845,CUST_0358,2023-12-29,22.86
TXN_11846,CUST_0358,2023-12-26,70.71
TXN_11847,CUST_0358,2023-12-26,32.01
TXN_11848,CUST_0358,2023-12-31,67.47
TXN_11849,CUST_0358,2023-12-30,115.08
TXN_11850,CUST_0358,2023-12-31,145.2
TXN_11851,CUST_0359,2023-06-30,148.25
TXN_11852,CUST_0359,2023-12-07,27.87
TXN_11853,CUST_0359,2023-07-27,181.27
TXN_11854,CUST_0359,2023-08-01,204.53
TXN_11855,CUST_0359,2023-07-05,240.5
TXN_11856,CUST_0359,2023-07-23,95.27
TXN_11857,CUST_0359,2023-11-02,147.51
TXN_11858,CUST_0359,2023-08-08,185.84
TXN_11859,CUST_0359,2023-08-17,53.19
TXN_11860,CUST_0360,2023-11-13,85.79
TXN_11861,CUST_0360,2023-10-24,155.87
TXN_11862,CUST_0360,2023-10-12,189.28
TXN_11863,CUST_0360,2023-10-17,170.66
TXN_11864,CUST_0360,2023-10-11,176.71
TXN_11865,CUST_0360,2023-10-10,114.96
TXN_11866,CUST_0360,2023-10-15,190.87
TXN_11867,CUST_0360,2023-10-15,222.2
TXN_11868,CUST_0360,2023-12-09,61.16
TXN_11869,CUST_0361,2023-07-05,235.02
TXN_11870,CUST_0361,2023-10-09,245.91
TXN_11871,CUST_0361,2023-06-25,200.16
TXN_11872,CUST_0361,2023-09-24,167.29
TXN_11873,CUST_0361,2023-05-28,125.44
TXN_11874,CUST_0361,2023-10-04,85.16
TXN_11875,CUST_0361,2023-11-25,69.0
TXN_11876,CUST_0361,2023-08-17,163.18
TXN_11877,CUST_0361,2023-08-17,117.78
TXN_11878,CUST_0362,2023-10-15,221.61
TXN_11879,CUST_0362,2023-10-15,237.02
TXN_11880,CUST_0362,2023-11-01,95.35
TXN_11881,CUST_0362,2023-12-20,20.73
TXN_11882,CUST_0362,2023-11-06,144.0
TXN_11883,CUST_0362,2023-10-21,115.79
TXN_11884,CUST_0362,2023-11-11,185.88
TXN_11885,CUST_0363,2023-12-29,53.66
TXN_11886,CUST_0364,2023-06-21,23.89
TXN_11887,CUST_0365,2023-12-31,89.08
TXN_11888,CUST_0366,2023-06-11,184.07
TXN_11889,CUST_0367,2023-11-26,71.22
TXN_11890,CUST_0367,2023-10-16,159.55
TXN_11891,CUST_0367,2023-10-20,122.98
TXN_11892,CUST_0367,2023-10-13,152.86
TXN_11893,CUST_0367,2023-10-30,168.52
TXN_11894,CUST_0367,2023-10-02,163.29
TXN_11895,CUST_0367,2023-12-31,142.13
TXN_11896,CUST_0367,2023-11-07,145.83
TXN_11897,CUST_0367,2023-11-28,233.45
TXN_11898,CUST_0367,2023-10-06,117.66
TXN_11899,CUST_0367,2023-10-15,110.23
TXN_11900,CUST_0367,2023-10-04,206.2
TXN_11901,CUST_0367,2023-10-01,139.13
TXN_11902,CUST_0368,2023-07-03,177.59
TXN_11903,CUST_0368,2023-05-26,219.24
TXN_11904,CUST_0368,2023-06-26,118.28
TXN_11905,CUST_0368,2023-04-20,124.2
TXN_11906,CUST_0369,2023-12-09,22.83
TXN_11907,CUST_0369,2023-12-18,42.82
TXN_11908,CUST_0369,2023-11-17,73.77
TXN_11909,CUST_0369,2023-12-04,135.39
TXN_11910,CUST_0370,2023-10-06,110.85
TXN_11911,CUST_0371,2023-07-08,28.0
TXN_11912,CUST_0371,2023-07-08,17.16
TXN_11913,CUST_0371,2023-08-26,89.35
TXN_11914,CUST_0371,2023-12-31,60.52
TXN_11915,CUST_0371,2023-07-21,99.09
TXN_11916,CUST_0371,2023-06-25,212.21
TXN_11917,CUST_0371,2023-06-27,235.94
TXN_11918,CUST_0371,2023-11-12,140.85
TXN_11919,CUST_0371,2023-08-13,168.64
TXN_11920,CUST_0371,2023-07-25,167.1
TXN_11921,CUST_0371,2023-06-27,27.7
TXN_11922,CUST_0371,2023-08-02,144.16
TXN_11923,CUST_0372,2023-08-14,64.36
TXN_11924,CUST_0372,2023-04-03,89.4
TXN_11925,CUST_0372,2023-04-04,50.37
TXN_11926,CUST_0372,2023-04-25,203.39
TXN_11927,CUST_0372,2023-04-12,130.29
TXN_11928,CUST_0372,2023-09-01,180.92
TXN_11929,CUST_0372,2023-04-22,75.56
TXN_11930,CUST_0372,2023-09-30,150.6
TXN_11931,CUST_0372,2023-03-07,78.24
TXN_11932,CUST_0372,2023-08-03,25.37
TXN_11933,CUST_0372,2023-12-31,45.63
TXN_11934,CUST_0372,2023-07-30,107.77
TXN_11935,CUST_0372,2023-04-22,221.95
TXN_11936,CUST_0372,2023-04-06,141.31
TXN_11937,CUST_0373,2023-06-19,72.53
TXN_11938,CUST_0374,2023-09-29,166.24
TXN_11939,CUST_0374,2023-09-08,117.52
TXN_11940,CUST_0374,2023-12-31,23.82
TXN_11941,CUST_0374,2023-09-18,88.82
TXN_11942,CUST_0374,2023-10-13,39.86
TXN_11943,CUST_0374,2023-10-12,37.33
TXN_11944,CUST_0374,2023-09-07,186.12
TXN_11945,CUST_0374,2023-09-19,244.69
TXN_11946,CUST_0375,2023-04-02,41.59
TXN_11947,CUST_0376,2023-12-31,223.88
TXN_11948,CUST_0377,2023-11-18,167.24
TXN_11949,CUST_0378,2023-01-31,227.53
TXN_11950,CUST_0379,2023-12-03,234.0
TXN_11951,CUST_0379,2023-11-17,238.3
TXN_11952,CUST_0379,2023-11-13,156.71
TXN_11953,CUST_0379,2023-11-12,225.04
TXN_11954,CUST_0379,2023-11-24,172.3
TXN_11955,CUST_0379,2023-12-11,50.32
TXN_11956,CUST_0379,2023-11-12,221.54
TXN_11957,CUST_0379,2023-11-18,45.31
TXN_11958,CUST_0379,2023-11-22,155.6
TXN_11959,CUST_0379,2023-11-12,79.6
TXN_11960,CUST_0379,2023-11-12,113.78
TXN_11961,CUST_0379,2023-12-18,245.92
TXN_11962,CUST_0379,2023-11-28,52.98
TXN_11963,CUST_0380,2023-12-21,97.72
TXN_11964,CUST_0380,2023-11-18,19.32
TXN_11965,CUST_0380,2023-11-14,204.11
TXN_11966,CUST_0380,2023-11-25,192.14
TXN_11967,CUST_0380,2023-11-19,87.79
TXN_11968,CUST_0380,2023-11-20,90.92
TXN_11969,CUST_0380,2023-12-10,84.95
TXN_11970,CUST_0380,2023-11-27,47.19
TXN_11971,CUST_0380,2023-11-29,229.63
TXN_11972,CUST_0380,2023-11-25,146.57
TXN_11973,CUST_0380,2023-12-31,162.44
TXN_11974,CUST_0380,2023-11-14,83.71
TXN_11975,CUST_0381,2023-06-24,176.51
TXN_11976,CUST_0381,2023-02-16,231.8
TXN_11977,CUST_0381,2023-05-08,100.48
TXN_11978,CUST_0381,2023-07-09,75.48
TXN_11979,CUST_0381,2023-06-14,24.33
TXN_11980,CUST_0381,2023-08-24,120.32
TXN_11981,CUST_0381,2023-05-27,66.99
TXN_11982,CUST_0381,2023-06-08,196.48
TXN_11983,CUST_0381,2023-04-16,160.17
TXN_11984,CUST_0381,2023-04-12,225.11
TXN_11985,CUST_0382,2023-07-18,153.45
TXN_11986,CUST_0382,2023-07-30,190.11
TXN_11987,CUST_0382,2023-07-07,17.51
TXN_11988,CUST_0382,2023-09-25,208.09
TXN_11989,CUST_0383,2023-05-08,103.88
TXN_11990,CUST_0384,2023-12-10,38.26
TXN_11991,CUST_0384,2023-11-21,215.95
TXN_11992,CUST_0384,2023-11-23,243.67
TXN_11993,CUST_0384,2023-12-31,78.04
TXN_11994,CUST_0384,2023-11-17,180.69
TXN_11995,CUST_0384,2023-11-25,38.68
TXN_11996,CUST_0384,2023-12-05,22.33
TXN_11997,CUST_0384,2023-12-16,47.58
TXN_11998,CUST_0384,2023-11-18,56.28
TXN_11999,CUST_0384,2023-12-31,177.89
TXN_12000,CUST_0385,2023-10-05,58.05
TXN_12001,CUST_0385,2023-10-25,92.03
TXN_12002,CUST_0386,2023-06-13,237.93
TXN_12003,CUST_0386,2023-06-04,241.93
TXN_12004,CUST_0386,2023-05-23,128.06
TXN_12005,CUST_0386,2023-06-21,120.54
TXN_12006,CUST_0386,2023-07-23,117.36
TXN_12007,CUST_0387,2023-05-28,92.83
TXN_12008,CUST_0387,2023-06-16,145.46
TXN_12009,CUST_0387,2023-08-28,140.23
TXN_12010,CUST_0387,2023-12-06,238.59
TXN_12011,CUST_0387,2023-06-25,197.75
TXN_12012,CUST_0387,2023-08-30,224.85
TXN_12013,CUST_0387,2023-07-05,139.66
TXN_12014,CUST_0387,2023-07-01,214.84
TXN_12015,CUST_0387,2023-06-11,71.33
TXN_12016,CUST_0387,2023-06-26,69.13
TXN_12017,CUST_0387,2023-07-22,46.61
TXN_12018,CUST_0388,2023-11-10,111.17
TXN_12019,CUST_0389,2023-12-21,204.73
TXN_12020,CUST_0389,2023-12-25,105.75
TXN_12021,CUST_0390,2023-12-01,61.66
TXN_12022,CUST_0390,2023-11-27,189.44
TXN_12023,CUST_0390,2023-12-09,132.41
TXN_12024,CUST_0390,2023-11-23,243.83
TXN_12025,CUST_0390,2023-12-03,110.94
TXN_12026,CUST_0390,2023-11-22,186.81
TXN_12027,CUST_0390,2023-11-21,55.35
TXN_12028,CUST_0390,2023-11-28,83.15
TXN_12029,CUST_0390,2023-12-02,42.72
TXN_12030,CUST_0390,2023-12-03,81.57
TXN_12031,CUST_0390,2023-11-18,44.83
TXN_12032,CUST_0390,2023-12-26,218.83
TXN_12033,CUST_0390,2023-11-21,197.92
TXN_12034,CUST_0391,2023-10-31,200.79
TXN_12035,CUST_0391,2023-10-18,87.99
TXN_12036,CUST_0391,2023-11-08,177.37
TXN_12037,CUST_0391,2023-10-28,220.71
TXN_12038,CUST_0391,2023-10-28,109.65
TXN_12039,CUST_0391,2023-10-15,144.52
TXN_12040,CUST_0392,2023-08-21,231.45
TXN_12041,CUST_0392,2023-08-22,74.28
TXN_12042,CUST_0392,2023-09-10,208.59
TXN_12043,CUST_0392,2023-08-08,236.61
TXN_12044,CUST_0392,2023-10-21,57.59
TXN_12045,CUST_0392,2023-10-04,105.47
TXN_12046,CUST_0392,2023-08-28,199.07
TXN_12047,CUST_0393,2023-12-13,184.66
TXN_12048,CUST_0393,2023-12-29,36.44
TXN_12049,CUST_0393,2023-12-08,204.34
TXN_12050,CUST_0394,2023-12-31,160.55
TXN_12051,CUST_0395,2023-07-19,85.14
TXN_12052,CUST_0395,2023-08-12,82.72
TXN_12053,CUST_0395,2023-06-21,186.67
TXN_12054,CUST_0395,2023-06-04,37.27
TXN_12055,CUST_0395,2023-06-02,50.94
TXN_12056,CUST_0395,2023-06-07,249.01
TXN_12057,CUST_0395,2023-06-26,50.08
TXN_12058,CUST_0395,2023-06-21,234.99
TXN_12059,CUST_0395,2023-07-23,100.73
TXN_12060,CUST_0395,2023-10-26,107.82
TXN_12061,CUST_0395,2023-06-30,63.71
TXN_12062,CUST_0396,2023-07-27,174.17
TXN_12063,CUST_0397,2023-05-29,30.48
TXN_12064,CUST_0398,2023-08-08,235.18
TXN_12065,CUST_0399,2023-07-31,74.95
TXN_12066,CUST_0400,2023-06-03,86.77
TXN_12067,CUST_0401,2023-11-13,193.78
TXN_12068,CUST_0402,2023-05-21,104.17
TXN_12069,CUST_0403,2023-12-10,84.35
TXN_12070,CUST_0403,2023-12-18,219.75
TXN_12071,CUST_0403,2023-12-09,37.94
TXN_12072,CUST_0403,2023-12-25,97.23
TXN_12073,CUST_0404,2023-12-31,193.94
TXN_12074,CUST_0404,2023-11-12,16.06
TXN_12075,CUST_0404,2023-11-08,138.79
TXN_12076,CUST_0404,2023-11-08,41.09
TXN_12077,CUST_0404,2023-11-12,74.51
TXN_12078,CUST_0404,2023-12-18,38.91
TXN_12079,CUST_0404,2023-11-02,16.25
TXN_12080,CUST_0404,2023-11-08,170.19
TXN_12081,CUST_0404,2023-11-27,121.52
TXN_12082,CUST_0404,2023-11-24,99.58
TXN_12083,CUST_0404,2023-11-23,24.54
TXN_12084,CUST_0405,2023-10-03,203.71
TXN_12085,CUST_0406,2023-08-21,112.02
TXN_12086,CUST_0406,2023-10-24,74.18
TXN_12087,CUST_0406,2023-12-31,159.22
TXN_12088,CUST_0406,2023-09-29,35.12
TXN_12089,CUST_0406,2023-07-02,193.22
TXN_12090,CUST_0406,2023-06-20,206.97
TXN_12091,CUST_0406,2023-06-19,169.42
TXN_12092,CUST_0406,2023-07-18,158.7
TXN_12093,CUST_0406,2023-09-04,95.48
TXN_12094,CUST_0406,2023-06-26,31.37
TXN_12095,CUST_0406,2023-08-15,137.35
TXN_12096,CUST_0407,2023-11-22,48.16
TXN_12097,CUST_0407,2023-12-04,57.13
TXN_12098,CUST_0407,2023-11-25,20.91
TXN_12099,CUST_0407,2023-12-08,205.44
TXN_12100,CUST_0408,2023-10-16,19.22
TXN_12101,CUST_0408,2023-09-30,134.94
TXN_12102,CUST_0408,2023-12-31,177.9
TXN_12103,CUST_0408,2023-09-30,59.5
TXN_12104,CUST_0408,2023-11-13,212.74
TXN_12105,CUST_0408,2023-10-28,166.44
TXN_12106,CUST_0408,2023-09-28,209.7
TXN_12107,CUST_0408,2023-11-15,75.87
TXN_12108,CUST_0408,2023-11-05,65.49
TXN_12109,CUST_0408,2023-09-29,62.27
TXN_12110,CUST_0408,2023-10-04,94.37
TXN_12111,CUST_0408,2023-10-14,134.51
TXN_12112,CUST_0408,2023-10-18,78.61
TXN_12113,CUST_0408,2023-09-28,157.2
TXN_12114,CUST_0409,2023-03-31,218.73
TXN_12115,CUST_0410,2023-04-16,39.77
TXN_12116,CUST_0410,2023-04-28,95.16
TXN_12117,CUST_0410,2023-06-19,182.25
TXN_12118,CUST_0410,2023-05-01,173.04
TXN_12119,CUST_0410,2023-07-27,146.28
TXN_12120,CUST_0410,2023-11-02,41.08
TXN_12121,CUST_0410,2023-04-28,115.74
TXN_12122,CUST_0410,2023-04-22,148.08
TXN_12123,CUST_0410,2023-05-25,81.88
TXN_12124,CUST_0410,2023-04-27,93.8
TXN_12125,CUST_0410,2023-07-02,150.31
TXN_12126,CUST_0410,2023-04-26,44.36
TXN_12127,CUST_0410,2023-04-13,17.92
TXN_12128,CUST_0411,2023-09-22,124.95
TXN_12129,CUST_0411,2023-10-26,210.06
TXN_12130,CUST_0411,2023-09-22,215.32
TXN_12131,CUST_0411,2023-10-17,61.37
TXN_12132,CUST_0411,2023-10-03,81.25
TXN_12133,CUST_0411,2023-10-16,27.15
TXN_12134,CUST_0411,2023-09-26,205.98
TXN_12135,CUST_0412,2023-03-21,121.54
TXN_12136,CUST_0413,2023-06-15,242.45
TXN_12137,CUST_0413,2023-09-19,120.48
TXN_12138,CUST_0413,2023-03-07,126.87
TXN_12139,CUST_0414,2023-08-12,151.47
TXN_12140,CUST_0414,2023-05-30,55.13
TXN_12141,CUST_0414,2023-05-10,150.24
TXN_12142,CUST_0414,2023-06-04,136.01
TXN_12143,CUST_0414,2023-05-04,170.78
TXN_12144,CUST_0414,2023-09-28,75.62
TXN_12145,CUST_0414,2023-06-14,244.25
TXN_12146,CUST_0414,2023-05-22,154.84
TXN_12147,CUST_0414,2023-04-26,157.41
TXN_12148,CUST_0414,2023-04-26,240.42
TXN_12149,CUST_0415,2023-01-13,150.75
TXN_12150,CUST_0415,2023-02-27,79.73
TXN_12151,CUST_0415,2023-07-21,101.24
TXN_12152,CUST_0415,2023-02-19,214.75
TXN_12153,CUST_0415,2023-08-17,98.75
TXN_12154,CUST_0415,2023-08-07,214.93
TXN_12155,CUST_0415,2023-03-12,30.62
TXN_12156,CUST_0415,2023-01-05,137.97
TXN_12157,CUST_0415,2023-02-24,249.33
TXN_12158,CUST_0415,2023-07-01,193.9
TXN_12159,CUST_0416,2023-05-16,54.01
TXN_12160,CUST_0416,2023-08-10,103.89
TXN_12161,CUST_0416,2023-06-07,163.14
TXN_12162,CUST_0416,2023-11-07,113.49
TXN_12163,CUST_0416,2023-08-24,78.06
TXN_12164,CUST_0416,2023-07-26,15.37
TXN_12165,CUST_0416,2023-10-09,22.14
TXN_12166,CUST_0416,2023-07-30,25.87
TXN_12167,CUST_0416,2023-05-10,131.84
TXN_12168,CUST_0416,2023-05-30,60.08
TXN_12169,CUST_0416,2023-05-18,186.01
TXN_12170,CUST_0416,2023-07-18,31.88
TXN_12171,CUST_0416,2023-08-11,27.47
TXN_12172,CUST_0417,2023-07-26,176.94
TXN_12173,CUST_0417,2023-08-30,216.79
TXN_12174,CUST_0417,2023-07-22,199.63
TXN_12175,CUST_0417,2023-09-16,42.03
TXN_12176,CUST_0417,2023-09-19,118.76
TXN_12177,CUST_0417,2023-12-25,48.28
TXN_12178,CUST_0417,2023-09-10,104.77
TXN_12179,CUST_0417,2023-12-31,92.54
TXN_12180,CUST_0417,2023-12-31,226.85
TXN_12181,CUST_0417,2023-08-01,203.83
TXN_12182,CUST_0417,2023-12-31,74.38
TXN_12183,CUST_0418,2023-10-21,241.55
TXN_12184,CUST_0418,2023-09-22,20.3
TXN_12185,CUST_0418,2023-09-20,27.32
TXN_12186,CUST_0418,2023-12-09,184.5
TXN_12187,CUST_0418,2023-10-27,137.8
TXN_12188,CUST_0418,2023-11-10,51.58
TXN_12189,CUST_0418,2023-10-06,130.15
TXN_12190,CUST_0418,2023-09-23,113.59
TXN_12191,CUST_0418,2023-10-02,23.36
TXN_12192,CUST_0418,2023-09-24,194.55
TXN_12193,CUST_0418,2023-09-19,234.55
TXN_12194,CUST_0418,2023-09-22,202.82
TXN_12195,CUST_0419,2023-12-31,235.57
TXN_12196,CUST_0419,2023-12-31,58.67
TXN_12197,CUST_0419,2023-12-31,244.83
TXN_12198,CUST_0419,2023-12-31,248.66
TXN_12199,CUST_0419,2023-12-31,145.57
TXN_12200,CUST_0419,2023-12-31,54.98
TXN_12201,CUST_0420,2023-12-18,87.69
TXN_12202,CUST_0421,2023-12-31,51.04
TXN_12203,CUST_0422,2023-12-21,99.64
TXN_12204,CUST_0422,2023-12-31,231.89
TXN_12205,CUST_0422,2023-12-28,121.24
TXN_12206,CUST_0422,2023-12-27,26.37
TXN_12207,CUST_0422,2023-12-21,112.28
TXN_12208,CUST_0422,2023-12-23,76.92
TXN_12209,CUST_0422,2023-12-22,53.25
TXN_12210,CUST_0422,2023-12-23,201.55
TXN_12211,CUST_0422,2023-12-24,40.33
TXN_12212,CUST_0422,2023-12-23,178.95
TXN_12213,CUST_0422,2023-12-23,107.04
TXN_12214,CUST_0422,2023-12-24,242.63
TXN_12215,CUST_0422,2023-12-21,106.65
TXN_12216,CUST_0422,2023-12-22,150.59
TXN_12217,CUST_0423,2023-11-10,82.06
TXN_12218,CUST_0424,2023-12-13,152.68
TXN_12219,CUST_0424,2023-11-25,204.0
TXN_12220,CUST_0424,2023-11-24,108.54
TXN_12221,CUST_0425,2023-09-20,213.74
TXN_12222,CUST_0425,2023-06-02,242.8
TXN_12223,CUST_0425,2023-12-31,99.01
TXN_12224,CUST_0425,2023-05-29,54.26
TXN_12225,CUST_0425,2023-12-31,147.31
TXN_12226,CUST_0426,2023-10-06,75.39
TXN_12227,CUST_0427,2023-11-02,169.19
TXN_12228,CUST_0427,2023-10-22,129.04
TXN_12229,CUST_0427,2023-07-05,230.97
TXN_12230,CUST_0427,2023-11-04,120.32
TXN_12231,CUST_0427,2023-05-29,107.4
TXN_12232,CUST_0428,2023-05-15,78.12
TXN_12233,CUST_0429,2023-06-28,92.27
TXN_12234,CUST_0429,2023-08-20,84.08
TXN_12235,CUST_0429,2023-06-23,52.28
TXN_12236,CUST_0429,2023-07-02,39.89
TXN_12237,CUST_0429,2023-06-08,204.09
TXN_12238,CUST_0429,2023-06-17,197.35
TXN_12239,CUST_0430,2023-10-10,17.24
TXN_12240,CUST_0430,2023-07-03,228.2
TXN_12241,CUST_0430,2023-09-01,142.57
TXN_12242,CUST_0430,2023-07-20,96.73
TXN_12243,CUST_0431,2023-05-25,131.82
TXN_12244,CUST_0431,2023-09-04,208.47
TXN_12245,CUST_0431,2023-10-27,129.61
TXN_12246,CUST_0431,2023-08-06,33.69
TXN_12247,CUST_0432,2023-10-18,113.26
TXN_12248,CUST_0432,2023-11-13,248.39
TXN_12249,CUST_0432,2023-05-09,69.77
TXN_12250,CUST_0432,2023-12-31,240.21
TXN_12251,CUST_0432,2023-05-08,18.52
TXN_12252,CUST_0432,2023-05-14,249.06
TXN_12253,CUST_0432,2023-05-16,133.1
TXN_12254,CUST_0432,2023-10-01,19.79
TXN_12255,CUST_0432,2023-07-14,80.1
TXN_12256,CUST_0432,2023-10-08,81.61
TXN_12257,CUST_0432,2023-08-02,173.44
TXN_12258,CUST_0433,2023-11-15,111.17
TXN_12259,CUST_0434,2023-11-20,203.09
TXN_12260,CUST_0435,2023-06-25,209.38
TXN_12261,CUST_0435,2023-05-22,79.73
TXN_12262,CUST_0435,2023-04-30,141.01
TXN_12263,CUST_0435,2023-05-26,118.43
TXN_12264,CUST_0435,2023-04-10,183.87
TXN_12265,CUST_0435,2023-04-23,61.28
TXN_12266,CUST_0435,2023-05-20,68.53
TXN_12267,CUST_0435,2023-06-20,102.29
TXN_12268,CUST_0435,2023-05-26,141.23
TXN_12269,CUST_0435,2023-04-22,51.6
TXN_12270,CUST_0435,2023-10-12,116.93
TXN_12271,CUST_0435,2023-05-20,23.37
TXN_12272,CUST_0436,2023-12-31,18.07
TXN_12273,CUST_0436,2023-03-18,168.63
TXN_12274,CUST_0436,2023-03-01,29.95
TXN_12275,CUST_0436,2023-03-24,135.42
TXN_12276,CUST_0436,2023-05-18,23.05
TXN_12277,CUST_0436,2023-03-18,132.43
TXN_12278,CUST_0436,2023-05-30,49.87
TXN_12279,CUST_0436,2023-04-20,227.53
TXN_12280,CUST_0436,2023-12-31,247.0
TXN_12281,CUST_0437,2023-12-14,152.59
TXN_12282,CUST_0437,2023-12-14,35.43
TXN_12283,CUST_0438,2023-08-26,115.58
TXN_12284,CUST_0439,2023-04-27,83.89
TXN_12285,CUST_0439,2023-04-27,103.41
TXN_12286,CUST_0439,2023-05-02,229.68
TXN_12287,CUST_0439,2023-06-10,122.98
TXN_12288,CUST_0439,2023-06-01,162.46
TXN_12289,CUST_0439,2023-08-31,167.31
TXN_12290,CUST_0439,2023-08-19,227.9
TXN_12291,CUST_0439,2023-10-08,173.4
TXN_12292,CUST_0439,2023-05-16,164.86
TXN_12293,CUST_0439,2023-06-24,183.55
TXN_12294,CUST_0439,2023-09-21,189.54
TXN_12295,CUST_0439,2023-09-28,30.01
TXN_12296,CUST_0439,2023-04-29,75.75
TXN_12297,CUST_0440,2023-11-19,192.11
TXN_12298,CUST_0440,2023-11-17,106.3
TXN_12299,CUST_0440,2023-12-15,185.24
TXN_12300,CUST_0440,2023-11-22,65.46
TXN_12301,CUST_0440,2023-11-20,81.76
TXN_12302,CUST_0441,2023-11-13,74.24
TXN_12303,CUST_0442,2023-06-02,127.96
TXN_12304,CUST_0442,2023-06-23,43.38
TXN_12305,CUST_0442,2023-06-20,82.58
TXN_12306,CUST_0442,2023-05-20,81.31
TXN_12307,CUST_0442,2023-05-28,187.51
TXN_12308,CUST_0442,2023-05-09,160.1
TXN_12309,CUST_0442,2023-08-28,127.97
TXN_12310,CUST_0442,2023-12-05,181.35
TXN_12311,CUST_0442,2023-08-24,61.28
TXN_12312,CUST_0443,2023-12-31,215.84
TXN_12313,CUST_0443,2023-05-29,91.98
TXN_12314,CUST_0443,2023-05-27,130.59
TXN_12315,CUST_0443,2023-05-10,172.77
TXN_12316,CUST_0443,2023-07-06,226.18
TXN_12317,CUST_0443,2023-05-23,203.97
TXN_12318,CUST_0443,2023-09-09,44.89
TXN_12319,CUST_0443,2023-06-17,54.99
TXN_12320,CUST_0443,2023-06-01,76.86
TXN_12321,CUST_0443,2023-07-11,111.68
TXN_12322,CUST_0443,2023-12-27,44.7
TXN_12323,CUST_0443,2023-12-31,69.2
TXN_12324,CUST_0443,2023-09-02,94.66
TXN_12325,CUST_0444,2023-09-14,87.58
TXN_12326,CUST_0445,2023-06-19,18.79
TXN_12327,CUST_0445,2023-05-12,58.46
TXN_12328,CUST_0445,2023-05-11,95.26
TXN_12329,CUST_0445,2023-12-31,134.67
TXN_12330,CUST_0446,2023-02-17,20.44
TXN_12331,CUST_0446,2023-03-26,128.65
TXN_12332,CUST_0446,2023-01-21,194.62
TXN_12333,CUST_0446,2023-03-24,94.66
TXN_12334,CUST_0446,2023-01-20,144.76
TXN_12335,CUST_0447,2023-09-18,195.45
TXN_12336,CUST_0447,2023-08-28,43.88
TXN_12337,CUST_0447,2023-09-05,109.46
TXN_12338,CUST_0447,2023-11-13,96.37
TXN_12339,CUST_0447,2023-10-10,181.69
TXN_12340,CUST_0448,2023-10-26,123.01
TXN_12341,CUST_0448,2023-10-23,162.42
TXN_12342,CUST_0448,2023-10-25,242.48
TXN_12343,CUST_0448,2023-11-16,47.13
TXN_12344,CUST_0448,2023-10-30,105.57
TXN_12345,CUST_0449,2023-05-03,95.62
TXN_12346,CUST_0449,2023-05-23,184.3
TXN_12347,CUST_0449,2023-06-09,236.74
TXN_12348,CUST_0449,2023-04-09,133.22
TXN_12349,CUST_0449,2023-06-23,231.25
TXN_12350,CUST_0449,2023-04-10,149.77
TXN_12351,CUST_0449,2023-09-25,71.85
TXN_12352,CUST_0449,2023-10-10,19.48
TXN_12353,CUST_0449,2023-08-02,234.28
TXN_12354,CUST_0450,2023-07-29,29.41
TXN_12355,CUST_0450,2023-07-04,131.71
TXN_12356,CUST_0450,2023-05-18,231.26
TXN_12357,CUST_0450,2023-06-21,248.72
TXN_12358,CUST_0450,2023-06-18,157.87
TXN_12359,CUST_0450,2023-05-14,121.74
TXN_12360,CUST_0450,2023-05-27,211.36
TXN_12361,CUST_0450,2023-09-05,208.68
TXN_12362,CUST_0450,2023-08-16,210.68
TXN_12363,CUST_0450,2023-05-23,121.23
TXN_12364,CUST_0451,2023-11-19,46.48
TXN_12365,CUST_0451,2023-07-28,16.02
TXN_12366,CUST_0451,2023-11-26,41.44
TXN_12367,CUST_0452,2023-03-31,102.79
TXN_12368,CUST_0453,2023-06-18,119.08
TXN_12369,CUST_0454,2023-09-10,205.45
TXN_12370,CUST_0455,2023-09-30,115.78
TXN_12371,CUST_0455,2023-10-14,58.41
TXN_12372,CUST_0455,2023-10-14,56.04
TXN_12373,CUST_0455,2023-11-26,85.08
TXN_12374,CUST_0455,2023-10-27,133.17
TXN_12375,CUST_0455,2023-09-30,236.42
TXN_12376,CUST_0455,2023-10-22,91.39
TXN_12377,CUST_0456,2023-08-01,19.82
TXN_12378,CUST_0457,2023-08-23,219.89
TXN_12379,CUST_0458,2023-05-28,246.81
TXN_12380,CUST_0458,2023-07-18,197.58
TXN_12381,CUST_0458,2023-09-29,65.68
TXN_12382,CUST_0458,2023-03-18,128.48
TXN_12383,CUST_0458,2023-05-20,209.86
TXN_12384,CUST_0458,2023-05-06,149.15
TXN_12385,CUST_0458,2023-05-22,23.98
TXN_12386,CUST_0458,2023-06-12,209.59
TXN_12387,CUST_0458,2023-03-26,154.67
TXN_12388,CUST_0458,2023-06-06,53.58
TXN_12389,CUST_0458,2023-03-23,245.31
TXN_12390,CUST_0458,2023-04-28,68.44
TXN_12391,CUST_0458,2023-03-28,171.89
TXN_12392,CUST_0459,2023-10-07,224.98
TXN_12393,CUST_0459,2023-10-19,88.64
TXN_12394,CUST_0459,2023-10-22,106.67
TXN_12395,CUST_0459,2023-12-01,233.38
TXN_12396,CUST_0459,2023-10-15,218.02
TXN_12397,CUST_0460,2023-12-16,150.59
TXN_12398,CUST_0460,2023-12-16,208.66
TXN_12399,CUST_0460,2023-12-15,147.73
TXN_12400,CUST_0460,2023-12-17,90.83
TXN_12401,CUST_0460,2023-12-20,215.1
TXN_12402,CUST_0460,2023-12-20,215.5
TXN_12403,CUST_0460,2023-12-16,137.08
TXN_12404,CUST_0460,2023-12-18,17.74
TXN_12405,CUST_0460,2023-12-19,170.46
TXN_12406,CUST_0460,2023-12-19,188.03
TXN_12407,CUST_0460,2023-12-19,30.69
TXN_12408,CUST_0460,2023-12-15,155.17
TXN_12409,CUST_0460,2023-12-16,33.72
TXN_12410,CUST_0460,2023-12-17,145.27
TXN_12411,CUST_0461,2023-10-24,166.29
TXN_12412,CUST_0462,2023-07-30,167.44
TXN_12413,CUST_0463,2023-08-08,102.78
TXN_12414,CUST_0463,2023-08-27,211.39
TXN_12415,CUST_0463,2023-08-23,135.46
TXN_12416,CUST_0463,2023-07-16,165.95
TXN_12417,CUST_0463,2023-08-22,146.3
TXN_12418,CUST_0463,2023-08-10,37.7
TXN_12419,CUST_0463,2023-12-31,200.83
TXN_12420,CUST_0463,2023-07-05,147.26
TXN_12421,CUST_0463,2023-06-06,24.69
TXN_12422,CUST_0463,2023-06-23,177.08
TXN_12423,CUST_0463,2023-10-15,146.41
TXN_12424,CUST_0463,2023-07-26,109.54
TXN_12425,CUST_0464,2023-06-02,193.76
TXN_12426,CUST_0465,2023-04-04,27.28
TXN_12427,CUST_0465,2023-04-23,32.45
TXN_12428,CUST_0466,2023-10-12,24.14
TXN_12429,CUST_0467,2023-11-23,41.52
TXN_12430,CUST_0467,2023-11-01,38.8
TXN_12431,CUST_0467,2023-12-05,134.29
TXN_12432,CUST_0467,2023-11-25,101.5
TXN_12433,CUST_0468,2023-08-10,81.15
TXN_12434,CUST_0469,2023-05-30,20.11
TXN_12435,CUST_0470,2023-02-28,213.84
TXN_12436,CUST_0470,2023-07-07,64.75
TXN_12437,CUST_0470,2023-03-04,89.33
TXN_12438,CUST_0471,2023-05-22,170.99
TXN_12439,CUST_0471,2023-06-03,136.6
TXN_12440,CUST_0471,2023-05-25,248.05
TXN_12441,CUST_0472,2023-08-31,212.34
TXN_12442,CUST_0472,2023-12-31,83.76
TXN_12443,CUST_0472,2023-09-13,236.28
TXN_12444,CUST_0472,2023-10-17,84.48
TXN_12445,CUST_0472,2023-10-01,236.89
TXN_12446,CUST_0472,2023-11-04,189.33
TXN_12447,CUST_0472,2023-10-21,56.83
TXN_12448,CUST_0472,2023-11-07,79.89
TXN_12449,CUST_0473,2023-07-30,223.35
TXN_12450,CUST_0473,2023-10-05,114.37
TXN_12451,CUST_0473,2023-08-31,101.95
TXN_12452,CUST_0473,2023-10-03,199.28
TXN_12453,CUST_0473,2023-10-08,184.81
TXN_12454,CUST_0473,2023-08-04,94.42
TXN_12455,CUST_0473,2023-08-26,92.74
TXN_12456,CUST_0473,2023-10-06,92.4
TXN_12457,CUST_0473,2023-07-30,108.77
TXN_12458,CUST_0473,2023-12-31,68.08
TXN_12459,CUST_0473,2023-09-11,116.75
TXN_12460,CUST_0473,2023-07-26,129.65
TXN_12461,CUST_0474,2023-11-14,82.9
TXN_12462,CUST_0474,2023-08-10,235.09
TXN_12463,CUST_0474,2023-08-29,150.46
TXN_12464,CUST_0474,2023-10-21,91.21
TXN_12465,CUST_0474,2023-10-06,46.82
TXN_12466,CUST_0474,2023-08-22,49.01
TXN_12467,CUST_0475,2023-12-12,77.42
TXN_12468,CUST_0475,2023-12-16,203.65
TXN_12469,CUST_0475,2023-12-09,24.83
TXN_12470,CUST_0475,2023-12-14,147.19
TXN_12471,CUST_0475,2023-12-11,166.32
TXN_12472,CUST_0475,2023-12-13,73.89
TXN_12473,CUST_0476,2023-04-09,221.86
TXN_12474,CUST_0477,2023-12-31,112.71
TXN_12475,CUST_0477,2023-06-30,181.8
TXN_12476,CUST_0477,2023-12-31,72.48
TXN_12477,CUST_0477,2023-08-09,137.39
TXN_12478,CUST_0477,2023-05-07,197.5
TXN_12479,CUST_0477,2023-06-19,170.33
TXN_12480,CUST_0477,2023-05-14,128.1
TXN_12481,CUST_0478,2023-11-04,155.05
TXN_12482,CUST_0478,2023-10-16,55.01
TXN_12483,CUST_0478,2023-11-10,113.67
TXN_12484,CUST_0478,2023-11-02,29.8
TXN_12485,CUST_0478,2023-11-30,199.36
TXN_12486,CUST_0478,2023-10-21,164.07
TXN_12487,CUST_0478,2023-11-28,165.6
TXN_12488,CUST_0478,2023-10-25,169.19
TXN_12489,CUST_0478,2023-10-21,89.79
TXN_12490,CUST_0478,2023-10-22,145.88
TXN_12491,CUST_0478,2023-10-18,234.33
TXN_12492,CUST_0478,2023-10-26,66.46
TXN_12493,CUST_0478,2023-11-02,80.09
TXN_12494,CUST_0479,2023-09-22,82.12
TXN_12495,CUST_0479,2023-09-22,216.02
TXN_12496,CUST_0479,2023-09-12,32.88
TXN_12497,CUST_0479,2023-09-22,61.97
TXN_12498,CUST_0479,2023-09-20,202.52
TXN_12499,CUST_0479,2023-10-11,16.36
TXN_12500,CUST_0479,2023-10-01,110.85
TXN_12501,CUST_0479,2023-09-15,173.89
TXN_12502,CUST_0479,2023-10-25,184.41
TXN_12503,CUST_0480,2023-08-27,246.3
TXN_12504,CUST_0480,2023-11-02,125.4
TXN_12505,CUST_0480,2023-09-17,213.15
TXN_12506,CUST_0480,2023-09-10,63.42
TXN_12507,CUST_0480,2023-11-02,141.38
TXN_12508,CUST_0480,2023-08-17,133.81
TXN_12509,CUST_0481,2023-12-23,220.67
TXN_12510,CUST_0481,2023-12-24,110.03
TXN_12511,CUST_0481,2023-12-23,179.69
TXN_12512,CUST_0481,2023-12-29,103.21
TXN_12513,CUST_0481,2023-12-23,145.39
TXN_12514,CUST_0481,2023-12-27,15.89
TXN_12515,CUST_0481,2023-12-25,155.18
TXN_12516,CUST_0481,2023-12-24,121.08
TXN_12517,CUST_0482,2023-07-19,164.12
TXN_12518,CUST_0483,2023-10-06,77.6
TXN_12519,CUST_0483,2023-12-04,232.93
TXN_12520,CUST_0483,2023-09-26,224.22
TXN_12521,CUST_0483,2023-09-25,188.15
TXN_12522,CUST_0483,2023-10-01,43.81
TXN_12523,CUST_0484,2023-06-15,101.29
TXN_12524,CUST_0484,2023-01-12,38.62
TXN_12525,CUST_0484,2023-04-01,177.14
TXN_12526,CUST_0484,2023-02-27,178.44
TXN_12527,CUST_0485,2023-09-08,70.69
TXN_12528,CUST_0485,2023-09-26,59.38
TXN_12529,CUST_0485,2023-09-15,140.58
TXN_12530,CUST_0485,2023-11-12,109.43
TXN_12531,CUST_0485,2023-10-23,221.02
TXN_12532,CUST_0485,2023-09-12,204.69
TXN_12533,CUST_0485,2023-10-29,98.88
TXN_12534,CUST_0486,2023-11-22,121.63
TXN_12535,CUST_0486,2023-11-30,176.54
TXN_12536,CUST_0486,2023-12-04,205.52
TXN_12537,CUST_0486,2023-11-21,84.66
TXN_12538,CUST_0486,2023-11-25,49.31
TXN_12539,CUST_0486,2023-11-25,87.79
TXN_12540,CUST_0486,2023-11-30,170.97
TXN_12541,CUST_0486,2023-11-27,184.08
TXN_12542,CUST_0486,2023-11-26,83.22
TXN_12543,CUST_0487,2023-04-17,113.22
TXN_12544,CUST_0487,2023-12-18,184.56
TXN_12545,CUST_0487,2023-04-18,213.88
TXN_12546,CUST_0487,2023-08-04,158.57
TXN_12547,CUST_0487,2023-09-08,109.97
TXN_12548,CUST_0488,2023-11-03,143.98
TXN_12549,CUST_0489,2023-08-04,172.09
TXN_12550,CUST_0489,2023-08-29,19.19
TXN_12551,CUST_0489,2023-08-16,35.79
TXN_12552,CUST_0489,2023-06-30,200.93
TXN_12553,CUST_0489,2023-07-17,95.05
TXN_12554,CUST_0489,2023-07-03,57.18
TXN_12555,CUST_0490,2023-10-12,53.71
TXN_12556,CUST_0490,2023-08-31,77.24
TXN_12557,CUST_0490,2023-08-31,181.46
TXN_12558,CUST_0491,2023-10-08,38.48
TXN_12559,CUST_0492,2023-12-27,98.62
TXN_12560,CUST_0492,2023-06-16,159.81
TXN_12561,CUST_0493,2023-05-26,57.85
TXN_12562,CUST_0493,2023-12-17,192.44
TXN_12563,CUST_0493,2023-04-26,94.36
TXN_12564,CUST_0493,2023-09-01,178.48
TXN_12565,CUST_0493,2023-08-14,118.68
TXN_12566,CUST_0493,2023-07-28,105.83
TXN_12567,CUST_0494,2023-10-20,244.36
TXN_12568,CUST_0495,2023-11-29,173.39
TXN_12569,CUST_0496,2023-03-21,104.98
TXN_12570,CUST_0496,2023-02-07,156.99
TXN_12571,CUST_0496,2023-09-15,91.3
TXN_12572,CUST_0496,2023-03-05,110.56
TXN_12573,CUST_0496,2023-04-13,68.68
TXN_12574,CUST_0496,2023-07-30,84.47
TXN_12575,CUST_0496,2023-05-31,135.61
TXN_12576,CUST_0496,2023-04-20,57.21
TXN_12577,CUST_0496,2023-06-12,59.33
TXN_12578,CUST_0496,2023-01-18,143.47
TXN_12579,CUST_0497,2023-02-24,133.71
TXN_12580,CUST_0497,2023-04-14,204.31
TXN_12581,CUST_0497,2023-07-17,151.62
TXN_12582,CUST_0497,2023-07-11,60.07
TXN_12583,CUST_0497,2023-01-21,220.3
TXN_12584,CUST_0497,2023-01-25,72.97
TXN_12585,CUST_0497,2023-06-03,111.22
TXN_12586,CUST_0497,2023-09-16,85.03
TXN_12587,CUST_0497,2023-01-17,85.65
TXN_12588,CUST_0498,2023-11-03,26.05
TXN_12589,CUST_0498,2023-12-05,206.0
TXN_12590,CUST_0499,2023-12-09,238.04
TXN_12591,CUST_0499,2023-12-31,70.32
TXN_12592,CUST_0499,2023-12-14,103.84
TXN_12593,CUST_0500,2023-09-04,123.23
TXN_12594,CUST_0501,2023-10-26,84.09
TXN_12595,CUST_0501,2023-10-14,85.72
TXN_12596,CUST_0501,2023-09-21,110.69
TXN_12597,CUST_0501,2023-09-24,140.68
TXN_12598,CUST_0502,2023-07-27,51.98
TXN_12599,CUST_0503,2023-12-06,86.75
TXN_12600,CUST_0503,2023-12-24,165.73
TXN_12601,CUST_0504,2023-10-06,16.91
TXN_12602,CUST_0504,2023-06-18,159.78
TXN_12603,CUST_0504,2023-07-04,246.29
TXN_12604,CUST_0504,2023-06-03,249.67
TXN_12605,CUST_0504,2023-08-09,146.3
TXN_12606,CUST_0504,2023-06-05,79.23
TXN_12607,CUST_0504,2023-12-01,98.25
TXN_12608,CUST_0505,2023-07-19,84.64
TXN_12609,CUST_0505,2023-09-15,69.01
TXN_12610,CUST_0505,2023-06-27,183.08
TXN_12611,CUST_0505,2023-07-08,39.55
TXN_12612,CUST_0505,2023-07-13,104.28
TXN_12613,CUST_0505,2023-08-06,25.47
TXN_12614,CUST_0505,2023-12-31,183.27
TXN_12615,CUST_0506,2023-07-07,120.41
TXN_12616,CUST_0507,2023-04-06,98.42
TXN_12617,CUST_0507,2023-02-10,173.2
TXN_12618,CUST_0507,2023-08-14,86.65
TXN_12619,CUST_0507,2023-12-31,32.83
TXN_12620,CUST_0507,2023-06-01,120.33
TXN_12621,CUST_0507,2023-04-08,122.55
TXN_12622,CUST_0507,2023-03-07,183.16
TXN_12623,CUST_0508,2023-08-11,99.63
TXN_12624,CUST_0508,2023-08-05,177.13
TXN_12625,CUST_0508,2023-11-08,63.64
TXN_12626,CUST_0508,2023-11-30,206.57
TXN_12627,CUST_0508,2023-12-31,221.86
TXN_12628,CUST_0508,2023-07-18,39.9
TXN_12629,CUST_0509,2023-05-11,159.33
TXN_12630,CUST_0510,2023-09-28,34.35
TXN_12631,CUST_0510,2023-09-25,116.66
TXN_12632,CUST_0510,2023-10-17,164.85
TXN_12633,CUST_0510,2023-10-06,181.95
TXN_12634,CUST_0511,2023-12-13,149.38
TXN_12635,CUST_0512,2023-04-30,239.66
TXN_12636,CUST_0512,2023-03-30,136.42
TXN_12637,CUST_0512,2023-07-17,145.86
TXN_12638,CUST_0512,2023-11-25,103.82
TXN_12639,CUST_0512,2023-05-07,35.8
TXN_12640,CUST_0512,2023-06-07,82.73
TXN_12641,CUST_0512,2023-03-23,142.96
TXN_12642,CUST_0513,2023-09-03,161.59
TXN_12643,CUST_0513,2023-06-30,125.32
TXN_12644,CUST_0513,2023-09-08,139.42
TXN_12645,CUST_0514,2023-11-30,158.44
TXN_12646,CUST_0515,2023-03-19,100.39
TXN_12647,CUST_0515,2023-04-20,245.05
TXN_12648,CUST_0515,2023-03-04,99.01
TXN_12649,CUST_0515,2023-07-02,241.53
TXN_12650,CUST_0515,2023-03-02,68.43
TXN_12651,CUST_0515,2023-03-11,19.92
TXN_12652,CUST_0515,2023-05-22,172.62
TXN_12653,CUST_0515,2023-05-22,31.76
TXN_12654,CUST_0515,2023-02-19,64.44
TXN_12655,CUST_0515,2023-03-20,199.84
TXN_12656,CUST_0515,2023-03-02,25.36
TXN_12657,CUST_0515,2023-04-06,112.85
TXN_12658,CUST_0516,2023-12-31,42.18
TXN_12659,CUST_0516,2023-12-22,187.34
TXN_12660,CUST_0516,2023-06-01,166.64
TXN_12661,CUST_0516,2023-08-19,40.13
TXN_12662,CUST_0516,2023-04-29,178.82
TXN_12663,CUST_0516,2023-05-18,210.7
TXN_12664,CUST_0516,2023-02-21,177.31
TXN_12665,CUST_0516,2023-05-05,104.1
TXN_12666,CUST_0516,2023-03-29,160.9
TXN_12667,CUST_0516,2023-10-08,131.6
TXN_12668,CUST_0516,2023-08-18,109.51
TXN_12669,CUST_0516,2023-02-24,29.45
TXN_12670,CUST_0516,2023-02-18,104.34
TXN_12671,CUST_0517,2023-11-14,189.56
TXN_12672,CUST_0518,2023-02-10,79.45
TXN_12673,CUST_0519,2023-04-06,51.05
TXN_12674,CUST_0519,2023-05-24,31.1
TXN_12675,CUST_0519,2023-06-08,121.93
TXN_12676,CUST_0519,2023-08-14,170.05
TXN_12677,CUST_0519,2023-05-28,67.8
TXN_12678,CUST_0519,2023-07-30,181.35
TXN_12679,CUST_0519,2023-04-19,229.97
TXN_12680,CUST_0519,2023-04-10,27.93
TXN_12681,CUST_0519,2023-04-23,228.72
TXN_12682,CUST_0519,2023-06-10,200.17
TXN_12683,CUST_0520,2023-11-12,99.2
TXN_12684,CUST_0521,2023-10-05,63.26
TXN_12685,CUST_0521,2023-10-29,179.43
TXN_12686,CUST_0521,2023-09-20,227.3
TXN_12687,CUST_0521,2023-09-14,245.93
TXN_12688,CUST_0521,2023-11-22,176.66
TXN_12689,CUST_0522,2023-12-12,114.42
TXN_12690,CUST_0522,2023-09-12,125.67
TXN_12691,CUST_0522,2023-12-10,105.96
TXN_12692,CUST_0522,2023-10-02,203.7
TXN_12693,CUST_0522,2023-09-21,69.88
TXN_12694,CUST_0522,2023-12-31,239.79
TXN_12695,CUST_0522,2023-11-14,176.77
TXN_12696,CUST_0522,2023-09-13,229.65
TXN_12697,CUST_0522,2023-09-12,203.19
TXN_12698,CUST_0522,2023-12-10,156.71
TXN_12699,CUST_0523,2023-04-17,132.75
TXN_12700,CUST_0523,2023-03-18,46.06
TXN_12701,CUST_0523,2023-03-27,172.98
TXN_12702,CUST_0523,2023-07-21,139.73
TXN_12703,CUST_0524,2023-09-09,135.16
TXN_12704,CUST_0524,2023-12-31,127.47
TXN_12705,CUST_0524,2023-10-02,231.62
TXN_12706,CUST_0524,2023-08-26,227.0
TXN_12707,CUST_0524,2023-12-05,233.71
TXN_12708,CUST_0524,2023-08-18,109.08
TXN_12709,CUST_0525,2023-12-03,86.78
TXN_12710,CUST_0525,2023-12-15,26.17
TXN_12711,CUST_0525,2023-12-05,180.96
TXN_12712,CUST_0525,2023-12-17,122.0
TXN_12713,CUST_0526,2023-07-05,114.7
TXN_12714,CUST_0526,2023-05-20,48.08
TXN_12715,CUST_0526,2023-06-04,152.99
TXN_12716,CUST_0526,2023-05-29,91.54
TXN_12717,CUST_0526,2023-07-26,32.55
TXN_12718,CUST_0526,2023-11-11,19.85
TXN_12719,CUST_0526,2023-12-31,123.65
TXN_12720,CUST_0526,2023-05-18,75.26
TXN_12721,CUST_0526,2023-03-31,79.58
TXN_12722,CUST_0526,2023-04-10,170.06
TXN_12723,CUST_0526,2023-05-05,195.29
TXN_12724,CUST_0526,2023-04-21,226.56
TXN_12725,CUST_0526,2023-06-06,41.91
TXN_12726,CUST_0526,2023-05-16,63.59
TXN_12727,CUST_0527,2023-10-14,172.89
TXN_12728,CUST_0528,2023-12-31,236.28
TXN_12729,CUST_0528,2023-10-01,132.49
TXN_12730,CUST_0528,2023-04-16,66.21
TXN_12731,CUST_0528,2023-07-06,114.11
TXN_12732,CUST_0528,2023-04-17,127.56
TXN_12733,CUST_0528,2023-04-04,187.47
TXN_12734,CUST_0528,2023-04-09,162.84
TXN_12735,CUST_0529,2023-05-26,182.81
TXN_12736,CUST_0529,2023-07-31,47.49
TXN_12737,CUST_0529,2023-12-31,207.94
TXN_12738,CUST_0529,2023-04-20,58.75
TXN_12739,CUST_0529,2023-04-12,47.52
TXN_12740,CUST_0529,2023-08-04,125.37
TXN_12741,CUST_0529,2023-08-18,190.37
TXN_12742,CUST_0529,2023-06-24,176.3
TXN_12743,CUST_0529,2023-04-01,88.27
TXN_12744,CUST_0529,2023-07-02,17.2
TXN_12745,CUST_0529,2023-04-03,215.19
TXN_12746,CUST_0529,2023-07-14,77.36
TXN_12747,CUST_0529,2023-07-15,201.23
TXN_12748,CUST_0529,2023-05-03,23.47
TXN_12749,CUST_0530,2023-07-20,95.25
TXN_12750,CUST_0530,2023-08-29,150.17
TXN_12751,CUST_0530,2023-12-31,73.16
TXN_12752,CUST_0530,2023-05-01,31.42
TXN_12753,CUST_0530,2023-07-19,235.73
TXN_12754,CUST_0530,2023-04-25,185.56
TXN_12755,CUST_0531,2023-05-23,207.82
TXN_12756,CUST_0531,2023-04-18,192.53
TXN_12757,CUST_0531,2023-05-11,127.06
TXN_12758,CUST_0532,2023-07-25,114.02
TXN_12759,CUST_0532,2023-10-11,124.24
TXN_12760,CUST_0532,2023-08-27,248.86
TXN_12761,CUST_0533,2023-11-26,100.83
TXN_12762,CUST_0534,2023-08-01,235.4
TXN_12763,CUST_0535,2023-06-27,167.07
TXN_12764,CUST_0535,2023-03-19,15.27
TXN_12765,CUST_0535,2023-03-23,194.3
TXN_12766,CUST_0535,2023-06-08,23.96
TXN_12767,CUST_0535,2023-05-19,182.33
TXN_12768,CUST_0536,2023-09-25,112.46
TXN_12769,CUST_0536,2023-12-14,199.45
TXN_12770,CUST_0536,2023-08-16,45.75
TXN_12771,CUST_0536,2023-09-29,146.57
TXN_12772,CUST_0536,2023-10-20,188.62
TXN_12773,CUST_0536,2023-09-22,246.8
TXN_12774,CUST_0536,2023-09-11,41.58
TXN_12775,CUST_0536,2023-10-30,74.19
TXN_12776,CUST_0536,2023-10-18,239.92
TXN_12777,CUST_0536,2023-10-02,155.07
TXN_12778,CUST_0536,2023-09-04,100.64
TXN_12779,CUST_0536,2023-08-26,164.55
TXN_12780,CUST_0536,2023-10-12,174.45
TXN_12781,CUST_0537,2023-10-23,201.04
TXN_12782,CUST_0538,2023-09-25,100.63
TXN_12783,CUST_0538,2023-09-06,73.56
TXN_12784,CUST_0538,2023-10-25,156.85
TXN_12785,CUST_0538,2023-12-10,26.76
TXN_12786,CUST_0538,2023-09-12,200.47
TXN_12787,CUST_0538,2023-09-23,42.81
TXN_12788,CUST_0538,2023-12-31,200.0
TXN_12789,CUST_0538,2023-09-26,208.49
TXN_12790,CUST_0538,2023-10-20,200.64
TXN_12791,CUST_0538,2023-11-10,34.91
TXN_12792,CUST_0538,2023-10-13,16.59
TXN_12793,CUST_0538,2023-09-07,227.44
TXN_12794,CUST_0538,2023-10-04,187.94
TXN_12795,CUST_0539,2023-10-27,128.58
TXN_12796,CUST_0539,2023-07-10,51.31
TXN_12797,CUST_0539,2023-07-17,101.13
TXN_12798,CUST_0539,2023-08-06,171.39
TXN_12799,CUST_0539,2023-12-31,186.17
TXN_12800,CUST_0539,2023-08-21,93.75
TXN_12801,CUST_0539,2023-06-15,82.71
TXN_12802,CUST_0540,2023-12-24,76.89
TXN_12803,CUST_0540,2023-12-23,155.79
TXN_12804,CUST_0540,2023-12-23,28.67
TXN_12805,CUST_0540,2023-12-24,184.36
TXN_12806,CUST_0540,2023-12-25,114.38
TXN_12807,CUST_0540,2023-12-25,100.88
TXN_12808,CUST_0540,2023-12-30,27.9
TXN_12809,CUST_0540,2023-12-25,224.45
TXN_12810,CUST_0540,2023-12-27,58.25
TXN_12811,CUST_0540,2023-12-23,183.51
TXN_12812,CUST_0540,2023-12-23,205.79
TXN_12813,CUST_0541,2023-07-17,183.67
TXN_12814,CUST_0541,2023-09-14,210.27
TXN_12815,CUST_0541,2023-07-13,20.43
TXN_12816,CUST_0541,2023-08-06,49.97
TXN_12817,CUST_0541,2023-08-27,230.58
TXN_12818,CUST_0542,2023-11-08,15.06
TXN_12819,CUST_0543,2023-06-27,92.11
TXN_12820,CUST_0544,2023-08-11,125.81
TXN_12821,CUST_0544,2023-04-23,77.03
TXN_12822,CUST_0544,2023-12-26,101.28
TXN_12823,CUST_0544,2023-11-06,86.59
TXN_12824,CUST_0544,2023-06-17,19.81
TXN_12825,CUST_0544,2023-06-13,164.68
TXN_12826,CUST_0544,2023-05-02,151.05
TXN_12827,CUST_0545,2023-08-21,224.96
TXN_12828,CUST_0545,2023-08-14,39.21
TXN_12829,CUST_0546,2023-04-06,86.32
TXN_12830,CUST_0547,2023-07-16,174.12
TXN_12831,CUST_0548,2023-08-19,61.75
TXN_12832,CUST_0548,2023-06-05,211.7
TXN_12833,CUST_0548,2023-06-05,36.47
TXN_12834,CUST_0548,2023-07-09,46.68
TXN_12835,CUST_0548,2023-11-21,125.52
TXN_12836,CUST_0548,2023-07-30,233.1
TXN_12837,CUST_0548,2023-07-23,98.09
TXN_12838,CUST_0548,2023-09-21,119.07
TXN_12839,CUST_0548,2023-06-27,184.96
TXN_12840,CUST_0548,2023-09-23,201.05
TXN_12841,CUST_0548,2023-12-31,199.87
TXN_12842,CUST_0548,2023-09-12,216.51
TXN_12843,CUST_0548,2023-05-31,100.17
TXN_12844,CUST_0548,2023-09-03,155.93
TXN_12845,CUST_0549,2023-07-30,94.15
TXN_12846,CUST_0550,2023-12-31,29.2
TXN_12847,CUST_0550,2023-09-08,58.77
TXN_12848,CUST_0550,2023-09-12,210.09
TXN_12849,CUST_0550,2023-12-31,164.05
TXN_12850,CUST_0550,2023-09-01,156.78
TXN_12851,CUST_0550,2023-08-29,228.81
TXN_12852,CUST_0550,2023-11-16,146.18
TXN_12853,CUST_0550,2023-08-30,83.95
TXN_12854,CUST_0550,2023-08-13,206.72
TXN_12855,CUST_0550,2023-09-09,91.41
TXN_12856,CUST_0550,2023-09-10,207.4
TXN_12857,CUST_0550,2023-08-18,216.55
TXN_12858,CUST_0551,2023-04-09,73.81
TXN_12859,CUST_0551,2023-06-12,189.53
TXN_12860,CUST_0551,2023-02-27,229.89
TXN_12861,CUST_0552,2023-11-28,22.55
TXN_12862,CUST_0552,2023-10-28,194.29
TXN_12863,CUST_0552,2023-11-10,223.23
TXN_12864,CUST_0552,2023-11-06,233.04
TXN_12865,CUST_0553,2023-08-13,18.31
TXN_12866,CUST_0554,2023-02-14,38.69
TXN_12867,CUST_0555,2023-10-11,21.7
TXN_12868,CUST_0556,2023-08-05,23.06
TXN_12869,CUST_0556,2023-10-03,80.59
TXN_12870,CUST_0556,2023-09-16,62.54
TXN_12871,CUST_0556,2023-08-20,133.59
TXN_12872,CUST_0556,2023-12-31,159.82
TXN_12873,CUST_0556,2023-12-18,240.45
TXN_12874,CUST_0556,2023-08-16,88.13
TXN_12875,CUST_0556,2023-10-16,218.69
TXN_12876,CUST_0556,2023-09-10,248.41
TXN_12877,CUST_0557,2023-12-22,161.44
TXN_12878,CUST_0558,2023-12-27,20.98
TXN_12879,CUST_0558,2023-12-28,224.79
TXN_12880,CUST_0558,2023-12-29,179.39
TXN_12881,CUST_0558,2023-12-27,135.33
TXN_12882,CUST_0558,2023-12-27,95.14
TXN_12883,CUST_0558,2023-12-27,207.98
TXN_12884,CUST_0558,2023-12-30,141.18
TXN_12885,CUST_0558,2023-12-28,43.54
TXN_12886,CUST_0558,2023-12-28,180.16
TXN_12887,CUST_0559,2023-12-07,189.58
TXN_12888,CUST_0559,2023-12-12,207.32
TXN_12889,CUST_0559,2023-12-31,60.16
TXN_12890,CUST_0559,2023-10-15,94.2
TXN_12891,CUST_0559,2023-10-16,137.94
TXN_12892,CUST_0559,2023-11-08,150.9
TXN_12893,CUST_0559,2023-10-20,228.57
TXN_12894,CUST_0560,2023-10-13,183.96
TXN_12895,CUST_0561,2023-06-06,183.3
TXN_12896,CUST_0561,2023-04-26,192.96
TXN_12897,CUST_0561,2023-03-29,67.0
TXN_12898,CUST_0561,2023-03-20,102.42
TXN_12899,CUST_0561,2023-09-08,209.56
TXN_12900,CUST_0561,2023-04-20,153.44
TXN_12901,CUST_0561,2023-07-09,71.68
TXN_12902,CUST_0562,2023-12-31,160.13
TXN_12903,CUST_0563,2023-08-16,128.39
TXN_12904,CUST_0563,2023-08-25,142.27
TXN_12905,CUST_0563,2023-09-29,163.83
TXN_12906,CUST_0563,2023-09-04,145.67
TXN_12907,CUST_0563,2023-08-21,20.7
TXN_12908,CUST_0563,2023-09-22,74.35
TXN_12909,CUST_0563,2023-09-28,190.55
TXN_12910,CUST_0563,2023-12-05,240.16
TXN_12911,CUST_0563,2023-08-05,247.74
TXN_12912,CUST_0563,2023-09-30,166.23
TXN_12913,CUST_0564,2023-12-23,49.19
TXN_12914,CUST_0565,2023-08-29,175.23
TXN_12915,CUST_0565,2023-12-31,69.6
TXN_12916,CUST_0565,2023-09-02,123.18
TXN_12917,CUST_0565,2023-07-08,18.4
TXN_12918,CUST_0565,2023-07-13,167.54
TXN_12919,CUST_0565,2023-08-24,145.06
TXN_12920,CUST_0565,2023-07-07,125.29
TXN_12921,CUST_0565,2023-12-06,108.43
TXN_12922,CUST_0565,2023-09-02,198.26
TXN_12923,CUST_0566,2023-08-29,213.59
TXN_12924,CUST_0566,2023-04-04,56.7
TXN_12925,CUST_0566,2023-04-03,131.23
TXN_12926,CUST_0566,2023-04-06,141.61
TXN_12927,CUST_0566,2023-02-22,101.07
TXN_12928,CUST_0566,2023-03-25,45.81
TXN_12929,CUST_0566,2023-03-30,205.46
TXN_12930,CUST_0566,2023-08-10,111.72
TXN_12931,CUST_0566,2023-04-13,22.91
TXN_12932,CUST_0566,2023-05-28,110.08
TXN_12933,CUST_0566,2023-03-28,220.31
TXN_12934,CUST_0566,2023-03-31,19.98
TXN_12935,CUST_0567,2023-08-05,114.73
TXN_12936,CUST_0568,2023-07-22,125.29
TXN_12937,CUST_0568,2023-05-31,119.88
TXN_12938,CUST_0568,2023-05-26,141.57
TXN_12939,CUST_0569,2023-11-26,93.28
TXN_12940,CUST_0570,2023-03-26,18.15
TXN_12941,CUST_0571,2023-10-25,85.79
TXN_12942,CUST_0571,2023-09-22,223.83
TXN_12943,CUST_0571,2023-09-30,233.38
TXN_12944,CUST_0571,2023-11-03,194.22
TXN_12945,CUST_0571,2023-09-29,70.04
TXN_12946,CUST_0571,2023-10-16,55.44
TXN_12947,CUST_0571,2023-10-04,90.54
TXN_12948,CUST_0571,2023-09-27,63.22
TXN_12949,CUST_0571,2023-11-12,54.29
TXN_12950,CUST_0571,2023-09-22,162.9
TXN_12951,CUST_0571,2023-12-31,92.84
TXN_12952,CUST_0571,2023-09-26,149.04
TXN_12953,CUST_0571,2023-12-09,199.25
TXN_12954,CUST_0571,2023-10-24,89.04
TXN_12955,CUST_0572,2023-10-20,81.49
TXN_12956,CUST_0572,2023-10-18,220.65
TXN_12957,CUST_0572,2023-12-04,163.28
TXN_12958,CUST_0573,2023-10-15,60.53
TXN_12959,CUST_0573,2023-08-10,135.46
TXN_12960,CUST_0574,2023-11-12,126.33
TXN_12961,CUST_0575,2023-03-02,96.56
TXN_12962,CUST_0575,2023-04-18,18.98
TXN_12963,CUST_0575,2023-04-09,79.32
TXN_12964,CUST_0575,2023-05-05,94.06
TXN_12965,CUST_0575,2023-07-06,134.83
TXN_12966,CUST_0575,2023-03-07,191.26
TXN_12967,CUST_0575,2023-03-03,212.18
TXN_12968,CUST_0575,2023-11-27,90.77
TXN_12969,CUST_0575,2023-11-19,201.36
TXN_12970,CUST_0575,2023-11-14,171.57
TXN_12971,CUST_0575,2023-03-21,225.21
TXN_12972,CUST_0575,2023-03-14,65.07
TXN_12973,CUST_0575,2023-03-25,86.5
TXN_12974,CUST_0575,2023-05-07,182.66
TXN_12975,CUST_0576,2023-12-05,125.7
TXN_12976,CUST_0576,2023-12-09,87.88
TXN_12977,CUST_0576,2023-12-10,105.29
TXN_12978,CUST_0576,2023-12-09,245.13
TXN_12979,CUST_0576,2023-12-05,231.72
TXN_12980,CUST_0577,2023-05-27,156.88
TXN_12981,CUST_0577,2023-09-19,152.47
TXN_12982,CUST_0577,2023-12-31,122.13
TXN_12983,CUST_0577,2023-09-02,171.8
TXN_12984,CUST_0577,2023-12-31,182.61
TXN_12985,CUST_0578,2023-12-31,171.93
TXN_12986,CUST_0579,2023-07-13,222.53
TXN_12987,CUST_0580,2023-04-09,244.89
TXN_12988,CUST_0580,2023-09-16,99.38
TXN_12989,CUST_0580,2023-01-30,213.72
TXN_12990,CUST_0580,2023-10-26,207.85
TXN_12991,CUST_0580,2023-02-09,249.51
TXN_12992,CUST_0580,2023-02-27,185.19
TXN_12993,CUST_0580,2023-10-22,70.39
TXN_12994,CUST_0581,2023-04-19,84.92
TXN_12995,CUST_0581,2023-11-02,60.31
TXN_12996,CUST_0581,2023-04-14,235.97
TXN_12997,CUST_0581,2023-04-20,145.35
TXN_12998,CUST_0581,2023-03-02,200.69
TXN_12999,CUST_0581,2023-04-20,203.12
TXN_13000,CUST_0581,2023-03-24,114.28
TXN_13001,CUST_0581,2023-08-01,243.86
TXN_13002,CUST_0581,2023-02-28,205.93
TXN_13003,CUST_0581,2023-03-31,144.42
TXN_13004,CUST_0581,2023-03-29,159.16
TXN_13005,CUST_0582,2023-06-28,23.92
TXN_13006,CUST_0583,2023-11-23,249.6
TXN_13007,CUST_0584,2023-09-14,44.74
TXN_13008,CUST_0584,2023-05-22,48.38
TXN_13009,CUST_0584,2023-07-01,227.69
TXN_13010,CUST_0584,2023-04-25,129.7
TXN_13011,CUST_0584,2023-11-22,137.43
TXN_13012,CUST_0584,2023-05-05,150.91
TXN_13013,CUST_0584,2023-06-25,40.12
TXN_13014,CUST_0584,2023-08-21,117.34
TXN_13015,CUST_0585,2023-07-25,103.58
TXN_13016,CUST_0586,2023-07-13,221.83
TXN_13017,CUST_0587,2023-09-30,105.02
TXN_13018,CUST_0587,2023-07-24,120.3
TXN_13019,CUST_0587,2023-07-26,94.5
TXN_13020,CUST_0587,2023-10-09,44.26
TXN_13021,CUST_0587,2023-12-31,145.41
TXN_13022,CUST_0587,2023-07-12,45.84
TXN_13023,CUST_0587,2023-08-23,163.75
TXN_13024,CUST_0587,2023-07-03,72.11
TXN_13025,CUST_0588,2023-07-28,181.39
TXN_13026,CUST_0588,2023-03-14,217.59
TXN_13027,CUST_0588,2023-10-10,60.63
TXN_13028,CUST_0589,2023-12-31,219.06
TXN_13029,CUST_0590,2023-09-12,205.2
TXN_13030,CUST_0590,2023-09-10,238.01
TXN_13031,CUST_0590,2023-11-08,93.26
TXN_13032,CUST_0590,2023-09-04,114.48
TXN_13033,CUST_0590,2023-09-26,82.4
TXN_13034,CUST_0590,2023-12-31,158.04
TXN_13035,CUST_0591,2023-07-24,107.92
TXN_13036,CUST_0592,2023-07-21,158.39
TXN_13037,CUST_0592,2023-05-25,201.52
TXN_13038,CUST_0592,2023-09-08,70.77
TXN_13039,CUST_0592,2023-06-08,235.43
TXN_13040,CUST_0592,2023-09-25,178.98
TXN_13041,CUST_0592,2023-05-19,113.29
TXN_13042,CUST_0592,2023-07-15,59.04
TXN_13043,CUST_0592,2023-06-27,156.24
TXN_13044,CUST_0592,2023-06-12,198.52
TXN_13045,CUST_0592,2023-10-01,91.05
TXN_13046,CUST_0592,2023-10-01,39.34
TXN_13047,CUST_0592,2023-09-30,50.9
TXN_13048,CUST_0592,2023-05-19,165.82
TXN_13049,CUST_0593,2023-08-23,187.36
TXN_13050,CUST_0593,2023-07-15,116.75
TXN_13051,CUST_0593,2023-06-22,208.35
TXN_13052,CUST_0594,2023-11-06,243.62
TXN_13053,CUST_0594,2023-08-18,183.28
TXN_13054,CUST_0594,2023-08-28,174.11
TXN_13055,CUST_0594,2023-09-04,248.54
TXN_13056,CUST_0594,2023-10-07,238.84
TXN_13057,CUST_0594,2023-11-01,227.18
TXN_13058,CUST_0594,2023-10-26,122.9
TXN_13059,CUST_0594,2023-08-17,102.03
TXN_13060,CUST_0594,2023-08-04,138.14
TXN_13061,CUST_0594,2023-09-07,138.43
TXN_13062,CUST_0594,2023-12-31,229.19
TXN_13063,CUST_0594,2023-08-11,101.69
TXN_13064,CUST_0595,2023-08-14,27.24
TXN_13065,CUST_0595,2023-09-05,161.44
TXN_13066,CUST_0596,2023-08-29,182.77
TXN_13067,CUST_0596,2023-09-16,84.24
TXN_13068,CUST_0596,2023-08-25,129.5
TXN_13069,CUST_0596,2023-09-11,74.11
TXN_13070,CUST_0596,2023-10-13,195.83
TXN_13071,CUST_0596,2023-09-04,26.62
TXN_13072,CUST_0596,2023-11-12,17.34
TXN_13073,CUST_0596,2023-12-20,162.49
TXN_13074,CUST_0596,2023-09-08,72.92
TXN_13075,CUST_0596,2023-08-23,70.34
TXN_13076,CUST_0597,2023-12-07,54.14
TXN_13077,CUST_0598,2023-07-10,156.33
TXN_13078,CUST_0598,2023-09-16,65.58
TXN_13079,CUST_0598,2023-05-30,139.98
TXN_13080,CUST_0598,2023-05-30,195.14
TXN_13081,CUST_0598,2023-08-26,222.2
TXN_13082,CUST_0598,2023-08-08,30.79
TXN_13083,CUST_0598,2023-06-16,204.86
TXN_13084,CUST_0598,2023-06-08,179.14
TXN_13085,CUST_0598,2023-09-13,92.58
TXN_13086,CUST_0598,2023-06-23,146.08
TXN_13087,CUST_0598,2023-10-17,67.62
TXN_13088,CUST_0598,2023-12-18,155.79
TXN_13089,CUST_0598,2023-12-31,36.06
TXN_13090,CUST_0598,2023-06-04,209.26
TXN_13091,CUST_0599,2023-10-18,218.88
TXN_13092,CUST_0599,2023-08-28,149.88
TXN_13093,CUST_0599,2023-11-15,108.57
TXN_13094,CUST_0599,2023-09-11,201.99
TXN_13095,CUST_0599,2023-09-13,15.75
TXN_13096,CUST_0599,2023-12-31,154.15
TXN_13097,CUST_0599,2023-11-06,208.95
TXN_13098,CUST_0599,2023-08-29,55.15
TXN_13099,CUST_0599,2023-09-11,90.36
TXN_13100,CUST_0599,2023-10-11,161.44
TXN_13101,CUST_0599,2023-09-24,64.65
TXN_13102,CUST_0599,2023-09-16,142.74
TXN_13103,CUST_0599,2023-09-22,44.91
TXN_13104,CUST_0600,2023-05-24,39.63
TXN_13105,CUST_0600,2023-09-21,87.79
TXN_13106,CUST_0600,2023-12-31,42.7
TXN_13107,CUST_0600,2023-12-31,36.39
TXN_13108,CUST_0600,2023-04-11,25.95
TXN_13109,CUST_0601,2023-04-12,107.08
TXN_13110,CUST_0601,2023-02-22,74.11
TXN_13111,CUST_0601,2023-02-27,123.07
TXN_13112,CUST_0601,2023-02-03,67.85
TXN_13113,CUST_0601,2023-02-15,120.58
TXN_13114,CUST_0601,2023-05-14,216.19
TXN_13115,CUST_0601,2023-02-18,58.18
TXN_13116,CUST_0601,2023-03-06,225.18
TXN_13117,CUST_0601,2023-01-10,174.3
TXN_13118,CUST_0601,2023-03-26,52.85
TXN_13119,CUST_0602,2023-04-08,221.29
TXN_13120,CUST_0603,2023-10-16,111.15
TXN_13121,CUST_0603,2023-09-20,217.04
TXN_13122,CUST_0603,2023-10-24,143.72
TXN_13123,CUST_0603,2023-10-15,36.4
TXN_13124,CUST_0603,2023-10-03,60.52
TXN_13125,CUST_0604,2023-10-05,229.15
TXN_13126,CUST_0605,2023-03-12,241.27
TXN_13127,CUST_0605,2023-01-09,86.99
TXN_13128,CUST_0605,2023-05-17,224.35
TXN_13129,CUST_0606,2023-12-09,154.62
TXN_13130,CUST_0607,2023-12-04,220.46
TXN_13131,CUST_0607,2023-05-31,55.61
TXN_13132,CUST_0607,2023-06-23,83.32
TXN_13133,CUST_0607,2023-07-31,227.15
TXN_13134,CUST_0607,2023-12-31,168.6
TXN_13135,CUST_0607,2023-10-03,138.42
TXN_13136,CUST_0607,2023-06-07,138.3
TXN_13137,CUST_0607,2023-07-20,189.48
TXN_13138,CUST_0607,2023-06-08,101.55
TXN_13139,CUST_0607,2023-06-23,240.47
TXN_13140,CUST_0608,2023-09-07,194.69
TXN_13141,CUST_0608,2023-06-29,113.59
TXN_13142,CUST_0608,2023-07-30,75.23
TXN_13143,CUST_0608,2023-08-05,83.34
TXN_13144,CUST_0608,2023-09-01,125.52
TXN_13145,CUST_0608,2023-07-27,246.16
TXN_13146,CUST_0608,2023-07-19,100.14
TXN_13147,CUST_0608,2023-07-12,225.27
TXN_13148,CUST_0608,2023-08-01,156.0
TXN_13149,CUST_0608,2023-06-30,142.12
TXN_13150,CUST_0608,2023-07-08,186.7
TXN_13151,CUST_0608,2023-10-12,182.98
TXN_13152,CUST_0609,2023-09-07,114.33
TXN_13153,CUST_0609,2023-08-26,75.87
TXN_13154,CUST_0609,2023-06-23,112.17
TXN_13155,CUST_0610,2023-10-16,63.08
TXN_13156,CUST_0610,2023-10-15,18.29
TXN_13157,CUST_0610,2023-11-19,220.63
TXN_13158,CUST_0610,2023-11-05,59.23
TXN_13159,CUST_0610,2023-10-19,126.84
TXN_13160,CUST_0610,2023-12-31,73.13
TXN_13161,CUST_0610,2023-11-14,118.27
TXN_13162,CUST_0610,2023-10-19,122.14
TXN_13163,CUST_0610,2023-10-12,202.69
TXN_13164,CUST_0610,2023-10-17,185.47
TXN_13165,CUST_0611,2023-12-31,60.36
TXN_13166,CUST_0612,2023-07-17,22.63
TXN_13167,CUST_0612,2023-09-28,46.34
TXN_13168,CUST_0612,2023-07-21,20.26
TXN_13169,CUST_0612,2023-07-15,76.96
TXN_13170,CUST_0612,2023-07-16,101.69
TXN_13171,CUST_0612,2023-10-22,91.69
TXN_13172,CUST_0613,2023-05-14,89.44
TXN_13173,CUST_0613,2023-06-20,47.02
TXN_13174,CUST_0613,2023-10-05,72.01
TXN_13175,CUST_0613,2023-02-26,238.29
TXN_13176,CUST_0613,2023-04-18,100.96
TXN_13177,CUST_0613,2023-12-29,92.33
TXN_13178,CUST_0613,2023-01-16,249.26
TXN_13179,CUST_0613,2023-02-11,215.05
TXN_13180,CUST_0613,2023-01-26,186.87
TXN_13181,CUST_0614,2023-05-21,100.58
TXN_13182,CUST_0614,2023-08-31,192.79
TXN_13183,CUST_0615,2023-10-21,128.29
TXN_13184,CUST_0615,2023-09-23,49.1
TXN_13185,CUST_0615,2023-07-29,107.58
TXN_13186,CUST_0615,2023-08-15,25.45
TXN_13187,CUST_0615,2023-09-14,33.6
TXN_13188,CUST_0615,2023-08-24,19.34
TXN_13189,CUST_0615,2023-10-10,56.05
TXN_13190,CUST_0615,2023-08-01,76.45
TXN_13191,CUST_0615,2023-09-07,90.52
TXN_13192,CUST_0615,2023-09-07,81.94
TXN_13193,CUST_0616,2023-12-06,191.37
TXN_13194,CUST_0616,2023-12-08,181.83
TXN_13195,CUST_0616,2023-12-05,110.85
TXN_13196,CUST_0616,2023-12-15,68.31
TXN_13197,CUST_0616,2023-12-18,163.23
TXN_13198,CUST_0616,2023-12-12,98.08
TXN_13199,CUST_0616,2023-12-10,155.38
TXN_13200,CUST_0616,2023-12-10,179.1
TXN_13201,CUST_0616,2023-12-09,62.53
TXN_13202,CUST_0616,2023-12-07,16.36
TXN_13203,CUST_0616,2023-12-08,191.0
TXN_13204,CUST_0617,2023-07-06,88.35
TXN_13205,CUST_0617,2023-07-05,89.62
TXN_13206,CUST_0617,2023-06-19,172.29
TXN_13207,CUST_0617,2023-07-31,69.58
TXN_13208,CUST_0617,2023-11-05,217.76
TXN_13209,CUST_0617,2023-07-09,116.81
TXN_13210,CUST_0617,2023-06-21,181.21
TXN_13211,CUST_0617,2023-08-09,61.1
TXN_13212,CUST_0617,2023-08-08,74.32
TXN_13213,CUST_0617,2023-05-17,179.31
TXN_13214,CUST_0617,2023-08-03,111.54
TXN_13215,CUST_0618,2023-12-31,236.45
TXN_13216,CUST_0618,2023-12-31,246.78
TXN_13217,CUST_0618,2023-12-31,35.81
TXN_13218,CUST_0618,2023-12-31,83.45
TXN_13219,CUST_0618,2023-12-31,102.51
TXN_13220,CUST_0618,2023-12-31,197.45
TXN_13221,CUST_0618,2023-12-31,155.04
TXN_13222,CUST_0618,2023-12-31,166.43
TXN_13223,CUST_0618,2023-12-31,193.01
TXN_13224,CUST_0618,2023-12-31,42.73
TXN_13225,CUST_0618,2023-12-31,210.8
TXN_13226,CUST_0618,2023-12-31,180.82
TXN_13227,CUST_0619,2023-11-19,184.73
TXN_13228,CUST_0619,2023-12-05,171.62
TXN_13229,CUST_0619,2023-11-19,110.88
TXN_13230,CUST_0619,2023-11-18,206.91
TXN_13231,CUST_0620,2023-12-08,232.32
TXN_13232,CUST_0620,2023-12-22,138.2
TXN_13233,CUST_0620,2023-12-09,43.58
TXN_13234,CUST_0620,2023-12-11,75.03
TXN_13235,CUST_0620,2023-12-13,242.11
TXN_13236,CUST_0620,2023-12-14,224.13
TXN_13237,CUST_0620,2023-12-16,126.68
TXN_13238,CUST_0620,2023-12-22,125.77
TXN_13239,CUST_0620,2023-12-23,83.52
TXN_13240,CUST_0620,2023-12-09,216.0
TXN_13241,CUST_0621,2023-08-15,245.09
TXN_13242,CUST_0621,2023-08-24,130.91
TXN_13243,CUST_0621,2023-10-14,39.55
TXN_13244,CUST_0622,2023-12-03,181.55
TXN_13245,CUST_0622,2023-11-24,206.31
TXN_13246,CUST_0622,2023-12-04,238.14
TXN_13247,CUST_0622,2023-11-28,40.41
TXN_13248,CUST_0622,2023-12-01,35.17
TXN_13249,CUST_0622,2023-12-31,24.09
TXN_13250,CUST_0622,2023-12-10,138.4
TXN_13251,CUST_0622,2023-11-28,30.47
TXN_13252,CUST_0622,2023-12-05,152.53
TXN_13253,CUST_0622,2023-11-27,228.9
TXN_13254,CUST_0622,2023-11-27,120.69
TXN_13255,CUST_0622,2023-12-02,38.55
TXN_13256,CUST_0622,2023-12-27,103.02
TXN_13257,CUST_0622,2023-11-24,106.01
TXN_13258,CUST_0623,2023-09-18,192.64
TXN_13259,CUST_0623,2023-09-25,70.1
TXN_13260,CUST_0623,2023-10-08,75.37
TXN_13261,CUST_0623,2023-08-14,177.31
TXN_13262,CUST_0623,2023-11-04,128.16
TXN_13263,CUST_0623,2023-09-11,86.15
TXN_13264,CUST_0623,2023-09-07,46.02
TXN_13265,CUST_0623,2023-12-31,203.08
TXN_13266,CUST_0623,2023-09-28,141.48
TXN_13267,CUST_0624,2023-11-17,111.77
TXN_13268,CUST_0624,2023-11-10,112.41
TXN_13269,CUST_0624,2023-12-06,69.05
TXN_13270,CUST_0624,2023-10-28,168.06
TXN_13271,CUST_0624,2023-11-01,224.18
TXN_13272,CUST_0625,2023-07-10,29.15
TXN_13273,CUST_0625,2023-05-18,166.11
TXN_13274,CUST_0625,2023-06-29,243.18
TXN_13275,CUST_0625,2023-08-08,17.37
TXN_13276,CUST_0625,2023-07-01,112.4
TXN_13277,CUST_0625,2023-05-20,231.95
TXN_13278,CUST_0625,2023-09-15,69.07
TXN_13279,CUST_0625,2023-06-03,22.52
TXN_13280,CUST_0625,2023-06-08,152.39
TXN_13281,CUST_0625,2023-06-23,242.78
TXN_13282,CUST_0625,2023-05-16,153.99
TXN_13283,CUST_0625,2023-10-10,127.97
TXN_13284,CUST_0625,2023-05-12,72.06
TXN_13285,CUST_0626,2023-12-31,229.27
TXN_13286,CUST_0627,2023-03-16,233.34
TXN_13287,CUST_0627,2023-04-04,249.92
TXN_13288,CUST_0627,2023-03-29,196.31
TXN_13289,CUST_0627,2023-04-04,34.0
TXN_13290,CUST_0627,2023-10-01,216.81
TXN_13291,CUST_0627,2023-04-30,180.06
TXN_13292,CUST_0627,2023-05-30,215.44
TXN_13293,CUST_0627,2023-04-17,138.06
TXN_13294,CUST_0627,2023-05-15,98.17
TXN_13295,CUST_0627,2023-10-15,53.98
TXN_13296,CUST_0627,2023-03-26,150.57
TXN_13297,CUST_0627,2023-06-24,60.74
TXN_13298,CUST_0628,2023-12-28,72.96
TXN_13299,CUST_0629,2023-10-19,235.32
TXN_13300,CUST_0629,2023-11-11,122.61
TXN_13301,CUST_0629,2023-10-27,177.76
TXN_13302,CUST_0629,2023-10-28,221.49
TXN_13303,CUST_0629,2023-10-15,85.47
TXN_13304,CUST_0629,2023-10-09,23.88
TXN_13305,CUST_0629,2023-10-03,219.46
TXN_13306,CUST_0629,2023-11-05,170.23
TXN_13307,CUST_0629,2023-10-30,214.57
TXN_13308,CUST_0629,2023-10-21,219.55
TXN_13309,CUST_0629,2023-10-15,232.78
TXN_13310,CUST_0630,2023-12-30,153.2
TXN_13311,CUST_0630,2023-12-30,143.43
TXN_13312,CUST_0630,2023-12-30,67.25
TXN_13313,CUST_0630,2023-12-30,48.04
TXN_13314,CUST_0631,2023-12-31,36.64
TXN_13315,CUST_0631,2023-07-17,221.13
TXN_13316,CUST_0631,2023-07-31,124.58
TXN_13317,CUST_0631,2023-10-29,137.63
TXN_13318,CUST_0632,2023-11-09,22.3
TXN_13319,CUST_0633,2023-04-04,228.12
TXN_13320,CUST_0633,2023-05-31,123.18
TXN_13321,CUST_0633,2023-06-16,50.11
TXN_13322,CUST_0633,2023-05-28,210.31
TXN_13323,CUST_0633,2023-04-02,79.14
TXN_13324,CUST_0633,2023-04-01,112.69
TXN_13325,CUST_0633,2023-07-29,202.71
TXN_13326,CUST_0633,2023-12-22,158.0
TXN_13327,CUST_0634,2023-12-08,197.2
TXN_13328,CUST_0635,2023-12-13,43.75
TXN_13329,CUST_0635,2023-12-30,123.37
TXN_13330,CUST_0635,2023-12-14,130.23
TXN_13331,CUST_0635,2023-12-21,54.57
TXN_13332,CUST_0635,2023-12-21,191.12
TXN_13333,CUST_0636,2023-07-24,247.23
TXN_13334,CUST_0636,2023-03-09,155.85
TXN_13335,CUST_0636,2023-12-04,54.25
TXN_13336,CUST_0636,2023-06-13,192.42
TXN_13337,CUST_0636,2023-01-29,217.39
TXN_13338,CUST_0636,2023-07-31,22.85
TXN_13339,CUST_0637,2023-02-13,93.66
TXN_13340,CUST_0638,2023-07-08,98.98
TXN_13341,CUST_0638,2023-12-31,241.43
TXN_13342,CUST_0638,2023-06-21,201.85
TXN_13343,CUST_0638,2023-05-07,143.74
TXN_13344,CUST_0638,2023-08-22,65.98
TXN_13345,CUST_0638,2023-05-11,51.64
TXN_13346,CUST_0638,2023-06-21,134.0
TXN_13347,CUST_0638,2023-06-13,118.39
TXN_13348,CUST_0638,2023-06-25,195.82
TXN_13349,CUST_0638,2023-05-14,195.7
TXN_13350,CUST_0638,2023-08-06,189.29
TXN_13351,CUST_0638,2023-08-19,125.59
TXN_13352,CUST_0639,2023-08-10,240.13
TXN_13353,CUST_0640,2023-08-27,247.49
TXN_13354,CUST_0640,2023-06-13,220.62
TXN_13355,CUST_0640,2023-09-06,100.11
TXN_13356,CUST_0640,2023-08-27,39.46
TXN_13357,CUST_0640,2023-09-14,140.1
TXN_13358,CUST_0640,2023-06-15,169.11
TXN_13359,CUST_0641,2023-11-18,238.97
TXN_13360,CUST_0641,2023-09-21,55.52
TXN_13361,CUST_0641,2023-11-07,109.77
TXN_13362,CUST_0641,2023-12-20,238.23
TXN_13363,CUST_0641,2023-09-04,239.79
TXN_13364,CUST_0641,2023-09-17,166.87
TXN_13365,CUST_0641,2023-08-31,223.89
TXN_13366,CUST_0641,2023-10-11,166.24
TXN_13367,CUST_0641,2023-12-03,134.46
TXN_13368,CUST_0641,2023-09-20,218.54
TXN_13369,CUST_0641,2023-10-24,238.01
TXN_13370,CUST_0642,2023-09-05,75.16
TXN_13371,CUST_0642,2023-09-29,100.67
TXN_13372,CUST_0642,2023-10-21,43.56
TXN_13373,CUST_0642,2023-08-13,63.05
TXN_13374,CUST_0642,2023-08-12,160.71
TXN_13375,CUST_0643,2023-05-19,18.34
TXN_13376,CUST_0644,2023-03-01,158.23
TXN_13377,CUST_0644,2023-04-14,112.68
TXN_13378,CUST_0644,2023-08-28,87.81
TXN_13379,CUST_0644,2023-12-17,57.21
TXN_13380,CUST_0644,2023-06-18,172.94
TXN_13381,CUST_0644,2023-03-28,91.32
TXN_13382,CUST_0644,2023-08-30,194.02
TXN_13383,CUST_0644,2023-04-08,140.48
TXN_13384,CUST_0644,2023-03-05,64.06
TXN_13385,CUST_0644,2023-05-06,35.2
TXN_13386,CUST_0645,2023-06-14,94.6
TXN_13387,CUST_0645,2023-07-26,154.38
TXN_13388,CUST_0645,2023-06-30,80.81
TXN_13389,CUST_0645,2023-06-20,56.05
TXN_13390,CUST_0645,2023-06-25,61.87
TXN_13391,CUST_0645,2023-08-08,148.73
TXN_13392,CUST_0645,2023-07-01,91.57
TXN_13393,CUST_0645,2023-06-16,140.83
TXN_13394,CUST_0645,2023-11-25,176.14
TXN_13395,CUST_0646,2023-11-19,29.78
TXN_13396,CUST_0646,2023-11-28,59.34
TXN_13397,CUST_0646,2023-11-26,188.78
TXN_13398,CUST_0646,2023-12-07,85.93
TXN_13399,CUST_0646,2023-11-24,160.93
TXN_13400,CUST_0646,2023-12-10,193.93
TXN_13401,CUST_0646,2023-12-31,16.9
TXN_13402,CUST_0646,2023-11-22,75.17
TXN_13403,CUST_0646,2023-11-15,229.21
TXN_13404,CUST_0646,2023-12-31,57.44
TXN_13405,CUST_0646,2023-11-13,79.64
TXN_13406,CUST_0646,2023-12-11,84.06
TXN_13407,CUST_0646,2023-11-13,27.34
TXN_13408,CUST_0647,2023-12-27,109.34
TXN_13409,CUST_0647,2023-12-28,230.07
TXN_13410,CUST_0647,2023-12-27,114.54
TXN_13411,CUST_0647,2023-12-28,236.55
TXN_13412,CUST_0648,2023-03-12,202.05
TXN_13413,CUST_0649,2023-12-24,146.22
TXN_13414,CUST_0649,2023-12-14,123.43
TXN_13415,CUST_0649,2023-12-17,142.79
TXN_13416,CUST_0649,2023-12-20,19.54
TXN_13417,CUST_0649,2023-12-17,153.25
TXN_13418,CUST_0649,2023-12-16,172.07
TXN_13419,CUST_0649,2023-12-15,89.58
TXN_13420,CUST_0649,2023-12-31,96.8
TXN_13421,CUST_0650,2023-08-30,243.18
TXN_13422,CUST_0651,2023-11-21,92.2
TXN_13423,CUST_0651,2023-12-31,20.85
TXN_13424,CUST_0652,2023-12-17,79.54
TXN_13425,CUST_0653,2023-05-26,158.89
TXN_13426,CUST_0654,2023-11-03,173.44
TXN_13427,CUST_0654,2023-05-31,234.18
TXN_13428,CUST_0654,2023-06-06,50.23
TXN_13429,CUST_0654,2023-05-21,147.4
TXN_13430,CUST_0654,2023-05-23,47.61
TXN_13431,CUST_0655,2023-04-01,157.0
TXN_13432,CUST_0656,2023-03-17,72.65
TXN_13433,CUST_0656,2023-12-31,16.94
TXN_13434,CUST_0656,2023-09-27,61.94
TXN_13435,CUST_0657,2023-06-25,158.99
TXN_13436,CUST_0657,2023-07-08,227.59
TXN_13437,CUST_0657,2023-08-02,67.63
TXN_13438,CUST_0658,2023-06-09,122.65
TXN_13439,CUST_0658,2023-06-18,171.12
TXN_13440,CUST_0658,2023-06-25,116.72
TXN_13441,CUST_0658,2023-06-24,143.89
TXN_13442,CUST_0658,2023-06-17,20.43
TXN_13443,CUST_0658,2023-06-12,239.25
TXN_13444,CUST_0658,2023-06-19,181.49
TXN_13445,CUST_0658,2023-06-13,40.42
TXN_13446,CUST_0658,2023-07-27,124.24
TXN_13447,CUST_0658,2023-12-31,237.04
TXN_13448,CUST_0658,2023-09-20,156.49
TXN_13449,CUST_0658,2023-07-20,98.7
TXN_13450,CUST_0658,2023-12-26,156.68
TXN_13451,CUST_0658,2023-08-07,69.5
TXN_13452,CUST_0659,2023-12-24,88.73
TXN_13453,CUST_0660,2023-12-06,31.06
TXN_13454,CUST_0660,2023-12-11,76.55
TXN_13455,CUST_0660,2023-12-01,232.07
TXN_13456,CUST_0660,2023-11-19,133.18
TXN_13457,CUST_0661,2023-11-03,216.91
TXN_13458,CUST_0661,2023-11-09,108.66
TXN_13459,CUST_0661,2023-11-02,105.02
TXN_13460,CUST_0662,2023-07-16,42.13
TXN_13461,CUST_0662,2023-07-09,212.98
TXN_13462,CUST_0662,2023-08-02,185.25
TXN_13463,CUST_0662,2023-06-12,241.62
TXN_13464,CUST_0662,2023-07-05,168.6
TXN_13465,CUST_0663,2023-04-02,198.78
TXN_13466,CUST_0664,2023-09-15,195.76
TXN_13467,CUST_0664,2023-08-29,193.24
TXN_13468,CUST_0664,2023-08-24,72.36
TXN_13469,CUST_0664,2023-10-06,113.62
TXN_13470,CUST_0664,2023-12-31,97.13
TXN_13471,CUST_0664,2023-12-08,234.25
TXN_13472,CUST_0664,2023-08-15,202.58
TXN_13473,CUST_0664,2023-08-29,230.62
TXN_13474,CUST_0664,2023-08-31,189.91
TXN_13475,CUST_0665,2023-11-08,105.11
TXN_13476,CUST_0665,2023-08-11,104.44
TXN_13477,CUST_0665,2023-07-23,185.31
TXN_13478,CUST_0665,2023-08-14,88.63
TXN_13479,CUST_0665,2023-09-09,117.52
TXN_13480,CUST_0666,2023-09-09,54.9
TXN_13481,CUST_0666,2023-10-18,158.84
TXN_13482,CUST_0666,2023-11-06,74.66
TXN_13483,CUST_0667,2023-08-31,120.42
TXN_13484,CUST_0667,2023-11-22,243.08
TXN_13485,CUST_0667,2023-09-11,211.18
TXN_13486,CUST_0667,2023-08-19,214.18
TXN_13487,CUST_0668,2023-08-10,133.91
TXN_13488,CUST_0668,2023-07-17,43.11
TXN_13489,CUST_0668,2023-07-19,32.1
TXN_13490,CUST_0668,2023-06-19,112.74
TXN_13491,CUST_0668,2023-07-07,232.5
TXN_13492,CUST_0668,2023-07-14,193.1
TXN_13493,CUST_0668,2023-08-02,180.46
TXN_13494,CUST_0668,2023-07-03,236.35
TXN_13495,CUST_0669,2023-08-18,154.72
TXN_13496,CUST_0669,2023-09-24,175.79
TXN_13497,CUST_0669,2023-09-05,120.51
TXN_13498,CUST_0670,2023-09-23,45.69
TXN_13499,CUST_0671,2023-04-11,131.52
TXN_13500,CUST_0671,2023-11-22,224.14
TXN_13501,CUST_0672,2023-03-01,85.35
TXN_13502,CUST_0672,2023-12-31,163.77
TXN_13503,CUST_0672,2023-05-12,180.76
TXN_13504,CUST_0672,2023-04-14,193.15
TXN_13505,CUST_0672,2023-04-09,209.2
TXN_13506,CUST_0672,2023-03-20,80.22
TXN_13507,CUST_0672,2023-05-05,116.23
TXN_13508,CUST_0672,2023-06-06,100.61
TXN_13509,CUST_0672,2023-03-15,125.41
TXN_13510,CUST_0672,2023-05-14,48.51
TXN_13511,CUST_0672,2023-05-13,90.03
TXN_13512,CUST_0672,2023-04-09,80.64
TXN_13513,CUST_0673,2023-08-27,176.3
TXN_13514,CUST_0673,2023-08-31,216.53
TXN_13515,CUST_0673,2023-08-23,65.64
TXN_13516,CUST_0673,2023-12-31,116.77
TXN_13517,CUST_0673,2023-10-13,57.93
TXN_13518,CUST_0673,2023-10-01,185.63
TXN_13519,CUST_0674,2023-12-06,156.8
TXN_13520,CUST_0675,2023-04-19,150.54
TXN_13521,CUST_0676,2023-06-30,95.71
TXN_13522,CUST_0677,2023-12-15,184.89
TXN_13523,CUST_0677,2023-05-22,242.52
TXN_13524,CUST_0677,2023-07-14,47.11
TXN_13525,CUST_0677,2023-02-21,241.81
TXN_13526,CUST_0677,2023-03-23,41.23
TXN_13527,CUST_0677,2023-03-16,178.79
TXN_13528,CUST_0677,2023-12-31,91.12
TXN_13529,CUST_0677,2023-03-29,221.72
TXN_13530,CUST_0677,2023-02-23,40.68
TXN_13531,CUST_0677,2023-12-27,129.78
TXN_13532,CUST_0677,2023-03-26,160.98
TXN_13533,CUST_0677,2023-01-01,233.82
TXN_13534,CUST_0677,2023-02-24,108.28
TXN_13535,CUST_0677,2023-01-24,103.87
TXN_13536,CUST_0678,2023-07-01,215.82
TXN_13537,CUST_0678,2023-06-23,19.2
TXN_13538,CUST_0678,2023-03-20,31.33
TXN_13539,CUST_0678,2023-05-21,192.77
TXN_13540,CUST_0678,2023-03-07,212.01
TXN_13541,CUST_0678,2023-05-18,177.14
TXN_13542,CUST_0678,2023-12-31,34.67
TXN_13543,CUST_0678,2023-10-20,44.63
TXN_13544,CUST_0678,2023-04-15,215.09
TXN_13545,CUST_0678,2023-10-26,134.0
TXN_13546,CUST_0678,2023-05-27,181.41
TXN_13547,CUST_0678,2023-08-27,43.56
TXN_13548,CUST_0678,2023-08-14,128.1
TXN_13549,CUST_0678,2023-04-26,114.62
TXN_13550,CUST_0679,2023-09-20,218.32
TXN_13551,CUST_0679,2023-10-15,182.33
TXN_13552,CUST_0679,2023-11-20,124.0
TXN_13553,CUST_0679,2023-11-05,138.28
TXN_13554,CUST_0680,2023-06-23,130.23
TXN_13555,CUST_0681,2023-03-01,94.29
TXN_13556,CUST_0682,2023-11-27,25.93
TXN_13557,CUST_0683,2023-08-31,154.56
TXN_13558,CUST_0684,2023-12-05,204.97
TXN_13559,CUST_0685,2023-12-24,82.36
TXN_13560,CUST_0685,2023-12-27,50.62
TXN_13561,CUST_0686,2023-08-03,86.81
TXN_13562,CUST_0686,2023-07-22,132.88
TXN_13563,CUST_0686,2023-06-06,98.53
TXN_13564,CUST_0687,2023-05-17,112.34
TXN_13565,CUST_0687,2023-01-13,199.34
TXN_13566,CUST_0687,2023-05-23,126.11
TXN_13567,CUST_0688,2023-06-23,205.75
TXN_13568,CUST_0688,2023-08-25,77.46
TXN_13569,CUST_0688,2023-05-15,179.67
TXN_13570,CUST_0688,2023-05-26,231.83
TXN_13571,CUST_0688,2023-05-13,89.8
TXN_13572,CUST_0688,2023-05-06,180.28
TXN_13573,CUST_0688,2023-10-28,164.43
TXN_13574,CUST_0688,2023-12-12,45.2
TXN_13575,CUST_0688,2023-05-09,212.03
TXN_13576,CUST_0689,2023-12-15,242.91
TXN_13577,CUST_0689,2023-12-14,199.66
TXN_13578,CUST_0689,2023-12-16,23.81
TXN_13579,CUST_0689,2023-12-28,47.82
TXN_13580,CUST_0689,2023-12-18,79.4
TXN_13581,CUST_0689,2023-12-14,26.73
TXN_13582,CUST_0689,2023-12-14,31.77
TXN_13583,CUST_0689,2023-12-22,129.11
TXN_13584,CUST_0689,2023-12-16,113.32
TXN_13585,CUST_0689,2023-12-28,229.03
TXN_13586,CUST_0689,2023-12-21,222.9
TXN_13587,CUST_0690,2023-07-15,159.22
TXN_13588,CUST_0691,2023-09-12,43.84
TXN_13589,CUST_0691,2023-09-05,133.59
TXN_13590,CUST_0691,2023-10-15,223.35
TXN_13591,CUST_0691,2023-04-02,104.97
TXN_13592,CUST_0691,2023-06-07,174.41
TXN_13593,CUST_0691,2023-04-30,74.25
TXN_13594,CUST_0691,2023-05-14,132.72
TXN_13595,CUST_0691,2023-12-31,194.1
TXN_13596,CUST_0691,2023-05-21,27.78
TXN_13597,CUST_0691,2023-04-16,122.14
TXN_13598,CUST_0691,2023-09-01,104.46
TXN_13599,CUST_0691,2023-06-09,224.57
TXN_13600,CUST_0691,2023-11-10,65.71
TXN_13601,CUST_0691,2023-04-04,86.77
TXN_13602,CUST_0692,2023-08-12,19.97
TXN_13603,CUST_0692,2023-06-16,48.95
TXN_13604,CUST_0693,2023-11-22,23.67
TXN_13605,CUST_0694,2023-11-18,159.97
TXN_13606,CUST_0695,2023-07-02,223.44
TXN_13607,CUST_0695,2023-07-10,190.92
TXN_13608,CUST_0695,2023-07-17,206.03
TXN_13609,CUST_0695,2023-07-04,192.68
TXN_13610,CUST_0695,2023-07-03,120.03
TXN_13611,CUST_0695,2023-09-17,55.71
TXN_13612,CUST_0695,2023-07-17,218.22
TXN_13613,CUST_0695,2023-11-08,25.56
TXN_13614,CUST_0695,2023-07-08,42.61
TXN_13615,CUST_0695,2023-07-09,242.99
TXN_13616,CUST_0696,2023-04-14,40.06
TXN_13617,CUST_0696,2023-03-16,49.87
TXN_13618,CUST_0696,2023-05-21,238.13
TXN_13619,CUST_0696,2023-12-31,103.18
TXN_13620,CUST_0697,2023-08-08,141.17
TXN_13621,CUST_0697,2023-09-16,105.23
TXN_13622,CUST_0697,2023-08-23,168.23
TXN_13623,CUST_0697,2023-08-14,136.87
TXN_13624,CUST_0697,2023-10-17,53.61
TXN_13625,CUST_0698,2023-12-24,149.45
TXN_13626,CUST_0698,2023-12-25,111.47
TXN_13627,CUST_0698,2023-12-23,190.11
TXN_13628,CUST_0698,2023-12-23,39.41
TXN_13629,CUST_0698,2023-12-26,64.08
TXN_13630,CUST_0698,2023-12-23,126.68
TXN_13631,CUST_0698,2023-12-24,181.52
TXN_13632,CUST_0698,2023-12-25,166.43
TXN_13633,CUST_0698,2023-12-26,83.76
TXN_13634,CUST_0698,2023-12-24,117.93
TXN_13635,CUST_0698,2023-12-23,246.46
TXN_13636,CUST_0698,2023-12-27,53.69
TXN_13637,CUST_0698,2023-12-23,25.05
TXN_13638,CUST_0699,2023-02-23,140.33
TXN_13639,CUST_0700,2023-10-19,152.03
TXN_13640,CUST_0700,2023-12-19,218.9
TXN_13641,CUST_0700,2023-09-03,34.89
TXN_13642,CUST_0700,2023-12-25,136.56
TXN_13643,CUST_0700,2023-08-19,206.9
TXN_13644,CUST_0701,2023-08-12,164.0
TXN_13645,CUST_0701,2023-07-28,27.26
TXN_13646,CUST_0701,2023-07-11,20.21
TXN_13647,CUST_0701,2023-07-11,40.93
TXN_13648,CUST_0701,2023-07-26,66.99
TXN_13649,CUST_0701,2023-12-31,86.91
TXN_13650,CUST_0701,2023-07-18,143.21
TXN_13651,CUST_0701,2023-10-31,174.34
TXN_13652,CUST_0701,2023-07-31,146.98
TXN_13653,CUST_0702,2023-08-24,37.25
TXN_13654,CUST_0702,2023-08-29,188.75
TXN_13655,CUST_0702,2023-08-12,68.68
TXN_13656,CUST_0702,2023-07-04,213.87
TXN_13657,CUST_0702,2023-08-14,187.2
TXN_13658,CUST_0702,2023-07-28,120.65
TXN_13659,CUST_0702,2023-09-06,30.96
TXN_13660,CUST_0702,2023-08-15,249.34
TXN_13661,CUST_0702,2023-09-13,83.28
TXN_13662,CUST_0702,2023-06-17,171.8
TXN_13663,CUST_0702,2023-11-06,150.82
TXN_13664,CUST_0702,2023-07-18,52.69
TXN_13665,CUST_0702,2023-08-25,180.04
TXN_13666,CUST_0703,2023-12-21,60.57
TXN_13667,CUST_0703,2023-07-29,71.53
TXN_13668,CUST_0703,2023-08-28,148.88
TXN_13669,CUST_0703,2023-08-02,192.81
TXN_13670,CUST_0703,2023-08-09,231.7
TXN_13671,CUST_0703,2023-09-16,117.54
TXN_13672,CUST_0703,2023-10-13,207.21
TXN_13673,CUST_0703,2023-08-07,94.83
TXN_13674,CUST_0704,2023-11-15,61.77
TXN_13675,CUST_0704,2023-10-17,123.52
TXN_13676,CUST_0704,2023-12-31,212.19
TXN_13677,CUST_0704,2023-10-07,219.62
TXN_13678,CUST_0704,2023-09-20,213.26
TXN_13679,CUST_0704,2023-08-15,37.96
TXN_13680,CUST_0704,2023-09-17,117.15
TXN_13681,CUST_0704,2023-08-28,138.79
TXN_13682,CUST_0705,2023-09-24,22.18
TXN_13683,CUST_0706,2023-12-31,82.67
TXN_13684,CUST_0706,2023-11-27,221.98
TXN_13685,CUST_0706,2023-10-26,147.42
TXN_13686,CUST_0706,2023-09-02,140.01
TXN_13687,CUST_0706,2023-09-15,201.17
TXN_13688,CUST_0706,2023-10-26,228.99
TXN_13689,CUST_0706,2023-08-28,205.14
TXN_13690,CUST_0706,2023-12-22,200.49
TXN_13691,CUST_0706,2023-09-02,34.1
TXN_13692,CUST_0706,2023-08-28,162.76
TXN_13693,CUST_0707,2023-04-20,126.43
TXN_13694,CUST_0707,2023-04-23,22.81
TXN_13695,CUST_0707,2023-03-16,51.32
TXN_13696,CUST_0707,2023-10-04,79.62
TXN_13697,CUST_0707,2023-03-02,43.15
TXN_13698,CUST_0708,2023-02-24,15.04
TXN_13699,CUST_0708,2023-06-23,41.11
TXN_13700,CUST_0708,2023-03-06,85.0
TXN_13701,CUST_0708,2023-05-05,108.52
TXN_13702,CUST_0708,2023-06-07,28.08
TXN_13703,CUST_0709,2023-10-05,94.19
TXN_13704,CUST_0710,2023-03-29,225.49
TXN_13705,CUST_0711,2023-10-25,170.82
TXN_13706,CUST_0711,2023-10-10,37.55
TXN_13707,CUST_0711,2023-10-01,239.97
TXN_13708,CUST_0711,2023-12-31,186.67
TXN_13709,CUST_0711,2023-09-22,38.94
TXN_13710,CUST_0711,2023-10-02,216.29
TXN_13711,CUST_0711,2023-10-29,222.71
TXN_13712,CUST_0711,2023-10-17,45.63
TXN_13713,CUST_0711,2023-09-17,26.28
TXN_13714,CUST_0711,2023-10-13,72.08
TXN_13715,CUST_0711,2023-10-31,176.27
TXN_13716,CUST_0712,2023-07-26,39.06
TXN_13717,CUST_0713,2023-11-07,216.31
TXN_13718,CUST_0713,2023-11-17,136.73
TXN_13719,CUST_0714,2023-05-27,118.4
TXN_13720,CUST_0714,2023-03-07,196.34
TXN_13721,CUST_0714,2023-04-06,180.53
TXN_13722,CUST_0714,2023-09-28,230.23
TXN_13723,CUST_0714,2023-02-17,59.15
TXN_13724,CUST_0714,2023-02-14,191.57
TXN_13725,CUST_0714,2023-03-05,55.75
TXN_13726,CUST_0714,2023-01-22,91.92
TXN_13727,CUST_0714,2023-01-27,51.75
TXN_13728,CUST_0715,2023-11-08,178.17
TXN_13729,CUST_0715,2023-12-09,213.89
TXN_13730,CUST_0715,2023-11-28,239.19
TXN_13731,CUST_0715,2023-11-20,229.75
TXN_13732,CUST_0715,2023-12-31,214.08
TXN_13733,CUST_0715,2023-11-14,61.11
TXN_13734,CUST_0715,2023-11-22,121.46
TXN_13735,CUST_0715,2023-12-15,38.51
TXN_13736,CUST_0715,2023-11-13,191.67
TXN_13737,CUST_0715,2023-11-09,90.38
TXN_13738,CUST_0715,2023-11-16,161.31
TXN_13739,CUST_0715,2023-11-11,217.24
TXN_13740,CUST_0716,2023-11-13,204.76
TXN_13741,CUST_0716,2023-11-10,50.57
TXN_13742,CUST_0716,2023-10-15,149.62
TXN_13743,CUST_0716,2023-10-26,115.84
TXN_13744,CUST_0716,2023-12-31,185.12
TXN_13745,CUST_0716,2023-10-26,19.49
TXN_13746,CUST_0717,2023-10-16,211.87
TXN_13747,CUST_0718,2023-12-31,16.09
TXN_13748,CUST_0718,2023-11-25,87.22
TXN_13749,CUST_0718,2023-12-23,89.48
TXN_13750,CUST_0718,2023-10-18,33.81
TXN_13751,CUST_0718,2023-09-18,196.81
TXN_13752,CUST_0718,2023-10-06,233.07
TXN_13753,CUST_0718,2023-09-29,219.41
TXN_13754,CUST_0719,2023-12-31,42.09
TXN_13755,CUST_0719,2023-12-31,233.0
TXN_13756,CUST_0719,2023-12-31,207.97
TXN_13757,CUST_0719,2023-12-31,67.82
TXN_13758,CUST_0720,2023-05-02,32.08
TXN_13759,CUST_0720,2023-08-10,56.02
TXN_13760,CUST_0721,2023-06-09,150.58
TXN_13761,CUST_0722,2023-10-24,134.88
TXN_13762,CUST_0722,2023-11-12,21.17
TXN_13763,CUST_0722,2023-10-27,178.53
TXN_13764,CUST_0722,2023-10-23,240.06
TXN_13765,CUST_0722,2023-10-16,240.15
TXN_13766,CUST_0722,2023-10-22,26.47
TXN_13767,CUST_0722,2023-10-24,199.78
TXN_13768,CUST_0722,2023-11-20,64.08
TXN_13769,CUST_0722,2023-10-21,166.01
TXN_13770,CUST_0722,2023-10-31,201.19
TXN_13771,CUST_0722,2023-10-16,158.45
TXN_13772,CUST_0722,2023-11-18,248.45
TXN_13773,CUST_0722,2023-11-13,69.48
TXN_13774,CUST_0722,2023-10-18,165.62
TXN_13775,CUST_0723,2023-07-13,134.79
TXN_13776,CUST_0723,2023-04-26,110.03
TXN_13777,CUST_0723,2023-03-31,19.07
TXN_13778,CUST_0723,2023-05-30,64.92
TXN_13779,CUST_0723,2023-03-29,44.46
TXN_13780,CUST_0723,2023-03-27,22.47
TXN_13781,CUST_0723,2023-06-26,109.33
TXN_13782,CUST_0723,2023-05-27,164.69
TXN_13783,CUST_0723,2023-12-31,31.04
TXN_13784,CUST_0723,2023-04-29,72.79
TXN_13785,CUST_0723,2023-05-09,231.31
TXN_13786,CUST_0724,2023-07-07,172.71
TXN_13787,CUST_0724,2023-05-28,152.77
TXN_13788,CUST_0724,2023-07-23,96.46
TXN_13789,CUST_0725,2023-10-28,27.66
TXN_13790,CUST_0726,2023-09-20,74.35
TXN_13791,CUST_0727,2023-07-13,47.21
TXN_13792,CUST_0727,2023-10-22,159.87
TXN_13793,CUST_0727,2023-07-08,56.64
TXN_13794,CUST_0727,2023-11-02,189.54
TXN_13795,CUST_0727,2023-09-01,110.61
TXN_13796,CUST_0727,2023-07-15,245.17
TXN_13797,CUST_0727,2023-10-03,85.92
TXN_13798,CUST_0728,2023-11-24,117.84
TXN_13799,CUST_0728,2023-12-31,239.23
TXN_13800,CUST_0728,2023-11-11,234.12
TXN_13801,CUST_0728,2023-11-03,225.46
TXN_13802,CUST_0728,2023-10-02,96.17
TXN_13803,CUST_0729,2023-12-19,193.6
TXN_13804,CUST_0729,2023-12-10,121.66
TXN_13805,CUST_0729,2023-12-14,243.88
TXN_13806,CUST_0729,2023-12-10,231.94
TXN_13807,CUST_0729,2023-12-09,247.43
TXN_13808,CUST_0729,2023-12-15,123.93
TXN_13809,CUST_0729,2023-12-14,79.04
TXN_13810,CUST_0729,2023-12-09,41.69
TXN_13811,CUST_0729,2023-12-07,96.7
TXN_13812,CUST_0729,2023-12-18,157.87
TXN_13813,CUST_0729,2023-12-07,215.28
TXN_13814,CUST_0730,2023-10-25,197.02
TXN_13815,CUST_0730,2023-10-15,121.49
TXN_13816,CUST_0730,2023-10-13,240.02
TXN_13817,CUST_0730,2023-11-19,188.13
TXN_13818,CUST_0730,2023-11-10,114.48
TXN_13819,CUST_0730,2023-12-19,32.14
TXN_13820,CUST_0730,2023-11-22,65.58
TXN_13821,CUST_0730,2023-10-19,137.07
TXN_13822,CUST_0730,2023-11-20,212.06
TXN_13823,CUST_0730,2023-11-02,109.71
TXN_13824,CUST_0730,2023-12-29,72.93
TXN_13825,CUST_0731,2023-06-07,217.3
TXN_13826,CUST_0731,2023-07-22,145.05
TXN_13827,CUST_0731,2023-04-18,100.79
TXN_13828,CUST_0731,2023-10-02,24.22
TXN_13829,CUST_0731,2023-12-31,171.13
TXN_13830,CUST_0732,2023-08-29,135.65
TXN_13831,CUST_0732,2023-10-25,145.11
TXN_13832,CUST_0732,2023-11-05,136.86
TXN_13833,CUST_0732,2023-09-19,117.79
TXN_13834,CUST_0733,2023-12-17,159.3
TXN_13835,CUST_0733,2023-12-13,116.94
TXN_13836,CUST_0734,2023-11-15,27.53
TXN_13837,CUST_0734,2023-12-31,215.22
TXN_13838,CUST_0734,2023-12-21,214.1
TXN_13839,CUST_0734,2023-11-21,232.16
TXN_13840,CUST_0734,2023-12-31,133.1
TXN_13841,CUST_0734,2023-11-14,169.78
TXN_13842,CUST_0734,2023-12-31,219.95
TXN_13843,CUST_0734,2023-12-13,234.45
TXN_13844,CUST_0734,2023-12-18,197.43
TXN_13845,CUST_0734,2023-12-02,77.22
TXN_13846,CUST_0734,2023-11-27,137.55
TXN_13847,CUST_0735,2023-10-25,130.42
TXN_13848,CUST_0735,2023-11-10,38.87
TXN_13849,CUST_0735,2023-10-20,32.69
TXN_13850,CUST_0735,2023-10-12,61.02
TXN_13851,CUST_0735,2023-10-28,199.42
TXN_13852,CUST_0735,2023-10-28,93.84
TXN_13853,CUST_0735,2023-10-12,144.32
TXN_13854,CUST_0735,2023-10-18,159.51
TXN_13855,CUST_0735,2023-12-31,41.16
TXN_13856,CUST_0735,2023-10-16,126.18
TXN_13857,CUST_0735,2023-12-31,196.38
TXN_13858,CUST_0736,2023-09-24,24.2
TXN_13859,CUST_0736,2023-12-15,37.34
TXN_13860,CUST_0737,2023-04-16,41.66
TXN_13861,CUST_0737,2023-04-11,39.56
TXN_13862,CUST_0737,2023-04-28,242.97
TXN_13863,CUST_0737,2023-07-15,197.96
TXN_13864,CUST_0737,2023-08-19,140.74
TXN_13865,CUST_0737,2023-08-28,155.01
TXN_13866,CUST_0737,2023-05-11,146.86
TXN_13867,CUST_0737,2023-06-14,208.51
TXN_13868,CUST_0737,2023-12-31,111.6
TXN_13869,CUST_0737,2023-08-14,38.44
TXN_13870,CUST_0738,2023-04-21,54.62
TXN_13871,CUST_0738,2023-08-28,167.37
TXN_13872,CUST_0738,2023-06-27,54.39
TXN_13873,CUST_0738,2023-09-19,240.77
TXN_13874,CUST_0738,2023-04-18,33.34
TXN_13875,CUST_0738,2023-10-19,206.65
TXN_13876,CUST_0738,2023-07-07,237.07
TXN_13877,CUST_0738,2023-07-14,65.76
TXN_13878,CUST_0738,2023-08-06,166.74
TXN_13879,CUST_0738,2023-12-31,65.27
TXN_13880,CUST_0738,2023-07-02,198.34
TXN_13881,CUST_0738,2023-05-20,104.22
TXN_13882,CUST_0738,2023-10-21,109.99
TXN_13883,CUST_0739,2023-04-29,245.74
TXN_13884,CUST_0739,2023-07-25,131.59
TXN_13885,CUST_0739,2023-05-28,239.28
TXN_13886,CUST_0739,2023-04-29,88.25
TXN_13887,CUST_0739,2023-05-11,82.92
TXN_13888,CUST_0739,2023-06-04,247.46
TXN_13889,CUST_0739,2023-10-20,92.07
TXN_13890,CUST_0739,2023-05-27,172.33
TXN_13891,CUST_0739,2023-04-10,207.74
TXN_13892,CUST_0739,2023-10-13,216.44
TXN_13893,CUST_0739,2023-05-20,123.57
TXN_13894,CUST_0740,2023-11-16,123.2
TXN_13895,CUST_0741,2023-03-14,242.8
TXN_13896,CUST_0741,2023-01-24,153.03
TXN_13897,CUST_0741,2023-02-01,200.67
TXN_13898,CUST_0742,2023-11-29,60.74
TXN_13899,CUST_0742,2023-09-07,246.62
TXN_13900,CUST_0742,2023-11-12,239.79
TXN_13901,CUST_0742,2023-08-08,39.81
TXN_13902,CUST_0742,2023-07-27,132.62
TXN_13903,CUST_0742,2023-10-12,50.29
TXN_13904,CUST_0742,2023-09-14,91.04
TXN_13905,CUST_0742,2023-08-08,170.55
TXN_13906,CUST_0743,2023-12-21,43.22
TXN_13907,CUST_0743,2023-12-17,27.17
TXN_13908,CUST_0743,2023-12-28,228.49
TXN_13909,CUST_0743,2023-12-18,143.56
TXN_13910,CUST_0743,2023-12-31,131.73
TXN_13911,CUST_0743,2023-12-19,128.56
TXN_13912,CUST_0743,2023-12-24,127.16
TXN_13913,CUST_0743,2023-12-24,116.45
TXN_13914,CUST_0743,2023-12-18,91.72
TXN_13915,CUST_0744,2023-07-05,49.81
TXN_13916,CUST_0745,2023-12-24,212.61
TXN_13917,CUST_0745,2023-12-24,108.2
TXN_13918,CUST_0745,2023-12-25,81.93
TXN_13919,CUST_0745,2023-12-29,191.47
TXN_13920,CUST_0745,2023-12-24,182.95
TXN_13921,CUST_0745,2023-12-25,226.7
TXN_13922,CUST_0745,2023-12-24,149.93
TXN_13923,CUST_0745,2023-12-25,130.05
TXN_13924,CUST_0745,2023-12-25,63.32
TXN_13925,CUST_0745,2023-12-27,121.06
TXN_13926,CUST_0746,2023-10-13,240.77
TXN_13927,CUST_0746,2023-09-20,188.41
TXN_13928,CUST_0746,2023-09-20,104.73
TXN_13929,CUST_0746,2023-10-17,188.22
TXN_13930,CUST_0746,2023-09-16,76.24
TXN_13931,CUST_0746,2023-10-13,140.23
TXN_13932,CUST_0746,2023-10-21,86.41
TXN_13933,CUST_0746,2023-10-13,59.6
TXN_13934,CUST_0746,2023-09-23,150.49
TXN_13935,CUST_0747,2023-12-31,168.91
TXN_13936,CUST_0747,2023-09-21,65.28
TXN_13937,CUST_0747,2023-12-31,48.55
TXN_13938,CUST_0747,2023-02-04,41.37
TXN_13939,CUST_0747,2023-04-30,198.53
TXN_13940,CUST_0747,2023-03-16,244.81
TXN_13941,CUST_0747,2023-03-28,50.36
TXN_13942,CUST_0747,2023-04-04,174.57
TXN_13943,CUST_0748,2023-05-17,136.64
TXN_13944,CUST_0748,2023-09-13,168.17
TXN_13945,CUST_0748,2023-03-15,29.81
TXN_13946,CUST_0748,2023-04-20,18.67
TXN_13947,CUST_0748,2023-04-02,101.49
TXN_13948,CUST_0748,2023-04-11,245.15
TXN_13949,CUST_0749,2023-07-04,45.4
TXN_13950,CUST_0750,2023-08-04,43.47
TXN_13951,CUST_0750,2023-07-21,134.35
TXN_13952,CUST_0750,2023-12-31,178.32
TXN_13953,CUST_0750,2023-08-10,221.06
TXN_13954,CUST_0750,2023-10-11,18.62
TXN_13955,CUST_0750,2023-10-21,85.62
TXN_13956,CUST_0750,2023-07-29,68.19
TXN_13957,CUST_0750,2023-08-24,114.84
TXN_13958,CUST_0750,2023-08-08,55.47
TXN_13959,CUST_0750,2023-10-07,247.68
TXN_13960,CUST_0750,2023-10-10,84.55
TXN_13961,CUST_0750,2023-08-05,66.15
TXN_13962,CUST_0750,2023-07-28,144.56
TXN_13963,CUST_0750,2023-09-09,180.79
TXN_13964,CUST_0751,2023-09-24,174.27
TXN_13965,CUST_0751,2023-06-06,109.22
TXN_13966,CUST_0751,2023-05-15,28.5
TXN_13967,CUST_0751,2023-05-20,201.93
TXN_13968,CUST_0751,2023-05-09,105.14
TXN_13969,CUST_0751,2023-03-25,122.59
TXN_13970,CUST_0751,2023-03-26,149.03
TXN_13971,CUST_0751,2023-05-29,212.4
TXN_13972,CUST_0751,2023-06-13,91.01
TXN_13973,CUST_0751,2023-05-31,179.43
TXN_13974,CUST_0751,2023-04-02,160.95
TXN_13975,CUST_0751,2023-11-12,85.3
TXN_13976,CUST_0751,2023-06-24,208.01
TXN_13977,CUST_0751,2023-05-30,183.73
TXN_13978,CUST_0752,2023-06-20,171.88
TXN_13979,CUST_0753,2023-04-18,125.03
TXN_13980,CUST_0753,2023-04-21,33.82
TXN_13981,CUST_0753,2023-05-13,102.91
TXN_13982,CUST_0753,2023-04-24,84.79
TXN_13983,CUST_0753,2023-05-06,247.38
TXN_13984,CUST_0753,2023-08-15,31.78
TXN_13985,CUST_0753,2023-10-04,163.83
TXN_13986,CUST_0753,2023-10-18,95.3
TXN_13987,CUST_0754,2023-05-07,18.8
TXN_13988,CUST_0754,2023-06-12,17.97
TXN_13989,CUST_0754,2023-03-19,159.78
TXN_13990,CUST_0754,2023-04-08,60.09
TXN_13991,CUST_0754,2023-06-28,27.62
TXN_13992,CUST_0754,2023-04-23,50.12
TXN_13993,CUST_0754,2023-06-10,170.51
TXN_13994,CUST_0754,2023-07-19,74.98
TXN_13995,CUST_0754,2023-03-27,33.49
TXN_13996,CUST_0754,2023-05-11,237.27
TXN_13997,CUST_0754,2023-04-11,75.33
TXN_13998,CUST_0754,2023-03-29,157.31
TXN_13999,CUST_0755,2023-01-03,187.39
TXN_14000,CUST_0755,2023-03-07,138.46
TXN_14001,CUST_0755,2023-01-15,248.05
TXN_14002,CUST_0755,2023-02-13,164.22
TXN_14003,CUST_0755,2023-04-16,199.5
TXN_14004,CUST_0755,2023-02-12,192.64
TXN_14005,CUST_0755,2023-02-28,111.62
TXN_14006,CUST_0755,2023-05-16,199.31
TXN_14007,CUST_0755,2023-05-14,226.47
TXN_14008,CUST_0756,2023-10-19,45.75
TXN_14009,CUST_0757,2023-10-06,40.79
TXN_14010,CUST_0757,2023-06-30,154.7
TXN_14011,CUST_0757,2023-07-19,23.2
TXN_14012,CUST_0757,2023-08-10,106.14
TXN_14013,CUST_0757,2023-06-28,203.45
TXN_14014,CUST_0757,2023-11-26,192.8
TXN_14015,CUST_0757,2023-10-10,65.88
TXN_14016,CUST_0757,2023-07-11,64.0
TXN_14017,CUST_0757,2023-09-22,237.76
TXN_14018,CUST_0757,2023-09-10,222.14
TXN_14019,CUST_0757,2023-08-26,106.1
TXN_14020,CUST_0757,2023-07-27,32.7
TXN_14021,CUST_0758,2023-09-25,118.03
TXN_14022,CUST_0759,2023-10-23,124.92
TXN_14023,CUST_0759,2023-10-17,105.48
TXN_14024,CUST_0759,2023-09-21,105.62
TXN_14025,CUST_0759,2023-10-13,155.73
TXN_14026,CUST_0759,2023-12-22,197.67
TXN_14027,CUST_0759,2023-09-22,55.93
TXN_14028,CUST_0759,2023-09-20,188.47
TXN_14029,CUST_0759,2023-10-29,246.8
TXN_14030,CUST_0759,2023-10-12,209.21
TXN_14031,CUST_0759,2023-10-17,220.41
TXN_14032,CUST_0759,2023-10-31,166.08
TXN_14033,CUST_0759,2023-10-16,184.9
TXN_14034,CUST_0759,2023-10-06,37.7
TXN_14035,CUST_0760,2023-10-31,155.83
TXN_14036,CUST_0761,2023-03-12,90.68
TXN_14037,CUST_0762,2023-12-18,183.92
TXN_14038,CUST_0762,2023-12-15,184.65
TXN_14039,CUST_0762,2023-12-23,111.8
TXN_14040,CUST_0762,2023-12-21,109.95
TXN_14041,CUST_0762,2023-12-20,194.54
TXN_14042,CUST_0763,2023-04-29,175.76
TXN_14043,CUST_0763,2023-04-13,72.5
TXN_14044,CUST_0764,2023-05-01,57.26
TXN_14045,CUST_0764,2023-04-14,121.94
TXN_14046,CUST_0764,2023-04-15,69.89
TXN_14047,CUST_0764,2023-07-21,16.84
TXN_14048,CUST_0764,2023-05-27,201.54
TXN_14049,CUST_0764,2023-04-12,156.77
TXN_14050,CUST_0764,2023-06-28,168.93
TXN_14051,CUST_0764,2023-05-09,96.45
TXN_14052,CUST_0764,2023-09-05,193.23
TXN_14053,CUST_0764,2023-04-19,39.21
TXN_14054,CUST_0764,2023-03-20,37.15
TXN_14055,CUST_0765,2023-09-12,170.06
TXN_14056,CUST_0765,2023-06-26,50.41
TXN_14057,CUST_0765,2023-09-29,54.25
TXN_14058,CUST_0765,2023-03-07,45.09
TXN_14059,CUST_0765,2023-04-12,223.61
TXN_14060,CUST_0765,2023-03-11,102.83
TXN_14061,CUST_0766,2023-06-16,175.45
TXN_14062,CUST_0766,2023-07-12,154.01
TXN_14063,CUST_0766,2023-09-04,136.01
TXN_14064,CUST_0766,2023-09-29,184.71
TXN_14065,CUST_0766,2023-08-09,50.44
TXN_14066,CUST_0766,2023-10-08,234.94
TXN_14067,CUST_0766,2023-06-13,129.74
TXN_14068,CUST_0766,2023-06-24,192.31
TXN_14069,CUST_0766,2023-08-31,48.11
TXN_14070,CUST_0766,2023-10-28,57.53
TXN_14071,CUST_0766,2023-09-23,122.39
TXN_14072,CUST_0766,2023-06-30,52.19
TXN_14073,CUST_0767,2023-10-18,144.35
TXN_14074,CUST_0768,2023-06-19,31.99
TXN_14075,CUST_0769,2023-09-24,159.06
TXN_14076,CUST_0769,2023-05-13,19.87
TXN_14077,CUST_0769,2023-04-30,134.23
TXN_14078,CUST_0769,2023-08-15,43.4
TXN_14079,CUST_0769,2023-05-18,91.91
TXN_14080,CUST_0769,2023-05-18,106.96
TXN_14081,CUST_0769,2023-07-04,175.96
TXN_14082,CUST_0769,2023-12-31,233.75
TXN_14083,CUST_0769,2023-07-06,187.53
TXN_14084,CUST_0769,2023-12-31,34.62
TXN_14085,CUST_0769,2023-04-28,22.0
TXN_14086,CUST_0770,2023-09-23,225.26
TXN_14087,CUST_0770,2023-09-26,36.46
TXN_14088,CUST_0771,2023-11-02,41.02
TXN_14089,CUST_0771,2023-12-04,209.91
TXN_14090,CUST_0771,2023-12-03,185.8
TXN_14091,CUST_0771,2023-12-03,172.68
TXN_14092,CUST_0771,2023-11-23,171.83
TXN_14093,CUST_0771,2023-11-16,100.39
TXN_14094,CUST_0771,2023-11-27,85.18
TXN_14095,CUST_0772,2023-10-05,244.05
TXN_14096,CUST_0772,2023-10-04,87.68
TXN_14097,CUST_0772,2023-09-30,208.4
TXN_14098,CUST_0772,2023-10-23,159.06
TXN_14099,CUST_0772,2023-11-19,95.59
TXN_14100,CUST_0772,2023-10-01,61.63
TXN_14101,CUST_0772,2023-11-06,159.32
TXN_14102,CUST_0772,2023-10-02,49.09
TXN_14103,CUST_0772,2023-09-29,162.53
TXN_14104,CUST_0772,2023-09-25,19.31
TXN_14105,CUST_0772,2023-10-10,177.47
TXN_14106,CUST_0772,2023-11-02,116.08
TXN_14107,CUST_0772,2023-11-01,137.46
TXN_14108,CUST_0773,2023-08-04,239.52
TXN_14109,CUST_0773,2023-04-19,238.82
TXN_14110,CUST_0773,2023-08-21,128.05
TXN_14111,CUST_0773,2023-06-19,117.22
TXN_14112,CUST_0773,2023-05-18,28.64
TXN_14113,CUST_0773,2023-06-26,27.41
TXN_14114,CUST_0773,2023-08-18,208.86
TXN_14115,CUST_0774,2023-09-09,128.11
TXN_14116,CUST_0775,2023-09-24,38.64
TXN_14117,CUST_0775,2023-09-03,134.2
TXN_14118,CUST_0775,2023-12-31,56.97
TXN_14119,CUST_0775,2023-12-31,103.4
TXN_14120,CUST_0775,2023-08-20,112.32
TXN_14121,CUST_0775,2023-09-24,65.17
TXN_14122,CUST_0775,2023-08-26,215.82
TXN_14123,CUST_0775,2023-12-31,89.77
TXN_14124,CUST_0775,2023-08-17,201.4
TXN_14125,CUST_0776,2023-09-24,55.78
TXN_14126,CUST_0776,2023-09-25,113.12
TXN_14127,CUST_0776,2023-09-21,169.31
TXN_14128,CUST_0776,2023-12-12,109.14
TXN_14129,CUST_0776,2023-09-16,78.62
TXN_14130,CUST_0776,2023-11-20,149.34
TXN_14131,CUST_0776,2023-10-01,50.16
TXN_14132,CUST_0776,2023-09-30,80.45
TXN_14133,CUST_0776,2023-12-25,222.76
TXN_14134,CUST_0776,2023-09-11,136.41
TXN_14135,CUST_0776,2023-09-17,111.53
TXN_14136,CUST_0777,2023-11-16,94.68
TXN_14137,CUST_0777,2023-11-23,83.49
TXN_14138,CUST_0777,2023-11-11,168.62
TXN_14139,CUST_0777,2023-12-12,233.93
TXN_14140,CUST_0778,2023-06-04,137.53
TXN_14141,CUST_0778,2023-08-27,94.93
TXN_14142,CUST_0778,2023-05-08,152.46
TXN_14143,CUST_0778,2023-07-23,182.49
TXN_14144,CUST_0778,2023-10-19,102.23
TXN_14145,CUST_0778,2023-04-28,240.21
TXN_14146,CUST_0778,2023-06-09,161.47
TXN_14147,CUST_0778,2023-07-23,143.43
TXN_14148,CUST_0778,2023-05-11,192.46
TXN_14149,CUST_0778,2023-09-06,144.95
TXN_14150,CUST_0778,2023-06-17,41.78
TXN_14151,CUST_0779,2023-09-27,88.05
TXN_14152,CUST_0780,2023-11-01,146.99
TXN_14153,CUST_0780,2023-11-09,183.05
TXN_14154,CUST_0780,2023-11-12,114.95
TXN_14155,CUST_0780,2023-11-10,219.89
TXN_14156,CUST_0781,2023-08-16,94.56
TXN_14157,CUST_0782,2023-11-14,49.46
TXN_14158,CUST_0783,2023-12-14,149.99
TXN_14159,CUST_0783,2023-12-20,199.78
TXN_14160,CUST_0783,2023-12-24,144.9
TXN_14161,CUST_0783,2023-12-31,249.09
TXN_14162,CUST_0783,2023-12-07,214.64
TXN_14163,CUST_0783,2023-12-12,106.08
TXN_14164,CUST_0783,2023-12-14,28.15
TXN_14165,CUST_0783,2023-12-12,219.66
TXN_14166,CUST_0784,2023-05-01,235.78
TXN_14167,CUST_0785,2023-05-04,17.79
TXN_14168,CUST_0785,2023-03-28,91.37
TXN_14169,CUST_0785,2023-06-04,222.15
TXN_14170,CUST_0785,2023-08-14,145.03
TXN_14171,CUST_0785,2023-03-23,82.19
TXN_14172,CUST_0786,2023-07-06,30.26
TXN_14173,CUST_0787,2023-07-30,173.25
TXN_14174,CUST_0787,2023-07-12,192.59
TXN_14175,CUST_0787,2023-07-28,87.86
TXN_14176,CUST_0787,2023-08-23,65.74
TXN_14177,CUST_0787,2023-11-12,35.06
TXN_14178,CUST_0787,2023-08-13,214.61
TXN_14179,CUST_0787,2023-09-04,83.7
TXN_14180,CUST_0788,2023-09-13,185.59
TXN_14181,CUST_0788,2023-10-10,140.43
TXN_14182,CUST_0788,2023-10-01,244.49
TXN_14183,CUST_0788,2023-09-10,57.45
TXN_14184,CUST_0788,2023-10-18,47.05
TXN_14185,CUST_0788,2023-10-12,148.42
TXN_14186,CUST_0788,2023-12-31,222.6
TXN_14187,CUST_0788,2023-12-27,41.7
TXN_14188,CUST_0788,2023-11-24,45.34
TXN_14189,CUST_0788,2023-10-16,184.22
TXN_14190,CUST_0788,2023-09-15,163.67
TXN_14191,CUST_0789,2023-08-30,231.47
TXN_14192,CUST_0790,2023-10-22,119.26
TXN_14193,CUST_0791,2023-11-10,226.45
TXN_14194,CUST_0791,2023-11-04,88.01
TXN_14195,CUST_0791,2023-12-01,142.65
TXN_14196,CUST_0791,2023-12-07,41.22
TXN_14197,CUST_0791,2023-12-21,234.7
TXN_14198,CUST_0791,2023-11-05,22.96
TXN_14199,CUST_0791,2023-12-31,128.33
TXN_14200,CUST_0792,2023-08-24,205.82
TXN_14201,CUST_0792,2023-04-27,70.61
TXN_14202,CUST_0792,2023-10-11,207.59
TXN_14203,CUST_0793,2023-12-15,65.72
TXN_14204,CUST_0793,2023-12-20,112.46
TXN_14205,CUST_0793,2023-12-04,90.53
TXN_14206,CUST_0793,2023-12-16,240.65
TXN_14207,CUST_0793,2023-12-06,72.93
TXN_14208,CUST_0793,2023-12-11,205.75
TXN_14209,CUST_0793,2023-12-16,146.59
TXN_14210,CUST_0793,2023-12-12,71.89
TXN_14211,CUST_0793,2023-12-09,75.01
TXN_14212,CUST_0794,2023-10-20,86.66
TXN_14213,CUST_0794,2023-10-24,113.83
TXN_14214,CUST_0794,2023-10-15,24.96
TXN_14215,CUST_0794,2023-11-11,141.27
TXN_14216,CUST_0794,2023-10-28,164.09
TXN_14217,CUST_0794,2023-11-28,115.51
TXN_14218,CUST_0794,2023-11-08,239.09
TXN_14219,CUST_0794,2023-11-30,115.11
TXN_14220,CUST_0795,2023-12-09,245.61
TXN_14221,CUST_0795,2023-12-08,233.0
TXN_14222,CUST_0795,2023-12-06,249.73
TXN_14223,CUST_0795,2023-12-09,24.93
TXN_14224,CUST_0795,2023-12-09,79.52
TXN_14225,CUST_0795,2023-12-01,207.9
TXN_14226,CUST_0795,2023-12-04,202.19
TXN_14227,CUST_0795,2023-12-04,60.67
TXN_14228,CUST_0795,2023-12-31,99.99
TXN_14229,CUST_0795,2023-12-10,158.35
TXN_14230,CUST_0796,2023-12-17,78.16
TXN_14231,CUST_0796,2023-12-17,222.41
TXN_14232,CUST_0796,2023-12-30,38.63
TXN_14233,CUST_0796,2023-12-14,245.1
TXN_14234,CUST_0796,2023-12-14,177.79
TXN_14235,CUST_0796,2023-12-14,98.75
TXN_14236,CUST_0796,2023-12-14,216.23
TXN_14237,CUST_0796,2023-12-25,84.77
TXN_14238,CUST_0796,2023-12-23,99.19
TXN_14239,CUST_0796,2023-12-13,193.15
TXN_14240,CUST_0796,2023-12-18,79.48
TXN_14241,CUST_0796,2023-12-14,244.27
TXN_14242,CUST_0796,2023-12-24,205.3
TXN_14243,CUST_0797,2023-11-30,65.42
TXN_14244,CUST_0798,2023-09-29,63.13
TXN_14245,CUST_0798,2023-09-19,62.2
TXN_14246,CUST_0798,2023-11-02,182.46
TXN_14247,CUST_0798,2023-10-14,106.0
TXN_14248,CUST_0798,2023-12-07,242.84
TXN_14249,CUST_0798,2023-09-13,67.41
TXN_14250,CUST_0798,2023-10-04,36.44
TXN_14251,CUST_0798,2023-09-28,151.72
TXN_14252,CUST_0798,2023-10-04,92.76
TXN_14253,CUST_0798,2023-10-06,240.32
TXN_14254,CUST_0798,2023-09-14,168.89
TXN_14255,CUST_0798,2023-09-07,30.61
TXN_14256,CUST_0798,2023-10-07,39.66
TXN_14257,CUST_0798,2023-09-06,55.31
TXN_14258,CUST_0799,2023-12-03,214.22
TXN_14259,CUST_0799,2023-07-16,149.87
TXN_14260,CUST_0799,2023-06-16,76.86
TXN_14261,CUST_0799,2023-09-05,174.31
TXN_14262,CUST_0799,2023-07-13,205.02
TXN_14263,CUST_0799,2023-07-02,123.4
TXN_14264,CUST_0799,2023-07-27,95.09
TXN_14265,CUST_0799,2023-12-31,178.72
TXN_14266,CUST_0800,2023-12-29,158.53
TXN_14267,CUST_0800,2023-12-13,194.06
TXN_14268,CUST_0800,2023-12-04,25.63
TXN_14269,CUST_0801,2023-03-19,71.74
TXN_14270,CUST_0802,2023-09-11,44.26
TXN_14271,CUST_0803,2023-07-29,85.29
TXN_14272,CUST_0803,2023-08-16,63.32
TXN_14273,CUST_0803,2023-06-22,204.01
TXN_14274,CUST_0803,2023-06-21,228.37
TXN_14275,CUST_0803,2023-04-21,153.25
TXN_14276,CUST_0804,2023-04-20,106.02
TXN_14277,CUST_0804,2023-08-31,66.55
TXN_14278,CUST_0804,2023-07-08,193.01
TXN_14279,CUST_0804,2023-04-17,84.87
TXN_14280,CUST_0804,2023-04-27,36.91
TXN_14281,CUST_0804,2023-02-24,41.23
TXN_14282,CUST_0804,2023-03-13,133.48
TXN_14283,CUST_0804,2023-09-05,70.38
TXN_14284,CUST_0805,2023-12-31,116.3
TXN_14285,CUST_0805,2023-04-25,100.86
TXN_14286,CUST_0805,2023-05-08,208.06
TXN_14287,CUST_0805,2023-03-29,89.38
TXN_14288,CUST_0805,2023-12-31,50.98
TXN_14289,CUST_0805,2023-07-28,98.75
TXN_14290,CUST_0805,2023-06-12,38.39
TXN_14291,CUST_0806,2023-07-05,69.45
TXN_14292,CUST_0807,2023-11-29,49.85
TXN_14293,CUST_0807,2023-12-02,173.66
TXN_14294,CUST_0807,2023-10-16,59.59
TXN_14295,CUST_0807,2023-12-20,22.57
TXN_14296,CUST_0807,2023-10-28,88.67
TXN_14297,CUST_0807,2023-11-10,212.31
TXN_14298,CUST_0807,2023-10-23,115.32
TXN_14299,CUST_0808,2023-10-19,16.38
TXN_14300,CUST_0808,2023-06-24,80.24
TXN_14301,CUST_0808,2023-07-20,73.87
TXN_14302,CUST_0808,2023-06-15,214.76
TXN_14303,CUST_0808,2023-07-26,49.24
TXN_14304,CUST_0808,2023-08-24,63.75
TXN_14305,CUST_0808,2023-06-29,166.95
TXN_14306,CUST_0808,2023-06-11,105.27
TXN_14307,CUST_0808,2023-08-26,235.41
TXN_14308,CUST_0808,2023-07-14,17.34
TXN_14309,CUST_0808,2023-06-18,108.68
TXN_14310,CUST_0809,2023-08-06,163.68
TXN_14311,CUST_0810,2023-11-29,134.3
TXN_14312,CUST_0811,2023-12-31,116.39
TXN_14313,CUST_0812,2023-12-08,37.29
TXN_14314,CUST_0812,2023-12-09,23.59
TXN_14315,CUST_0812,2023-12-07,190.49
TXN_14316,CUST_0812,2023-12-09,172.04
TXN_14317,CUST_0812,2023-12-16,151.58
TXN_14318,CUST_0812,2023-12-31,20.04
TXN_14319,CUST_0812,2023-12-17,240.31
TXN_14320,CUST_0813,2023-06-19,242.8
TXN_14321,CUST_0813,2023-03-24,113.37
TXN_14322,CUST_0813,2023-09-13,234.09
TXN_14323,CUST_0813,2023-06-08,48.7
TXN_14324,CUST_0813,2023-10-24,55.99
TXN_14325,CUST_0813,2023-04-21,103.24
TXN_14326,CUST_0813,2023-05-07,200.69
TXN_14327,CUST_0813,2023-08-16,184.12
TXN_14328,CUST_0813,2023-03-12,147.74
TXN_14329,CUST_0813,2023-07-23,119.49
TXN_14330,CUST_0813,2023-12-21,208.6
TXN_14331,CUST_0813,2023-06-18,29.67
TXN_14332,CUST_0813,2023-06-22,229.22
TXN_14333,CUST_0814,2023-08-22,88.59
TXN_14334,CUST_0815,2023-09-27,141.06
TXN_14335,CUST_0815,2023-11-19,159.71
TXN_14336,CUST_0815,2023-10-23,142.14
TXN_14337,CUST_0815,2023-12-17,234.0
TXN_14338,CUST_0815,2023-10-13,86.85
TXN_14339,CUST_0815,2023-10-10,58.84
TXN_14340,CUST_0815,2023-10-23,132.52
TXN_14341,CUST_0815,2023-09-22,61.45
TXN_14342,CUST_0815,2023-10-11,223.58
TXN_14343,CUST_0815,2023-10-17,175.16
TXN_14344,CUST_0816,2023-05-21,120.13
TXN_14345,CUST_0817,2023-09-07,72.69
TXN_14346,CUST_0817,2023-09-18,210.58
TXN_14347,CUST_0817,2023-08-25,174.68
TXN_14348,CUST_0817,2023-09-18,24.09
TXN_14349,CUST_0818,2023-10-31,235.64
TXN_14350,CUST_0819,2023-09-13,98.79
TXN_14351,CUST_0819,2023-11-08,25.42
TXN_14352,CUST_0819,2023-09-07,174.66
TXN_14353,CUST_0819,2023-09-28,117.53
TXN_14354,CUST_0819,2023-09-25,61.43
TXN_14355,CUST_0819,2023-09-16,132.9
TXN_14356,CUST_0819,2023-12-01,76.3
TXN_14357,CUST_0819,2023-11-18,166.4
TXN_14358,CUST_0819,2023-08-23,185.29
TXN_14359,CUST_0819,2023-08-24,249.38
TXN_14360,CUST_0820,2023-03-15,104.64
TXN_14361,CUST_0820,2023-03-31,102.5
TXN_14362,CUST_0820,2023-03-25,160.97
TXN_14363,CUST_0821,2023-11-13,205.91
TXN_14364,CUST_0822,2023-06-25,199.68
TXN_14365,CUST_0822,2023-06-28,216.42
TXN_14366,CUST_0822,2023-05-13,204.41
TXN_14367,CUST_0822,2023-05-07,206.08
TXN_14368,CUST_0822,2023-12-15,93.89
TXN_14369,CUST_0822,2023-06-23,169.71
TXN_14370,CUST_0822,2023-04-28,131.11
TXN_14371,CUST_0822,2023-05-28,220.03
TXN_14372,CUST_0822,2023-10-15,179.68
TXN_14373,CUST_0822,2023-07-20,187.42
TXN_14374,CUST_0822,2023-05-29,110.06
TXN_14375,CUST_0822,2023-06-28,235.44
TXN_14376,CUST_0822,2023-08-07,144.48
TXN_14377,CUST_0822,2023-08-23,102.16
TXN_14378,CUST_0823,2023-12-31,169.83
TXN_14379,CUST_0823,2023-09-23,125.55
TXN_14380,CUST_0823,2023-09-17,96.05
TXN_14381,CUST_0823,2023-10-16,222.46
TXN_14382,CUST_0823,2023-09-13,212.48
TXN_14383,CUST_0823,2023-09-11,65.52
TXN_14384,CUST_0823,2023-09-07,48.09
TXN_14385,CUST_0823,2023-12-11,122.97
TXN_14386,CUST_0823,2023-09-09,240.54
TXN_14387,CUST_0823,2023-11-26,192.35
TXN_14388,CUST_0823,2023-12-19,66.73
TXN_14389,CUST_0823,2023-11-14,177.15
TXN_14390,CUST_0823,2023-11-23,202.27
TXN_14391,CUST_0824,2023-09-14,76.68
TXN_14392,CUST_0825,2023-07-08,234.74
TXN_14393,CUST_0826,2023-12-09,106.96
TXN_14394,CUST_0827,2023-06-04,84.38
TXN_14395,CUST_0827,2023-08-14,107.57
TXN_14396,CUST_0827,2023-07-31,63.66
TXN_14397,CUST_0827,2023-05-17,16.89
TXN_14398,CUST_0827,2023-08-10,162.08
TXN_14399,CUST_0827,2023-09-05,122.07
TXN_14400,CUST_0827,2023-08-27,167.18
TXN_14401,CUST_0827,2023-04-05,74.62
TXN_14402,CUST_0827,2023-06-05,160.39
TXN_14403,CUST_0827,2023-04-11,180.69
TXN_14404,CUST_0827,2023-06-14,138.56
TXN_14405,CUST_0827,2023-05-06,154.78
TXN_14406,CUST_0828,2023-01-15,187.46
TXN_14407,CUST_0829,2023-12-26,63.97
TXN_14408,CUST_0830,2023-07-19,118.98
TXN_14409,CUST_0830,2023-07-13,155.05
TXN_14410,CUST_0830,2023-07-20,93.45
TXN_14411,CUST_0830,2023-08-10,21.29
TXN_14412,CUST_0830,2023-07-08,176.19
TXN_14413,CUST_0831,2023-11-21,23.07
TXN_14414,CUST_0831,2023-12-31,218.31
TXN_14415,CUST_0831,2023-11-01,41.15
TXN_14416,CUST_0831,2023-10-14,80.67
TXN_14417,CUST_0832,2023-08-21,236.97
TXN_14418,CUST_0833,2023-12-19,119.68
TXN_14419,CUST_0833,2023-12-23,103.33
TXN_14420,CUST_0833,2023-12-29,37.2
TXN_14421,CUST_0834,2023-09-21,68.11
TXN_14422,CUST_0835,2023-06-06,167.03
TXN_14423,CUST_0835,2023-07-30,171.71
TXN_14424,CUST_0835,2023-12-07,176.51
TXN_14425,CUST_0835,2023-07-01,61.7
TXN_14426,CUST_0835,2023-10-16,60.67
TXN_14427,CUST_0835,2023-06-16,63.55
TXN_14428,CUST_0835,2023-07-23,44.18
TXN_14429,CUST_0835,2023-12-15,242.07
TXN_14430,CUST_0835,2023-12-31,24.19
TXN_14431,CUST_0836,2023-04-15,216.49
TXN_14432,CUST_0836,2023-06-16,217.42
TXN_14433,CUST_0836,2023-09-11,81.28
TXN_14434,CUST_0836,2023-06-13,34.56
TXN_14435,CUST_0836,2023-11-12,110.0
TXN_14436,CUST_0836,2023-05-18,86.15
TXN_14437,CUST_0836,2023-05-28,74.16
TXN_14438,CUST_0836,2023-05-15,202.99
TXN_14439,CUST_0836,2023-09-12,86.48
TXN_14440,CUST_0836,2023-05-30,220.35
TXN_14441,CUST_0836,2023-04-07,223.95
TXN_14442,CUST_0837,2023-08-25,151.9
TXN_14443,CUST_0838,2023-10-21,96.8
TXN_14444,CUST_0838,2023-03-13,180.48
TXN_14445,CUST_0838,2023-07-12,225.75
TXN_14446,CUST_0838,2023-03-07,48.3
TXN_14447,CUST_0839,2023-05-09,135.97
TXN_14448,CUST_0839,2023-05-07,98.76
TXN_14449,CUST_0839,2023-07-15,145.69
TXN_14450,CUST_0839,2023-06-13,115.83
TXN_14451,CUST_0840,2023-04-24,239.01
TXN_14452,CUST_0841,2023-11-10,158.88
TXN_14453,CUST_0841,2023-10-13,168.59
TXN_14454,CUST_0841,2023-11-04,154.22
TXN_14455,CUST_0841,2023-10-07,248.87
TXN_14456,CUST_0841,2023-10-19,164.99
TXN_14457,CUST_0841,2023-12-06,114.47
TXN_14458,CUST_0841,2023-11-16,243.38
TXN_14459,CUST_0841,2023-10-17,110.24
TXN_14460,CUST_0841,2023-12-12,52.52
TXN_14461,CUST_0841,2023-10-04,228.59
TXN_14462,CUST_0841,2023-11-23,243.56
TXN_14463,CUST_0842,2023-01-25,39.75
TXN_14464,CUST_0843,2023-04-27,27.26
TXN_14465,CUST_0843,2023-12-12,58.87
TXN_14466,CUST_0843,2023-04-22,126.03
TXN_14467,CUST_0843,2023-06-02,19.33
TXN_14468,CUST_0844,2023-07-19,175.68
TXN_14469,CUST_0845,2023-11-21,145.98
TXN_14470,CUST_0846,2023-12-31,249.96
TXN_14471,CUST_0846,2023-04-19,209.24
TXN_14472,CUST_0846,2023-12-31,103.05
TXN_14473,CUST_0846,2023-02-24,41.84
TXN_14474,CUST_0846,2023-02-08,215.59
TXN_14475,CUST_0846,2023-05-03,220.32
TXN_14476,CUST_0846,2023-07-19,173.33
TXN_14477,CUST_0846,2023-05-09,26.36
TXN_14478,CUST_0846,2023-09-14,113.19
TXN_14479,CUST_0846,2023-04-25,20.16
TXN_14480,CUST_0846,2023-12-02,227.14
TXN_14481,CUST_0846,2023-04-21,150.67
TXN_14482,CUST_0847,2023-12-04,176.75
TXN_14483,CUST_0847,2023-12-01,126.78
TXN_14484,CUST_0847,2023-12-05,146.01
TXN_14485,CUST_0847,2023-12-05,159.02
TXN_14486,CUST_0847,2023-12-08,166.06
TXN_14487,CUST_0847,2023-12-01,175.22
TXN_14488,CUST_0847,2023-11-29,71.79
TXN_14489,CUST_0847,2023-11-22,146.59
TXN_14490,CUST_0847,2023-12-03,243.43
TXN_14491,CUST_0847,2023-11-27,107.62
TXN_14492,CUST_0847,2023-11-24,31.58
TXN_14493,CUST_0847,2023-12-11,73.68
TXN_14494,CUST_0848,2023-03-19,220.94
TXN_14495,CUST_0848,2023-03-13,81.95
TXN_14496,CUST_0848,2023-10-02,217.47
TXN_14497,CUST_0848,2023-01-22,21.1
TXN_14498,CUST_0848,2023-01-12,82.34
TXN_14499,CUST_0848,2023-12-31,146.25
TXN_14500,CUST_0848,2023-02-26,223.85
TXN_14501,CUST_0848,2023-03-15,89.08
TXN_14502,CUST_0848,2023-12-10,214.64
TXN_14503,CUST_0848,2023-08-14,135.39
TXN_14504,CUST_0848,2023-07-09,57.15
TXN_14505,CUST_0849,2023-06-30,129.34
TXN_14506,CUST_0849,2023-10-13,120.4
TXN_14507,CUST_0849,2023-06-16,248.77
TXN_14508,CUST_0849,2023-07-17,126.06
TXN_14509,CUST_0849,2023-07-04,205.16
TXN_14510,CUST_0849,2023-06-14,106.45
TXN_14511,CUST_0849,2023-08-30,32.15
TXN_14512,CUST_0849,2023-10-14,116.1
TXN_14513,CUST_0849,2023-07-19,193.01
TXN_14514,CUST_0849,2023-06-05,224.22
TXN_14515,CUST_0849,2023-12-31,131.15
TXN_14516,CUST_0849,2023-12-12,15.27
TXN_14517,CUST_0849,2023-11-02,88.1
TXN_14518,CUST_0849,2023-06-10,68.6
TXN_14519,CUST_0850,2023-08-31,227.88
TXN_14520,CUST_0851,2023-01-30,217.57
TXN_14521,CUST_0851,2023-03-12,54.78
TXN_14522,CUST_0851,2023-04-06,112.92
TXN_14523,CUST_0851,2023-02-10,184.38
TXN_14524,CUST_0851,2023-05-09,38.42
TXN_14525,CUST_0851,2023-11-13,146.24
TXN_14526,CUST_0851,2023-02-14,63.48
TXN_14527,CUST_0851,2023-01-29,114.79
TXN_14528,CUST_0851,2023-01-29,112.72
TXN_14529,CUST_0851,2023-01-30,169.35
TXN_14530,CUST_0851,2023-07-11,144.14
TXN_14531,CUST_0852,2023-12-12,89.93
TXN_14532,CUST_0852,2023-12-31,174.43
TXN_14533,CUST_0852,2023-12-20,65.04
TXN_14534,CUST_0852,2023-12-12,80.07
TXN_14535,CUST_0852,2023-12-13,70.12
TXN_14536,CUST_0852,2023-12-13,150.07
TXN_14537,CUST_0852,2023-12-14,207.78
TXN_14538,CUST_0852,2023-12-13,124.19
TXN_14539,CUST_0853,2023-04-25,28.12
TXN_14540,CUST_0854,2023-03-11,217.3
TXN_14541,CUST_0854,2023-04-17,21.31
TXN_14542,CUST_0854,2023-06-18,106.34
TXN_14543,CUST_0854,2023-04-27,225.04
TXN_14544,CUST_0854,2023-03-07,71.46
TXN_14545,CUST_0854,2023-03-08,94.46
TXN_14546,CUST_0854,2023-02-15,178.85
TXN_14547,CUST_0854,2023-02-28,232.64
TXN_14548,CUST_0854,2023-03-01,75.08
TXN_14549,CUST_0855,2023-08-05,115.49
TXN_14550,CUST_0856,2023-08-10,189.28
TXN_14551,CUST_0856,2023-10-02,73.94
TXN_14552,CUST_0856,2023-08-20,162.78
TXN_14553,CUST_0856,2023-10-15,220.97
TXN_14554,CUST_0856,2023-11-07,241.75
TXN_14555,CUST_0856,2023-09-17,228.53
TXN_14556,CUST_0856,2023-10-25,225.25
TXN_14557,CUST_0856,2023-08-06,241.99
TXN_14558,CUST_0856,2023-09-06,202.57
TXN_14559,CUST_0856,2023-08-12,108.05
TXN_14560,CUST_0857,2023-11-04,43.97
TXN_14561,CUST_0858,2023-05-13,114.68
TXN_14562,CUST_0858,2023-09-14,88.31
TXN_14563,CUST_0858,2023-08-26,43.73
TXN_14564,CUST_0858,2023-04-02,238.45
TXN_14565,CUST_0859,2023-10-16,243.83
TXN_14566,CUST_0859,2023-10-23,155.76
TXN_14567,CUST_0859,2023-10-16,130.26
TXN_14568,CUST_0859,2023-10-11,23.16
TXN_14569,CUST_0859,2023-10-26,108.68
TXN_14570,CUST_0860,2023-10-20,248.33
TXN_14571,CUST_0861,2023-05-30,241.3
TXN_14572,CUST_0862,2023-05-21,21.6
TXN_14573,CUST_0862,2023-12-31,245.39
TXN_14574,CUST_0862,2023-06-08,21.0
TXN_14575,CUST_0862,2023-08-14,210.29
TXN_14576,CUST_0863,2023-08-09,208.22
TXN_14577,CUST_0864,2023-10-02,246.48
TXN_14578,CUST_0864,2023-08-31,82.15
TXN_14579,CUST_0864,2023-11-20,31.98
TXN_14580,CUST_0864,2023-11-22,138.21
TXN_14581,CUST_0864,2023-09-18,87.77
TXN_14582,CUST_0864,2023-09-10,86.86
TXN_14583,CUST_0865,2023-04-07,132.6
TXN_14584,CUST_0865,2023-02-26,227.42
TXN_14585,CUST_0865,2023-03-01,90.77
TXN_14586,CUST_0865,2023-05-22,136.69
TXN_14587,CUST_0865,2023-06-14,138.97
TXN_14588,CUST_0865,2023-03-23,62.25
TXN_14589,CUST_0865,2023-10-27,77.03
TXN_14590,CUST_0865,2023-03-30,112.04
TXN_14591,CUST_0866,2023-12-19,171.28
TXN_14592,CUST_0867,2023-11-19,172.44
TXN_14593,CUST_0867,2023-04-18,63.09
TXN_14594,CUST_0867,2023-07-24,194.63
TXN_14595,CUST_0867,2023-09-21,83.66
TXN_14596,CUST_0867,2023-12-02,144.94
TXN_14597,CUST_0867,2023-07-28,155.23
TXN_14598,CUST_0867,2023-04-28,241.33
TXN_14599,CUST_0867,2023-04-28,74.9
TXN_14600,CUST_0867,2023-09-08,160.37
TXN_14601,CUST_0867,2023-09-20,136.2
TXN_14602,CUST_0867,2023-05-27,231.63
TXN_14603,CUST_0868,2023-12-14,69.24
TXN_14604,CUST_0869,2023-03-12,26.53
TXN_14605,CUST_0869,2023-03-01,138.3
TXN_14606,CUST_0869,2023-07-17,93.64
TXN_14607,CUST_0869,2023-04-08,234.52
TXN_14608,CUST_0869,2023-03-14,39.38
TXN_14609,CUST_0869,2023-04-02,190.29
TXN_14610,CUST_0869,2023-05-31,112.71
TXN_14611,CUST_0870,2023-03-08,189.99
TXN_14612,CUST_0870,2023-03-04,167.83
TXN_14613,CUST_0870,2023-03-25,178.66
TXN_14614,CUST_0870,2023-04-08,220.16
TXN_14615,CUST_0870,2023-04-12,160.63
TXN_14616,CUST_0870,2023-04-05,230.55
TXN_14617,CUST_0871,2023-12-06,36.97
TXN_14618,CUST_0871,2023-12-05,71.1
TXN_14619,CUST_0871,2023-12-26,33.36
TXN_14620,CUST_0871,2023-12-08,140.11
TXN_14621,CUST_0871,2023-12-24,249.46
TXN_14622,CUST_0871,2023-12-16,243.14
TXN_14623,CUST_0872,2023-02-03,230.54
TXN_14624,CUST_0872,2023-06-27,93.84
TXN_14625,CUST_0872,2023-03-17,134.03
TXN_14626,CUST_0872,2023-03-17,199.12
TXN_14627,CUST_0872,2023-12-31,152.36
TXN_14628,CUST_0872,2023-04-02,67.35
TXN_14629,CUST_0872,2023-05-25,176.11
TXN_14630,CUST_0872,2023-06-05,21.34
TXN_14631,CUST_0872,2023-10-12,94.46
TXN_14632,CUST_0872,2023-06-29,193.55
TXN_14633,CUST_0872,2023-05-24,107.79
TXN_14634,CUST_0872,2023-05-11,24.45
TXN_14635,CUST_0872,2023-07-07,38.4
TXN_14636,CUST_0872,2023-03-24,39.35
TXN_14637,CUST_0873,2023-11-16,175.41
TXN_14638,CUST_0873,2023-12-02,46.15
TXN_14639,CUST_0873,2023-11-14,150.16
TXN_14640,CUST_0874,2023-09-22,77.88
TXN_14641,CUST_0875,2023-03-01,21.39
TXN_14642,CUST_0876,2023-06-04,191.34
TXN_14643,CUST_0876,2023-04-29,36.03
TXN_14644,CUST_0876,2023-07-20,129.43
TXN_14645,CUST_0876,2023-09-01,230.32
TXN_14646,CUST_0876,2023-06-03,155.16
TXN_14647,CUST_0876,2023-06-20,245.68
TXN_14648,CUST_0876,2023-09-19,229.26
TXN_14649,CUST_0876,2023-05-17,196.54
TXN_14650,CUST_0876,2023-05-18,64.05
TXN_14651,CUST_0876,2023-12-21,19.54
TXN_14652,CUST_0877,2023-12-26,79.84
TXN_14653,CUST_0877,2023-12-22,65.94
TXN_14654,CUST_0877,2023-12-23,96.8
TXN_14655,CUST_0878,2023-10-03,157.33
TXN_14656,CUST_0878,2023-10-05,129.84
TXN_14657,CUST_0879,2023-07-12,90.43
TXN_14658,CUST_0880,2023-08-12,111.12
TXN_14659,CUST_0880,2023-09-03,46.7
TXN_14660,CUST_0880,2023-07-27,50.91
TXN_14661,CUST_0880,2023-09-15,32.3
TXN_14662,CUST_0880,2023-08-06,94.4
TXN_14663,CUST_0880,2023-07-30,60.05
TXN_14664,CUST_0880,2023-11-30,19.54
TXN_14665,CUST_0880,2023-09-19,105.34
TXN_14666,CUST_0880,2023-09-22,153.34
TXN_14667,CUST_0880,2023-08-08,214.09
TXN_14668,CUST_0881,2023-11-09,246.4
TXN_14669,CUST_0881,2023-11-29,242.0
TXN_14670,CUST_0881,2023-11-13,126.32
TXN_14671,CUST_0881,2023-11-28,221.87
TXN_14672,CUST_0881,2023-12-31,91.27
TXN_14673,CUST_0881,2023-12-02,64.5
TXN_14674,CUST_0881,2023-11-15,57.26
TXN_14675,CUST_0881,2023-11-07,233.87
TXN_14676,CUST_0881,2023-11-02,163.61
TXN_14677,CUST_0881,2023-11-17,43.37
TXN_14678,CUST_0882,2023-07-11,58.99
TXN_14679,CUST_0883,2023-03-21,58.92
TXN_14680,CUST_0883,2023-04-28,190.72
TXN_14681,CUST_0883,2023-03-31,19.67
TXN_14682,CUST_0883,2023-05-16,239.8
TXN_14683,CUST_0884,2023-08-29,242.69
TXN_14684,CUST_0885,2023-04-11,179.96
TXN_14685,CUST_0885,2023-12-31,117.21
TXN_14686,CUST_0885,2023-03-15,101.93
TXN_14687,CUST_0885,2023-08-07,51.73
TXN_14688,CUST_0886,2023-06-22,18.69
TXN_14689,CUST_0887,2023-06-25,58.7
TXN_14690,CUST_0888,2023-09-06,114.18
TXN_14691,CUST_0889,2023-12-31,235.49
TXN_14692,CUST_0890,2023-09-08,31.78
TXN_14693,CUST_0891,2023-01-17,170.69
TXN_14694,CUST_0891,2023-03-09,166.81
TXN_14695,CUST_0891,2023-03-06,173.33
TXN_14696,CUST_0891,2023-06-15,177.28
TXN_14697,CUST_0891,2023-01-28,169.37
TXN_14698,CUST_0891,2023-02-21,21.77
TXN_14699,CUST_0891,2023-03-17,116.88
TXN_14700,CUST_0892,2023-07-13,101.94
TXN_14701,CUST_0892,2023-07-15,75.62
TXN_14702,CUST_0892,2023-07-15,223.39
TXN_14703,CUST_0892,2023-09-22,146.82
TXN_14704,CUST_0892,2023-07-21,134.9
TXN_14705,CUST_0892,2023-08-18,153.74
TXN_14706,CUST_0892,2023-07-09,243.63
TXN_14707,CUST_0892,2023-08-12,232.73
TXN_14708,CUST_0892,2023-07-06,73.18
TXN_14709,CUST_0892,2023-07-12,195.86
TXN_14710,CUST_0892,2023-07-28,212.52
TXN_14711,CUST_0893,2023-12-12,18.62
TXN_14712,CUST_0893,2023-11-10,36.76
TXN_14713,CUST_0893,2023-11-30,31.35
TXN_14714,CUST_0894,2023-12-18,18.19
TXN_14715,CUST_0894,2023-02-27,46.04
TXN_14716,CUST_0894,2023-01-23,206.63
TXN_14717,CUST_0894,2023-11-01,197.77
TXN_14718,CUST_0895,2023-09-12,90.06
TXN_14719,CUST_0895,2023-04-19,33.16
TXN_14720,CUST_0895,2023-02-07,37.14
TXN_14721,CUST_0895,2023-02-17,220.67
TXN_14722,CUST_0895,2023-02-23,147.05
TXN_14723,CUST_0895,2023-03-12,122.85
TXN_14724,CUST_0895,2023-12-31,84.6
TXN_14725,CUST_0895,2023-05-02,113.71
TXN_14726,CUST_0895,2023-01-10,129.99
TXN_14727,CUST_0895,2023-07-24,38.21
TXN_14728,CUST_0895,2023-01-11,51.1
TXN_14729,CUST_0896,2023-06-30,125.03
TXN_14730,CUST_0896,2023-10-23,195.17
TXN_14731,CUST_0896,2023-09-09,206.12
TXN_14732,CUST_0896,2023-07-17,122.63
TXN_14733,CUST_0896,2023-10-07,232.61
TXN_14734,CUST_0896,2023-04-23,27.12
TXN_14735,CUST_0896,2023-12-31,80.13
TXN_14736,CUST_0896,2023-10-12,106.37
TXN_14737,CUST_0896,2023-05-01,33.9
TXN_14738,CUST_0896,2023-05-05,73.72
TXN_14739,CUST_0896,2023-06-16,179.85
TXN_14740,CUST_0896,2023-12-31,118.75
TXN_14741,CUST_0896,2023-06-21,137.63
TXN_14742,CUST_0896,2023-06-25,136.67
TXN_14743,CUST_0897,2023-08-26,37.95
TXN_14744,CUST_0898,2023-12-29,63.16
TXN_14745,CUST_0899,2023-12-31,235.68
TXN_14746,CUST_0899,2023-09-09,134.8
TXN_14747,CUST_0899,2023-09-04,204.46
TXN_14748,CUST_0899,2023-11-27,215.05
TXN_14749,CUST_0899,2023-09-19,193.29
TXN_14750,CUST_0899,2023-08-31,24.46
TXN_14751,CUST_0899,2023-10-24,114.96
TXN_14752,CUST_0899,2023-12-31,37.85
TXN_14753,CUST_0899,2023-11-16,127.8
TXN_14754,CUST_0899,2023-11-08,207.02
TXN_14755,CUST_0900,2023-11-18,80.22
TXN_14756,CUST_0900,2023-11-24,37.45
TXN_14757,CUST_0900,2023-10-04,226.81
TXN_14758,CUST_0900,2023-10-24,183.92
TXN_14759,CUST_0900,2023-10-08,54.07
TXN_14760,CUST_0901,2023-12-14,86.54
TXN_14761,CUST_0901,2023-11-06,114.25
TXN_14762,CUST_0901,2023-10-25,99.16
TXN_14763,CUST_0901,2023-10-26,62.91
TXN_14764,CUST_0901,2023-10-25,129.92
TXN_14765,CUST_0901,2023-11-27,148.71
TXN_14766,CUST_0901,2023-12-12,164.59
TXN_14767,CUST_0901,2023-11-17,171.89
TXN_14768,CUST_0901,2023-11-04,176.99
TXN_14769,CUST_0901,2023-10-22,217.07
TXN_14770,CUST_0901,2023-11-25,72.63
TXN_14771,CUST_0901,2023-11-24,17.97
TXN_14772,CUST_0901,2023-10-26,30.31
TXN_14773,CUST_0901,2023-11-25,192.63
TXN_14774,CUST_0902,2023-10-08,196.89
TXN_14775,CUST_0902,2023-08-17,115.58
TXN_14776,CUST_0902,2023-08-20,116.33
TXN_14777,CUST_0902,2023-09-10,132.08
TXN_14778,CUST_0902,2023-11-25,204.2
TXN_14779,CUST_0902,2023-09-30,223.07
TXN_14780,CUST_0903,2023-03-14,168.64
TXN_14781,CUST_0903,2023-03-23,197.35
TXN_14782,CUST_0903,2023-06-12,44.73
TXN_14783,CUST_0903,2023-01-20,221.32
TXN_14784,CUST_0903,2023-01-24,49.86
TXN_14785,CUST_0903,2023-01-17,162.66
TXN_14786,CUST_0903,2023-04-26,246.92
TXN_14787,CUST_0903,2023-09-26,111.55
TXN_14788,CUST_0903,2023-03-10,84.76
TXN_14789,CUST_0903,2023-02-03,47.45
TXN_14790,CUST_0904,2023-07-17,71.52
TXN_14791,CUST_0905,2023-12-31,150.94
TXN_14792,CUST_0906,2023-04-14,226.13
TXN_14793,CUST_0906,2023-02-20,245.91
TXN_14794,CUST_0906,2023-08-01,181.81
TXN_14795,CUST_0906,2023-06-04,152.95
TXN_14796,CUST_0906,2023-06-20,114.15
TXN_14797,CUST_0906,2023-08-25,178.64
TXN_14798,CUST_0906,2023-07-12,201.23
TXN_14799,CUST_0907,2023-07-24,203.23
TXN_14800,CUST_0908,2023-05-13,119.27
TXN_14801,CUST_0909,2023-10-01,209.37
TXN_14802,CUST_0910,2023-12-26,55.68
TXN_14803,CUST_0910,2023-09-01,192.83
TXN_14804,CUST_0910,2023-10-24,110.15
TXN_14805,CUST_0910,2023-12-31,235.49
TXN_14806,CUST_0910,2023-08-19,55.5
TXN_14807,CUST_0911,2023-09-05,213.31
TXN_14808,CUST_0911,2023-07-08,86.58
TXN_14809,CUST_0911,2023-03-30,234.88
TXN_14810,CUST_0911,2023-06-17,85.06
TXN_14811,CUST_0911,2023-04-11,209.94
TXN_14812,CUST_0911,2023-09-11,206.41
TXN_14813,CUST_0911,2023-07-01,101.01
TXN_14814,CUST_0911,2023-04-29,17.01
TXN_14815,CUST_0911,2023-09-09,35.55
TXN_14816,CUST_0911,2023-06-27,133.46
TXN_14817,CUST_0911,2023-06-04,232.78
TXN_14818,CUST_0912,2023-09-01,27.23
TXN_14819,CUST_0913,2023-11-08,29.82
TXN_14820,CUST_0914,2023-02-28,116.63
TXN_14821,CUST_0914,2023-02-08,33.5
TXN_14822,CUST_0914,2023-06-03,110.68
TXN_14823,CUST_0914,2023-06-20,40.86
TXN_14824,CUST_0914,2023-05-11,119.18
TXN_14825,CUST_0914,2023-01-31,143.03
TXN_14826,CUST_0914,2023-02-03,209.51
TXN_14827,CUST_0914,2023-05-18,145.89
TXN_14828,CUST_0914,2023-02-10,82.55
TXN_14829,CUST_0914,2023-04-11,163.82
TXN_14830,CUST_0914,2023-02-16,17.08
TXN_14831,CUST_0915,2023-07-12,58.34
TXN_14832,CUST_0916,2023-10-07,19.95
TXN_14833,CUST_0916,2023-08-30,231.07
TXN_14834,CUST_0916,2023-03-05,184.08
TXN_14835,CUST_0917,2023-08-25,203.88
TXN_14836,CUST_0917,2023-11-18,73.44
TXN_14837,CUST_0917,2023-10-31,122.82
TXN_14838,CUST_0918,2023-12-31,208.83
TXN_14839,CUST_0919,2023-12-31,223.38
TXN_14840,CUST_0919,2023-03-27,126.21
TXN_14841,CUST_0919,2023-12-31,102.51
TXN_14842,CUST_0919,2023-04-23,60.83
TXN_14843,CUST_0920,2023-07-19,195.96
TXN_14844,CUST_0921,2023-08-23,215.3
TXN_14845,CUST_0921,2023-12-31,206.84
TXN_14846,CUST_0921,2023-11-13,162.09
TXN_14847,CUST_0922,2023-08-21,172.62
TXN_14848,CUST_0922,2023-04-23,142.83
TXN_14849,CUST_0922,2023-06-19,177.51
TXN_14850,CUST_0922,2023-04-25,204.24
TXN_14851,CUST_0922,2023-05-01,113.39
TXN_14852,CUST_0922,2023-10-17,146.72
TXN_14853,CUST_0922,2023-05-29,26.33
TXN_14854,CUST_0923,2023-07-02,24.38
TXN_14855,CUST_0923,2023-10-04,64.29
TXN_14856,CUST_0923,2023-06-24,219.46
TXN_14857,CUST_0923,2023-09-03,66.47
TXN_14858,CUST_0923,2023-05-31,183.18
TXN_14859,CUST_0923,2023-07-01,195.03
TXN_14860,CUST_0924,2023-05-24,18.52
TXN_14861,CUST_0924,2023-04-25,81.28
TXN_14862,CUST_0924,2023-07-29,228.07
TXN_14863,CUST_0924,2023-12-31,21.07
TXN_14864,CUST_0924,2023-12-31,90.79
TXN_14865,CUST_0924,2023-09-24,57.37
TXN_14866,CUST_0924,2023-04-26,103.91
TXN_14867,CUST_0924,2023-10-03,66.89
TXN_14868,CUST_0925,2023-12-03,235.51
TXN_14869,CUST_0926,2023-08-09,87.66
TXN_14870,CUST_0927,2023-04-13,115.3
TXN_14871,CUST_0928,2023-05-28,209.19
TXN_14872,CUST_0928,2023-06-10,138.07
TXN_14873,CUST_0928,2023-12-31,29.1
TXN_14874,CUST_0928,2023-06-16,196.9
TXN_14875,CUST_0929,2023-10-22,71.27
TXN_14876,CUST_0930,2023-12-10,168.62
TXN_14877,CUST_0930,2023-09-07,126.14
TXN_14878,CUST_0930,2023-11-12,93.83
TXN_14879,CUST_0930,2023-09-25,174.72
TXN_14880,CUST_0930,2023-10-23,55.86
TXN_14881,CUST_0930,2023-09-28,229.37
TXN_14882,CUST_0930,2023-12-31,169.19
TXN_14883,CUST_0930,2023-12-31,149.12
TXN_14884,CUST_0930,2023-09-18,144.62
TXN_14885,CUST_0930,2023-08-29,109.4
TXN_14886,CUST_0931,2023-03-30,125.05
TXN_14887,CUST_0931,2023-09-05,121.04
TXN_14888,CUST_0931,2023-04-08,246.48
TXN_14889,CUST_0931,2023-10-16,196.26
TXN_14890,CUST_0931,2023-05-12,58.2
TXN_14891,CUST_0931,2023-12-15,140.1
TXN_14892,CUST_0931,2023-09-19,95.39
TXN_14893,CUST_0931,2023-05-01,246.6
TXN_14894,CUST_0931,2023-06-01,48.06
TXN_14895,CUST_0932,2023-04-22,24.98
TXN_14896,CUST_0933,2023-12-31,221.61
TXN_14897,CUST_0933,2023-04-15,114.42
TXN_14898,CUST_0933,2023-09-30,46.65
TXN_14899,CUST_0934,2023-12-31,207.5
TXN_14900,CUST_0934,2023-04-13,128.91
TXN_14901,CUST_0934,2023-08-09,234.95
TXN_14902,CUST_0934,2023-12-31,108.19
TXN_14903,CUST_0934,2023-12-31,51.64
TXN_14904,CUST_0934,2023-02-09,35.92
TXN_14905,CUST_0934,2023-02-12,195.47
TXN_14906,CUST_0934,2023-08-23,198.04
TXN_14907,CUST_0934,2023-05-05,135.78
TXN_14908,CUST_0934,2023-06-02,106.85
TXN_14909,CUST_0934,2023-08-14,174.14
TXN_14910,CUST_0934,2023-05-29,140.94
TXN_14911,CUST_0935,2023-12-31,30.66
TXN_14912,CUST_0935,2023-11-16,88.55
TXN_14913,CUST_0935,2023-08-22,174.64
TXN_14914,CUST_0935,2023-07-08,119.28
TXN_14915,CUST_0935,2023-07-23,28.3
TXN_14916,CUST_0935,2023-10-17,25.61
TXN_14917,CUST_0935,2023-09-02,88.81
TXN_14918,CUST_0935,2023-07-12,171.77
TXN_14919,CUST_0935,2023-08-20,89.09
TXN_14920,CUST_0935,2023-08-12,72.87
TXN_14921,CUST_0935,2023-10-29,88.75
TXN_14922,CUST_0935,2023-07-16,191.68
TXN_14923,CUST_0936,2023-10-17,103.22
TXN_14924,CUST_0937,2023-11-22,222.09
TXN_14925,CUST_0937,2023-11-30,208.26
TXN_14926,CUST_0937,2023-11-27,66.33
TXN_14927,CUST_0937,2023-11-27,102.21
TXN_14928,CUST_0937,2023-12-03,126.81
TXN_14929,CUST_0937,2023-12-13,174.35
TXN_14930,CUST_0937,2023-12-03,66.03
TXN_14931,CUST_0938,2023-08-30,246.86
TXN_14932,CUST_0938,2023-08-28,130.16
TXN_14933,CUST_0938,2023-09-07,55.01
TXN_14934,CUST_0938,2023-08-24,230.8
TXN_14935,CUST_0938,2023-11-12,61.78
TXN_14936,CUST_0938,2023-11-18,64.16
TXN_14937,CUST_0938,2023-09-28,34.1
TXN_14938,CUST_0938,2023-11-20,27.1
TXN_14939,CUST_0938,2023-09-20,198.23
TXN_14940,CUST_0938,2023-08-19,110.05
TXN_14941,CUST_0938,2023-08-15,175.45
TXN_14942,CUST_0939,2023-11-24,234.19
TXN_14943,CUST_0940,2023-12-31,26.43
TXN_14944,CUST_0941,2023-09-07,209.91
TXN_14945,CUST_0941,2023-08-26,204.69
TXN_14946,CUST_0941,2023-10-04,60.29
TXN_14947,CUST_0941,2023-09-02,45.97
TXN_14948,CUST_0941,2023-09-07,62.86
TXN_14949,CUST_0941,2023-10-02,248.71
TXN_14950,CUST_0941,2023-08-17,142.12
TXN_14951,CUST_0941,2023-09-24,229.84
TXN_14952,CUST_0941,2023-09-17,142.77
TXN_14953,CUST_0942,2023-11-26,242.12
TXN_14954,CUST_0942,2023-11-10,198.79
TXN_14955,CUST_0942,2023-11-04,161.83
TXN_14956,CUST_0942,2023-12-31,118.03
TXN_14957,CUST_0942,2023-10-17,239.9
TXN_14958,CUST_0942,2023-11-24,108.6
TXN_14959,CUST_0942,2023-12-31,96.2
TXN_14960,CUST_0942,2023-10-27,158.29
TXN_14961,CUST_0942,2023-10-24,179.16
TXN_14962,CUST_0942,2023-10-20,40.39
TXN_14963,CUST_0942,2023-11-04,145.54
TXN_14964,CUST_0943,2023-12-31,149.72
TXN_14965,CUST_0944,2023-10-14,203.06
TXN_14966,CUST_0945,2023-11-07,98.96
TXN_14967,CUST_0945,2023-11-17,154.51
TXN_14968,CUST_0945,2023-10-16,115.45
TXN_14969,CUST_0945,2023-07-23,116.93
TXN_14970,CUST_0945,2023-08-20,144.47
TXN_14971,CUST_0945,2023-07-23,247.98
TXN_14972,CUST_0945,2023-08-01,61.66
TXN_14973,CUST_0946,2023-04-15,52.43
TXN_14974,CUST_0946,2023-03-25,209.34
TXN_14975,CUST_0946,2023-07-29,131.95
TXN_14976,CUST_0946,2023-04-11,174.24
TXN_14977,CUST_0946,2023-03-14,148.53
TXN_14978,CUST_0946,2023-04-29,244.8
TXN_14979,CUST_0946,2023-05-19,144.78
TXN_14980,CUST_0946,2023-07-11,128.87
TXN_14981,CUST_0946,2023-04-05,141.26
TXN_14982,CUST_0946,2023-12-19,111.33
TXN_14983,CUST_0946,2023-06-30,244.84
TXN_14984,CUST_0946,2023-09-01,169.87
TXN_14985,CUST_0946,2023-07-19,235.07
TXN_14986,CUST_0947,2023-12-31,221.7
TXN_14987,CUST_0947,2023-07-04,119.48
TXN_14988,CUST_0947,2023-08-25,188.86
TXN_14989,CUST_0947,2023-06-26,35.52
TXN_14990,CUST_0948,2023-03-17,182.9
TXN_14991,CUST_0948,2023-03-06,59.18
TXN_14992,CUST_0948,2023-04-07,67.95
TXN_14993,CUST_0948,2023-12-31,106.73
TXN_14994,CUST_0948,2023-10-20,68.01
TXN_14995,CUST_0948,2023-01-29,159.97
TXN_14996,CUST_0948,2023-07-04,148.19
TXN_14997,CUST_0948,2023-02-04,23.91
TXN_14998,CUST_0948,2023-04-29,45.79
TXN_14999,CUST_0948,2023-02-23,173.81
TXN_15000,CUST_0948,2023-01-16,44.9
TXN_15001,CUST_0948,2023-01-11,249.08
TXN_15002,CUST_0949,2023-12-27,83.99
TXN_15003,CUST_0950,2023-12-04,208.78
TXN_15004,CUST_0950,2023-12-16,201.66
TXN_15005,CUST_0950,2023-12-16,64.7
TXN_15006,CUST_0950,2023-12-04,128.94
TXN_15007,CUST_0950,2023-12-22,84.77
TXN_15008,CUST_0950,2023-12-27,120.94
TXN_15009,CUST_0950,2023-12-09,78.19
TXN_15010,CUST_0950,2023-12-02,181.8
TXN_15011,CUST_0950,2023-12-05,233.72
TXN_15012,CUST_0950,2023-12-12,147.63
TXN_15013,CUST_0950,2023-12-21,171.41
TXN_15014,CUST_0950,2023-12-08,72.9
TXN_15015,CUST_0950,2023-12-02,175.58
TXN_15016,CUST_0951,2023-11-17,154.52
TXN_15017,CUST_0951,2023-11-15,182.92
TXN_15018,CUST_0951,2023-12-03,98.42
TXN_15019,CUST_0951,2023-12-18,133.01
TXN_15020,CUST_0951,2023-11-30,64.25
TXN_15021,CUST_0951,2023-11-22,217.67
TXN_15022,CUST_0952,2023-12-18,89.75
TXN_15023,CUST_0953,2023-05-05,69.7
TXN_15024,CUST_0954,2023-07-09,44.16
TXN_15025,CUST_0954,2023-07-09,60.64
TXN_15026,CUST_0955,2023-11-09,222.68
TXN_15027,CUST_0955,2023-11-11,208.26
TXN_15028,CUST_0955,2023-11-16,18.36
TXN_15029,CUST_0955,2023-11-30,155.14
TXN_15030,CUST_0955,2023-11-14,81.16
TXN_15031,CUST_0955,2023-11-08,236.24
TXN_15032,CUST_0955,2023-11-19,35.1
TXN_15033,CUST_0955,2023-12-13,80.53
TXN_15034,CUST_0955,2023-11-11,81.02
TXN_15035,CUST_0955,2023-11-21,32.4
TXN_15036,CUST_0956,2023-06-01,92.83
TXN_15037,CUST_0956,2023-06-24,152.76
TXN_15038,CUST_0956,2023-11-24,107.72
TXN_15039,CUST_0956,2023-05-22,96.77
TXN_15040,CUST_0957,2023-10-15,21.88
TXN_15041,CUST_0958,2023-10-02,80.17
TXN_15042,CUST_0959,2023-12-15,83.36
TXN_15043,CUST_0959,2023-11-12,91.57
TXN_15044,CUST_0959,2023-07-19,72.85
TXN_15045,CUST_0959,2023-06-03,91.07
TXN_15046,CUST_0959,2023-04-20,173.35
TXN_15047,CUST_0960,2023-11-11,140.75
TXN_15048,CUST_0960,2023-04-27,77.43
TXN_15049,CUST_0960,2023-12-03,122.61
TXN_15050,CUST_0960,2023-02-23,116.69
TXN_15051,CUST_0960,2023-02-23,133.09
TXN_15052,CUST_0960,2023-05-09,94.37
TXN_15053,CUST_0960,2023-02-17,236.72
TXN_15054,CUST_0960,2023-07-19,212.14
TXN_15055,CUST_0960,2023-03-30,193.8
TXN_15056,CUST_0961,2023-12-31,185.34
TXN_15057,CUST_0961,2023-11-22,230.96
TXN_15058,CUST_0962,2023-04-11,85.65
TXN_15059,CUST_0962,2023-05-08,50.24
TXN_15060,CUST_0962,2023-07-23,93.13
TXN_15061,CUST_0962,2023-05-14,183.18
TXN_15062,CUST_0962,2023-10-04,211.41
TXN_15063,CUST_0962,2023-05-18,106.27
TXN_15064,CUST_0963,2023-09-04,235.63
TXN_15065,CUST_0963,2023-09-24,52.22
TXN_15066,CUST_0963,2023-09-13,217.7
TXN_15067,CUST_0963,2023-10-02,212.98
TXN_15068,CUST_0963,2023-08-24,223.76
TXN_15069,CUST_0963,2023-10-16,186.29
TXN_15070,CUST_0963,2023-08-31,223.6
TXN_15071,CUST_0963,2023-09-28,215.18
TXN_15072,CUST_0963,2023-09-01,49.23
TXN_15073,CUST_0964,2023-03-19,140.35
TXN_15074,CUST_0965,2023-12-08,121.39
TXN_15075,CUST_0965,2023-12-10,195.72
TXN_15076,CUST_0965,2023-12-03,215.87
TXN_15077,CUST_0965,2023-12-28,151.3
TXN_15078,CUST_0965,2023-11-21,108.68
TXN_15079,CUST_0966,2023-09-17,25.43
TXN_15080,CUST_0966,2023-10-23,108.17
TXN_15081,CUST_0966,2023-08-16,217.69
TXN_15082,CUST_0966,2023-08-18,231.38
TXN_15083,CUST_0966,2023-09-05,189.56
TXN_15084,CUST_0966,2023-09-15,75.31
TXN_15085,CUST_0966,2023-09-30,240.11
TXN_15086,CUST_0966,2023-10-17,156.94
TXN_15087,CUST_0966,2023-12-31,77.35
TXN_15088,CUST_0966,2023-08-11,22.55
TXN_15089,CUST_0966,2023-10-06,210.1
TXN_15090,CUST_0966,2023-09-25,227.68
TXN_15091,CUST_0967,2023-09-04,34.68
TXN_15092,CUST_0967,2023-08-06,38.49
TXN_15093,CUST_0967,2023-10-07,86.49
TXN_15094,CUST_0967,2023-06-26,129.56
TXN_15095,CUST_0967,2023-04-29,166.68
TXN_15096,CUST_0967,2023-12-25,24.7
TXN_15097,CUST_0967,2023-11-13,158.13
TXN_15098,CUST_0967,2023-08-22,105.21
TXN_15099,CUST_0967,2023-05-16,219.18
TXN_15100,CUST_0968,2023-02-16,177.98
TXN_15101,CUST_0968,2023-01-05,59.33
TXN_15102,CUST_0968,2023-05-24,30.48
TXN_15103,CUST_0969,2023-12-05,131.48
TXN_15104,CUST_0969,2023-12-21,197.33
TXN_15105,CUST_0969,2023-12-01,224.22
TXN_15106,CUST_0969,2023-12-07,189.81
TXN_15107,CUST_0969,2023-12-02,172.62
TXN_15108,CUST_0969,2023-12-03,118.02
TXN_15109,CUST_0969,2023-12-01,50.63
TXN_15110,CUST_0969,2023-12-01,71.34
TXN_15111,CUST_0970,2023-08-12,21.82
TXN_15112,CUST_0971,2023-06-04,103.26
TXN_15113,CUST_0971,2023-06-24,33.17
TXN_15114,CUST_0972,2023-04-26,80.41
TXN_15115,CUST_0972,2023-04-21,226.87
TXN_15116,CUST_0972,2023-04-20,222.49
TXN_15117,CUST_0972,2023-06-19,218.85
TXN_15118,CUST_0972,2023-06-01,232.99
TXN_15119,CUST_0972,2023-04-25,145.35
TXN_15120,CUST_0972,2023-04-16,120.1
TXN_15121,CUST_0972,2023-06-19,157.33
TXN_15122,CUST_0973,2023-03-11,169.0
TXN_15123,CUST_0974,2023-08-20,86.32
TXN_15124,CUST_0974,2023-08-28,172.33
TXN_15125,CUST_0974,2023-07-14,124.48
TXN_15126,CUST_0974,2023-07-16,58.81
TXN_15127,CUST_0974,2023-08-28,218.55
TXN_15128,CUST_0974,2023-11-12,31.44
TXN_15129,CUST_0974,2023-08-12,152.01
TXN_15130,CUST_0974,2023-07-22,194.88
TXN_15131,CUST_0974,2023-09-28,227.29
TXN_15132,CUST_0975,2023-12-03,209.39
TXN_15133,CUST_0976,2023-07-28,89.94
TXN_15134,CUST_0976,2023-08-01,110.98
TXN_15135,CUST_0976,2023-07-28,118.64
TXN_15136,CUST_0976,2023-08-14,67.48
TXN_15137,CUST_0976,2023-09-15,238.46
TXN_15138,CUST_0976,2023-08-03,182.27
TXN_15139,CUST_0976,2023-10-03,132.06
TXN_15140,CUST_0976,2023-11-22,242.1
TXN_15141,CUST_0976,2023-08-15,167.99
TXN_15142,CUST_0976,2023-09-18,109.85
TXN_15143,CUST_0976,2023-08-11,234.43
TXN_15144,CUST_0977,2023-12-31,182.21
TXN_15145,CUST_0977,2023-03-28,179.25
TXN_15146,CUST_0977,2023-12-31,181.88
TXN_15147,CUST_0977,2023-07-07,235.52
TXN_15148,CUST_0977,2023-02-08,180.62
TXN_15149,CUST_0977,2023-08-28,239.28
TXN_15150,CUST_0977,2023-02-21,133.42
TXN_15151,CUST_0977,2023-06-03,73.15
TXN_15152,CUST_0977,2023-05-09,75.53
TXN_15153,CUST_0977,2023-03-12,118.76
TXN_15154,CUST_0977,2023-04-21,120.6
TXN_15155,CUST_0977,2023-04-12,85.17
TXN_15156,CUST_0977,2023-02-14,26.13
TXN_15157,CUST_0977,2023-02-19,151.76
TXN_15158,CUST_0978,2023-12-31,128.38
TXN_15159,CUST_0978,2023-10-04,204.17
TXN_15160,CUST_0978,2023-12-05,34.95
TXN_15161,CUST_0978,2023-07-12,195.42
TXN_15162,CUST_0978,2023-08-13,146.51
TXN_15163,CUST_0978,2023-07-03,81.07
TXN_15164,CUST_0978,2023-08-08,80.14
TXN_15165,CUST_0978,2023-07-07,35.62
TXN_15166,CUST_0978,2023-07-02,195.68
TXN_15167,CUST_0978,2023-09-11,25.77
TXN_15168,CUST_0979,2023-11-13,90.82
TXN_15169,CUST_0980,2023-06-18,207.26
TXN_15170,CUST_0980,2023-11-17,62.52
TXN_15171,CUST_0980,2023-07-12,164.67
TXN_15172,CUST_0980,2023-07-09,117.01
TXN_15173,CUST_0980,2023-05-29,129.73
TXN_15174,CUST_0980,2023-06-21,201.96
TXN_15175,CUST_0980,2023-09-01,46.49
TXN_15176,CUST_0980,2023-05-20,228.42
TXN_15177,CUST_0980,2023-07-11,216.58
TXN_15178,CUST_0980,2023-05-17,138.73
TXN_15179,CUST_0981,2023-11-26,60.23
TXN_15180,CUST_0981,2023-11-25,211.19
TXN_15181,CUST_0981,2023-12-05,110.38
TXN_15182,CUST_0981,2023-12-31,124.24
TXN_15183,CUST_0981,2023-12-31,61.2
TXN_15184,CUST_0981,2023-12-22,18.25
TXN_15185,CUST_0981,2023-12-02,114.42
TXN_15186,CUST_0981,2023-12-01,145.06
TXN_15187,CUST_0981,2023-11-28,249.58
TXN_15188,CUST_0982,2023-06-05,150.75
TXN_15189,CUST_0982,2023-06-14,19.08
TXN_15190,CUST_0982,2023-12-31,142.73
TXN_15191,CUST_0982,2023-06-19,239.34
TXN_15192,CUST_0983,2023-11-22,204.88
TXN_15193,CUST_0984,2023-11-19,78.81
TXN_15194,CUST_0985,2023-09-06,61.22
TXN_15195,CUST_0986,2023-12-31,172.62
TXN_15196,CUST_0986,2023-09-03,234.9
TXN_15197,CUST_0986,2023-09-20,45.17
TXN_15198,CUST_0986,2023-09-14,168.6
TXN_15199,CUST_0986,2023-11-06,235.07
TXN_15200,CUST_0986,2023-08-30,51.55
TXN_15201,CUST_0987,2023-06-23,201.86
TXN_15202,CUST_0988,2023-07-10,100.1
TXN_15203,CUST_0988,2023-08-18,103.17
TXN_15204,CUST_0988,2023-06-17,110.66
TXN_15205,CUST_0988,2023-07-20,98.69
TXN_15206,CUST_0988,2023-12-31,234.99
TXN_15207,CUST_0989,2023-06-26,141.82
TXN_15208,CUST_0989,2023-05-26,188.62
TXN_15209,CUST_0989,2023-06-27,127.89
TXN_15210,CUST_0989,2023-12-31,95.93
TXN_15211,CUST_0989,2023-08-06,107.24
TXN_15212,CUST_0989,2023-11-04,213.99
TXN_15213,CUST_0989,2023-06-09,177.56
TXN_15214,CUST_0989,2023-05-25,241.35
TXN_15215,CUST_0989,2023-06-21,210.48
TXN_15216,CUST_0989,2023-06-17,163.7
TXN_15217,CUST_0989,2023-12-31,221.04
TXN_15218,CUST_0989,2023-06-02,143.66
TXN_15219,CUST_0990,2023-04-17,93.77
TXN_15220,CUST_0991,2023-04-05,60.11
TXN_15221,CUST_0992,2023-04-17,211.97
TXN_15222,CUST_0992,2023-04-02,69.79
TXN_15223,CUST_0992,2023-08-07,152.74
TXN_15224,CUST_0992,2023-08-17,190.35
TXN_15225,CUST_0992,2023-04-04,224.74
TXN_15226,CUST_0992,2023-04-23,145.05
TXN_15227,CUST_0992,2023-07-03,54.63
TXN_15228,CUST_0992,2023-12-31,129.72
TXN_15229,CUST_0992,2023-04-05,235.26
TXN_15230,CUST_0992,2023-06-19,179.31
TXN_15231,CUST_0992,2023-06-07,211.16
TXN_15232,CUST_0993,2023-06-14,125.37
TXN_15233,CUST_0994,2023-12-04,107.51
TXN_15234,CUST_0995,2023-02-07,184.16
TXN_15235,CUST_0996,2023-10-24,243.93
TXN_15236,CUST_0996,2023-11-12,120.91
TXN_15237,CUST_0996,2023-10-21,172.37
TXN_15238,CUST_0996,2023-10-23,172.73
TXN_15239,CUST_0996,2023-12-31,140.01
TXN_15240,CUST_0996,2023-10-25,161.94
TXN_15241,CUST_0996,2023-11-06,140.29
TXN_15242,CUST_0996,2023-11-04,173.33
TXN_15243,CUST_0997,2023-10-05,17.49
TXN_15244,CUST_0997,2023-10-15,121.05
TXN_15245,CUST_0998,2023-12-23,58.9
TXN_15246,CUST_0999,2023-11-29,169.19
TXN_15247,CUST_0999,2023-12-18,184.28
TXN_15248,CUST_0999,2023-12-17,62.12
TXN_15249,CUST_0999,2023-12-22,90.72
TXN_15250,CUST_0999,2023-11-29,213.2
TXN_15251,CUST_0999,2023-12-29,169.06
TXN_15252,CUST_1000,2023-09-26,124.65
TXN_15253,CUST_1001,2023-07-30,90.04
TXN_15254,CUST_1001,2023-06-20,144.95
TXN_15255,CUST_1002,2023-07-13,108.76
TXN_15256,CUST_1003,2023-05-26,161.36
TXN_15257,CUST_1003,2023-01-29,213.53
TXN_15258,CUST_1003,2023-02-04,234.09
TXN_15259,CUST_1003,2023-02-13,187.46
TXN_15260,CUST_1004,2023-10-01,87.85
TXN_15261,CUST_1005,2023-05-21,145.63
TXN_15262,CUST_1005,2023-05-19,39.31
TXN_15263,CUST_1006,2023-06-23,109.1
TXN_15264,CUST_1007,2023-03-04,200.92
TXN_15265,CUST_1008,2023-06-23,160.5
TXN_15266,CUST_1008,2023-06-28,33.0
TXN_15267,CUST_1008,2023-08-27,229.33
TXN_15268,CUST_1008,2023-07-27,24.63
TXN_15269,CUST_1008,2023-11-03,30.74
TXN_15270,CUST_1008,2023-10-27,107.08
TXN_15271,CUST_1008,2023-07-16,142.56
TXN_15272,CUST_1008,2023-12-31,226.2
TXN_15273,CUST_1008,2023-07-28,178.52
TXN_15274,CUST_1008,2023-08-13,177.96
TXN_15275,CUST_1008,2023-10-11,23.11
TXN_15276,CUST_1008,2023-07-12,240.44
TXN_15277,CUST_1008,2023-12-29,17.64
TXN_15278,CUST_1008,2023-07-01,248.54
TXN_15279,CUST_1009,2023-07-03,60.63
TXN_15280,CUST_1009,2023-06-29,218.61
TXN_15281,CUST_1009,2023-05-11,174.7
TXN_15282,CUST_1009,2023-07-11,54.85
TXN_15283,CUST_1009,2023-09-20,101.69
TXN_15284,CUST_1009,2023-06-06,209.61
TXN_15285,CUST_1009,2023-07-28,226.09
TXN_15286,CUST_1009,2023-07-26,189.09
TXN_15287,CUST_1009,2023-09-28,27.86
TXN_15288,CUST_1009,2023-09-04,159.22
TXN_15289,CUST_1009,2023-05-15,134.52
TXN_15290,CUST_1010,2023-07-27,143.43
TXN_15291,CUST_1011,2023-11-26,35.98
TXN_15292,CUST_1011,2023-11-24,37.2
TXN_15293,CUST_1011,2023-11-20,16.69
TXN_15294,CUST_1011,2023-11-19,92.66
TXN_15295,CUST_1011,2023-11-28,231.03
TXN_15296,CUST_1011,2023-11-28,180.82
TXN_15297,CUST_1011,2023-11-23,191.63
TXN_15298,CUST_1011,2023-12-01,123.05
TXN_15299,CUST_1011,2023-11-20,86.33
TXN_15300,CUST_1011,2023-12-01,115.12
TXN_15301,CUST_1012,2023-11-16,153.5
TXN_15302,CUST_1012,2023-12-18,100.71
TXN_15303,CUST_1012,2023-11-30,69.38
TXN_15304,CUST_1012,2023-11-27,199.9
TXN_15305,CUST_1012,2023-12-15,39.7
TXN_15306,CUST_1012,2023-11-21,165.32
TXN_15307,CUST_1012,2023-11-15,177.29
TXN_15308,CUST_1012,2023-11-26,82.81
TXN_15309,CUST_1012,2023-12-10,83.16
TXN_15310,CUST_1012,2023-12-31,206.85
TXN_15311,CUST_1013,2023-09-23,140.72
TXN_15312,CUST_1013,2023-04-23,202.43
TXN_15313,CUST_1013,2023-07-28,138.95
TXN_15314,CUST_1013,2023-06-13,35.56
TXN_15315,CUST_1013,2023-07-13,229.14
TXN_15316,CUST_1013,2023-04-19,76.93
TXN_15317,CUST_1014,2023-12-04,231.19
TXN_15318,CUST_1014,2023-12-31,82.52
TXN_15319,CUST_1014,2023-12-09,155.32
TXN_15320,CUST_1014,2023-12-03,171.46
TXN_15321,CUST_1014,2023-11-30,236.95
TXN_15322,CUST_1015,2023-10-08,54.62
TXN_15323,CUST_1015,2023-10-15,195.17
TXN_15324,CUST_1015,2023-12-24,115.42
TXN_15325,CUST_1016,2023-12-14,225.74
TXN_15326,CUST_1016,2023-12-15,228.32
TXN_15327,CUST_1016,2023-10-16,66.56
TXN_15328,CUST_1016,2023-11-14,65.22
TXN_15329,CUST_1016,2023-10-02,69.81
TXN_15330,CUST_1016,2023-10-16,90.63
TXN_15331,CUST_1016,2023-09-27,121.5
TXN_15332,CUST_1016,2023-11-30,149.08
TXN_15333,CUST_1016,2023-12-01,61.03
TXN_15334,CUST_1016,2023-09-28,150.26
TXN_15335,CUST_1016,2023-10-12,170.14
TXN_15336,CUST_1016,2023-11-13,191.56
TXN_15337,CUST_1017,2023-04-03,163.96
TXN_15338,CUST_1017,2023-09-09,246.17
TXN_15339,CUST_1017,2023-04-24,122.1
TXN_15340,CUST_1017,2023-02-15,17.99
TXN_15341,CUST_1017,2023-05-20,30.38
TXN_15342,CUST_1017,2023-03-31,15.85
TXN_15343,CUST_1017,2023-05-22,114.97
TXN_15344,CUST_1018,2023-05-05,148.87
TXN_15345,CUST_1019,2023-05-12,242.15
TXN_15346,CUST_1019,2023-06-25,203.27
TXN_15347,CUST_1019,2023-05-02,64.36
TXN_15348,CUST_1019,2023-08-20,176.18
TXN_15349,CUST_1019,2023-07-16,144.87
TXN_15350,CUST_1019,2023-06-18,187.89
TXN_15351,CUST_1019,2023-05-03,97.9
TXN_15352,CUST_1019,2023-10-06,87.58
TXN_15353,CUST_1019,2023-06-15,180.12
TXN_15354,CUST_1019,2023-12-31,117.29
TXN_15355,CUST_1019,2023-05-25,213.01
TXN_15356,CUST_1020,2023-12-07,126.7
TXN_15357,CUST_1020,2023-11-26,94.17
TXN_15358,CUST_1020,2023-11-20,132.12
TXN_15359,CUST_1020,2023-11-10,222.17
TXN_15360,CUST_1020,2023-11-03,129.43
TXN_15361,CUST_1020,2023-11-05,217.35
TXN_15362,CUST_1021,2023-06-17,53.91
TXN_15363,CUST_1022,2023-11-23,115.86
TXN_15364,CUST_1022,2023-12-19,82.79
TXN_15365,CUST_1022,2023-11-18,235.71
TXN_15366,CUST_1022,2023-12-09,207.85
TXN_15367,CUST_1022,2023-11-17,48.67
TXN_15368,CUST_1022,2023-11-14,70.7
TXN_15369,CUST_1022,2023-12-07,71.41
TXN_15370,CUST_1022,2023-12-04,74.2
TXN_15371,CUST_1023,2023-12-31,72.53
TXN_15372,CUST_1024,2023-12-03,40.76
TXN_15373,CUST_1025,2023-07-01,220.29
TXN_15374,CUST_1025,2023-07-11,48.9
TXN_15375,CUST_1025,2023-07-29,123.62
TXN_15376,CUST_1026,2023-07-06,61.48
TXN_15377,CUST_1026,2023-08-28,229.11
TXN_15378,CUST_1026,2023-08-25,86.7
TXN_15379,CUST_1026,2023-06-10,229.98
TXN_15380,CUST_1026,2023-04-23,207.71
TXN_15381,CUST_1027,2023-02-04,193.53
TXN_15382,CUST_1028,2023-11-19,42.71
TXN_15383,CUST_1028,2023-02-02,227.38
TXN_15384,CUST_1028,2023-01-24,175.32
TXN_15385,CUST_1028,2023-04-02,34.55
TXN_15386,CUST_1028,2023-02-10,137.29
TXN_15387,CUST_1028,2023-08-21,181.27
TXN_15388,CUST_1028,2023-04-29,131.57
TXN_15389,CUST_1028,2023-02-13,43.02
TXN_15390,CUST_1028,2023-03-05,21.7
TXN_15391,CUST_1028,2023-01-29,116.63
TXN_15392,CUST_1028,2023-03-07,25.41
TXN_15393,CUST_1028,2023-04-18,144.18
TXN_15394,CUST_1028,2023-01-10,236.64
TXN_15395,CUST_1028,2023-01-13,215.89
TXN_15396,CUST_1029,2023-12-11,19.63
TXN_15397,CUST_1030,2023-12-06,109.41
TXN_15398,CUST_1030,2023-11-17,195.36
TXN_15399,CUST_1030,2023-11-17,231.7
TXN_15400,CUST_1030,2023-11-16,127.64
TXN_15401,CUST_1030,2023-12-05,107.41
TXN_15402,CUST_1030,2023-11-19,193.39
TXN_15403,CUST_1030,2023-12-09,231.83
TXN_15404,CUST_1030,2023-11-23,133.97
TXN_15405,CUST_1030,2023-11-22,75.41
TXN_15406,CUST_1030,2023-12-06,94.82
TXN_15407,CUST_1030,2023-11-24,109.86
TXN_15408,CUST_1031,2023-07-03,174.54
TXN_15409,CUST_1031,2023-06-05,49.36
TXN_15410,CUST_1031,2023-09-01,115.02
TXN_15411,CUST_1031,2023-03-26,35.27
TXN_15412,CUST_1031,2023-04-24,160.22
TXN_15413,CUST_1032,2023-12-22,211.67
TXN_15414,CUST_1032,2023-12-02,77.7
TXN_15415,CUST_1032,2023-11-17,18.77
TXN_15416,CUST_1032,2023-11-17,83.76
TXN_15417,CUST_1033,2023-12-15,57.55
TXN_15418,CUST_1033,2023-12-20,159.71
TXN_15419,CUST_1033,2023-12-19,73.87
TXN_15420,CUST_1033,2023-12-17,37.72
TXN_15421,CUST_1033,2023-12-16,225.96
TXN_15422,CUST_1034,2023-11-25,69.72
TXN_15423,CUST_1034,2023-12-04,236.53
TXN_15424,CUST_1034,2023-12-02,41.49
TXN_15425,CUST_1034,2023-12-06,187.22
TXN_15426,CUST_1034,2023-11-30,184.56
TXN_15427,CUST_1034,2023-11-28,200.44
TXN_15428,CUST_1034,2023-11-29,75.19
TXN_15429,CUST_1034,2023-12-20,143.89
TXN_15430,CUST_1034,2023-11-28,234.75
TXN_15431,CUST_1034,2023-12-08,66.86
TXN_15432,CUST_1035,2023-12-02,45.97
TXN_15433,CUST_1035,2023-09-28,131.08
TXN_15434,CUST_1035,2023-10-04,148.65
TXN_15435,CUST_1036,2023-12-27,178.6
TXN_15436,CUST_1036,2023-12-31,55.98
TXN_15437,CUST_1036,2023-12-27,151.97
TXN_15438,CUST_1037,2023-09-28,183.11
TXN_15439,CUST_1037,2023-09-07,174.72
TXN_15440,CUST_1037,2023-10-12,234.81
TXN_15441,CUST_1037,2023-08-20,60.19
TXN_15442,CUST_1037,2023-08-20,218.98
TXN_15443,CUST_1037,2023-10-27,150.04
TXN_15444,CUST_1037,2023-08-20,79.23
TXN_15445,CUST_1037,2023-09-02,146.77
TXN_15446,CUST_1037,2023-08-30,32.15
TXN_15447,CUST_1037,2023-10-15,85.28
TXN_15448,CUST_1037,2023-09-13,45.0
TXN_15449,CUST_1037,2023-10-29,147.9
TXN_15450,CUST_1037,2023-11-30,131.44
TXN_15451,CUST_1037,2023-12-23,224.59
TXN_15452,CUST_1038,2023-10-16,157.0
TXN_15453,CUST_1038,2023-10-10,85.12
TXN_15454,CUST_1038,2023-09-28,22.66
TXN_15455,CUST_1038,2023-10-07,139.67
TXN_15456,CUST_1038,2023-10-22,131.1
TXN_15457,CUST_1038,2023-10-13,74.29
TXN_15458,CUST_1039,2023-11-17,214.96
TXN_15459,CUST_1039,2023-11-22,20.64
TXN_15460,CUST_1039,2023-11-23,34.87
TXN_15461,CUST_1040,2023-10-20,147.47
TXN_15462,CUST_1040,2023-10-15,202.97
TXN_15463,CUST_1040,2023-12-20,220.49
TXN_15464,CUST_1040,2023-10-24,91.56
TXN_15465,CUST_1040,2023-10-13,168.08
TXN_15466,CUST_1040,2023-11-02,122.95
TXN_15467,CUST_1040,2023-12-14,54.45
TXN_15468,CUST_1040,2023-10-13,32.23
TXN_15469,CUST_1040,2023-10-19,22.82
TXN_15470,CUST_1041,2023-10-26,82.09
TXN_15471,CUST_1041,2023-10-28,130.98
TXN_15472,CUST_1041,2023-10-31,46.26
TXN_15473,CUST_1041,2023-10-22,95.59
TXN_15474,CUST_1041,2023-11-07,154.28
TXN_15475,CUST_1041,2023-11-03,188.61
TXN_15476,CUST_1041,2023-11-19,115.49
TXN_15477,CUST_1041,2023-10-21,139.59
TXN_15478,CUST_1041,2023-10-29,47.41
TXN_15479,CUST_1041,2023-12-31,101.89
TXN_15480,CUST_1041,2023-11-11,130.18
TXN_15481,CUST_1041,2023-10-21,28.05
TXN_15482,CUST_1041,2023-11-11,73.05
TXN_15483,CUST_1042,2023-12-31,123.52
TXN_15484,CUST_1043,2023-07-11,152.36
TXN_15485,CUST_1044,2023-01-08,119.41
TXN_15486,CUST_1045,2023-12-13,160.6
TXN_15487,CUST_1046,2023-04-20,112.22
TXN_15488,CUST_1047,2023-10-02,51.32
TXN_15489,CUST_1047,2023-09-18,92.41
TXN_15490,CUST_1047,2023-04-18,24.2
TXN_15491,CUST_1047,2023-04-11,223.77
TXN_15492,CUST_1047,2023-03-05,110.49
TXN_15493,CUST_1047,2023-03-06,102.17
TXN_15494,CUST_1047,2023-03-22,74.27
TXN_15495,CUST_1047,2023-10-01,117.47
TXN_15496,CUST_1047,2023-04-04,153.49
TXN_15497,CUST_1047,2023-03-18,75.96
TXN_15498,CUST_1047,2023-05-21,70.82
TXN_15499,CUST_1047,2023-06-25,130.5
TXN_15500,CUST_1047,2023-07-30,237.84
TXN_15501,CUST_1047,2023-03-15,93.65
TXN_15502,CUST_1048,2023-05-24,205.42
TXN_15503,CUST_1049,2023-04-06,245.39
TXN_15504,CUST_1049,2023-11-15,183.41
TXN_15505,CUST_1049,2023-05-20,59.69
TXN_15506,CUST_1050,2023-09-18,195.53
TXN_15507,CUST_1051,2023-03-23,155.99
TXN_15508,CUST_1052,2023-06-18,105.98
TXN_15509,CUST_1053,2023-11-03,231.09
TXN_15510,CUST_1054,2023-11-28,30.5
TXN_15511,CUST_1055,2023-11-15,219.48
TXN_15512,CUST_1055,2023-12-13,166.28
TXN_15513,CUST_1056,2023-12-31,90.13
TXN_15514,CUST_1056,2023-08-10,140.02
TXN_15515,CUST_1056,2023-07-04,107.47
TXN_15516,CUST_1056,2023-12-31,149.35
TXN_15517,CUST_1056,2023-12-11,16.78
TXN_15518,CUST_1056,2023-06-26,183.54
TXN_15519,CUST_1056,2023-08-10,227.67
TXN_15520,CUST_1057,2023-01-14,125.98
TXN_15521,CUST_1058,2023-12-31,67.19
TXN_15522,CUST_1059,2023-08-12,104.29
TXN_15523,CUST_1059,2023-06-30,93.75
TXN_15524,CUST_1059,2023-07-28,247.63
TXN_15525,CUST_1059,2023-07-12,143.02
TXN_15526,CUST_1059,2023-12-31,201.12
TXN_15527,CUST_1059,2023-12-31,242.55
TXN_15528,CUST_1059,2023-08-08,178.65
TXN_15529,CUST_1059,2023-07-05,118.67
TXN_15530,CUST_1059,2023-10-08,133.75
TXN_15531,CUST_1059,2023-09-11,190.25
TXN_15532,CUST_1059,2023-07-16,220.79
TXN_15533,CUST_1059,2023-08-05,64.39
TXN_15534,CUST_1060,2023-10-15,195.82
TXN_15535,CUST_1060,2023-09-20,243.49
TXN_15536,CUST_1060,2023-06-13,87.77
TXN_15537,CUST_1060,2023-05-07,50.25
TXN_15538,CUST_1060,2023-07-10,52.05
TXN_15539,CUST_1060,2023-08-19,23.75
TXN_15540,CUST_1060,2023-05-29,178.43
TXN_15541,CUST_1060,2023-05-28,186.26
TXN_15542,CUST_1060,2023-12-31,202.31
TXN_15543,CUST_1061,2023-12-28,27.03
TXN_15544,CUST_1062,2023-03-13,249.23
TXN_15545,CUST_1062,2023-03-28,20.75
TXN_15546,CUST_1062,2023-03-15,45.03
TXN_15547,CUST_1062,2023-02-06,81.16
TXN_15548,CUST_1062,2023-01-29,176.8
TXN_15549,CUST_1062,2023-01-31,62.77
TXN_15550,CUST_1063,2023-03-10,77.92
TXN_15551,CUST_1064,2023-08-02,222.29
TXN_15552,CUST_1064,2023-06-24,144.88
TXN_15553,CUST_1064,2023-08-07,112.44
TXN_15554,CUST_1065,2023-07-29,73.25
TXN_15555,CUST_1065,2023-06-21,247.82
TXN_15556,CUST_1065,2023-09-09,211.68
TXN_15557,CUST_1065,2023-07-31,219.69
TXN_15558,CUST_1065,2023-08-14,237.35
TXN_15559,CUST_1066,2023-07-30,177.18
TXN_15560,CUST_1067,2023-11-19,245.25
TXN_15561,CUST_1068,2023-11-08,139.05
TXN_15562,CUST_1068,2023-11-21,148.66
TXN_15563,CUST_1068,2023-11-07,148.95
TXN_15564,CUST_1068,2023-11-08,170.97
TXN_15565,CUST_1068,2023-11-15,214.47
TXN_15566,CUST_1068,2023-12-03,185.23
TXN_15567,CUST_1068,2023-11-27,146.71
TXN_15568,CUST_1068,2023-11-06,169.04
TXN_15569,CUST_1068,2023-11-16,125.35
TXN_15570,CUST_1068,2023-11-13,233.33
TXN_15571,CUST_1068,2023-11-10,89.4
TXN_15572,CUST_1068,2023-12-31,205.39
TXN_15573,CUST_1069,2023-11-05,68.26
TXN_15574,CUST_1070,2023-10-22,104.43
TXN_15575,CUST_1070,2023-11-08,118.72
TXN_15576,CUST_1070,2023-08-11,233.61
TXN_15577,CUST_1070,2023-11-07,28.38
TXN_15578,CUST_1070,2023-05-04,127.07
TXN_15579,CUST_1070,2023-06-02,165.61
TXN_15580,CUST_1070,2023-12-21,41.42
TXN_15581,CUST_1070,2023-06-05,60.22
TXN_15582,CUST_1070,2023-10-26,241.68
TXN_15583,CUST_1071,2023-09-01,244.84
TXN_15584,CUST_1071,2023-02-26,140.85
TXN_15585,CUST_1071,2023-12-31,51.8
TXN_15586,CUST_1071,2023-03-02,232.8
TXN_15587,CUST_1071,2023-06-20,50.71
TXN_15588,CUST_1071,2023-04-03,28.22
TXN_15589,CUST_1071,2023-04-10,197.81
TXN_15590,CUST_1072,2023-09-06,158.01
TXN_15591,CUST_1072,2023-08-13,113.99
TXN_15592,CUST_1072,2023-10-25,126.91
TXN_15593,CUST_1072,2023-12-31,118.31
TXN_15594,CUST_1072,2023-09-13,26.84
TXN_15595,CUST_1073,2023-06-01,208.58
TXN_15596,CUST_1073,2023-07-20,181.65
TXN_15597,CUST_1074,2023-05-29,52.0
TXN_15598,CUST_1074,2023-09-16,228.75
TXN_15599,CUST_1074,2023-05-06,80.9
TXN_15600,CUST_1074,2023-03-23,175.68
TXN_15601,CUST_1074,2023-04-14,228.74
TXN_15602,CUST_1074,2023-06-26,166.74
TXN_15603,CUST_1074,2023-05-28,25.76
TXN_15604,CUST_1074,2023-11-29,162.57
TXN_15605,CUST_1074,2023-12-31,141.28
TXN_15606,CUST_1074,2023-07-09,28.21
TXN_15607,CUST_1074,2023-06-15,194.69
TXN_15608,CUST_1074,2023-08-04,195.98
TXN_15609,CUST_1074,2023-04-02,244.22
TXN_15610,CUST_1075,2023-08-25,76.93
TXN_15611,CUST_1075,2023-07-14,108.81
TXN_15612,CUST_1075,2023-08-22,143.15
TXN_15613,CUST_1075,2023-07-15,224.41
TXN_15614,CUST_1075,2023-07-05,24.27
TXN_15615,CUST_1075,2023-08-24,44.0
TXN_15616,CUST_1075,2023-08-10,238.67
TXN_15617,CUST_1075,2023-09-10,160.1
TXN_15618,CUST_1075,2023-08-20,57.19
TXN_15619,CUST_1075,2023-08-02,95.49
TXN_15620,CUST_1075,2023-12-31,71.95
TXN_15621,CUST_1076,2023-08-16,50.71
TXN_15622,CUST_1076,2023-02-15,184.08
TXN_15623,CUST_1076,2023-03-18,182.91
TXN_15624,CUST_1076,2023-05-09,40.57
TXN_15625,CUST_1077,2023-09-18,241.05
TXN_15626,CUST_1077,2023-08-30,29.11
TXN_15627,CUST_1077,2023-05-22,199.41
TXN_15628,CUST_1077,2023-12-31,103.05
TXN_15629,CUST_1077,2023-02-05,215.44
TXN_15630,CUST_1077,2023-02-28,155.58
TXN_15631,CUST_1077,2023-03-13,109.55
TXN_15632,CUST_1077,2023-06-17,99.95
TXN_15633,CUST_1077,2023-06-01,18.37
TXN_15634,CUST_1077,2023-03-01,89.98
TXN_15635,CUST_1077,2023-06-25,88.92
TXN_15636,CUST_1078,2023-07-20,156.77
TXN_15637,CUST_1078,2023-06-05,102.73
TXN_15638,CUST_1078,2023-06-30,29.97
TXN_15639,CUST_1078,2023-10-14,208.95
TXN_15640,CUST_1078,2023-05-27,148.2
TXN_15641,CUST_1079,2023-09-08,34.44
TXN_15642,CUST_1079,2023-07-27,222.73
TXN_15643,CUST_1079,2023-07-31,159.82
TXN_15644,CUST_1079,2023-11-18,183.11
TXN_15645,CUST_1079,2023-08-27,152.8
TXN_15646,CUST_1079,2023-08-14,203.87
TXN_15647,CUST_1079,2023-12-31,201.9
TXN_15648,CUST_1080,2023-10-25,61.01
TXN_15649,CUST_1080,2023-11-27,213.53
TXN_15650,CUST_1080,2023-10-23,91.53
TXN_15651,CUST_1080,2023-10-22,228.47
TXN_15652,CUST_1080,2023-11-02,169.19
TXN_15653,CUST_1080,2023-10-29,163.29
TXN_15654,CUST_1080,2023-10-28,94.82
TXN_15655,CUST_1081,2023-08-30,41.53
TXN_15656,CUST_1081,2023-10-09,118.57
TXN_15657,CUST_1081,2023-10-29,217.44
TXN_15658,CUST_1081,2023-11-10,88.56
TXN_15659,CUST_1082,2023-07-02,24.66
TXN_15660,CUST_1082,2023-07-23,18.01
TXN_15661,CUST_1082,2023-12-31,202.22
TXN_15662,CUST_1082,2023-06-20,82.58
TXN_15663,CUST_1082,2023-12-31,102.78
TXN_15664,CUST_1082,2023-09-20,120.0
TXN_15665,CUST_1083,2023-12-06,58.93
TXN_15666,CUST_1083,2023-05-28,190.42
TXN_15667,CUST_1083,2023-11-20,167.01
TXN_15668,CUST_1083,2023-12-31,96.0
TXN_15669,CUST_1083,2023-03-25,142.61
TXN_15670,CUST_1083,2023-03-31,15.34
TXN_15671,CUST_1084,2023-08-07,96.08
TXN_15672,CUST_1084,2023-06-11,99.59
TXN_15673,CUST_1084,2023-04-08,147.18
TXN_15674,CUST_1084,2023-04-18,33.81
TXN_15675,CUST_1084,2023-08-10,17.23
TXN_15676,CUST_1084,2023-12-31,136.09
TXN_15677,CUST_1084,2023-12-31,28.63
TXN_15678,CUST_1084,2023-06-24,97.09
TXN_15679,CUST_1084,2023-09-19,99.89
TXN_15680,CUST_1085,2023-12-04,103.04
TXN_15681,CUST_1086,2023-09-29,168.81
TXN_15682,CUST_1087,2023-08-15,28.33
TXN_15683,CUST_1088,2023-05-10,237.1
TXN_15684,CUST_1088,2023-04-17,104.82
TXN_15685,CUST_1088,2023-03-29,194.43
TXN_15686,CUST_1088,2023-11-11,70.89
TXN_15687,CUST_1088,2023-05-18,43.7
TXN_15688,CUST_1088,2023-05-22,46.34
TXN_15689,CUST_1088,2023-06-03,187.64
TXN_15690,CUST_1088,2023-06-09,72.63
TXN_15691,CUST_1088,2023-05-06,165.06
TXN_15692,CUST_1089,2023-11-23,159.96
TXN_15693,CUST_1089,2023-11-20,112.07
TXN_15694,CUST_1089,2023-11-27,122.92
TXN_15695,CUST_1089,2023-12-31,25.69
TXN_15696,CUST_1089,2023-12-31,151.76
TXN_15697,CUST_1089,2023-12-10,116.14
TXN_15698,CUST_1089,2023-11-26,221.64
TXN_15699,CUST_1089,2023-12-20,71.09
TXN_15700,CUST_1089,2023-11-21,131.62
TXN_15701,CUST_1089,2023-12-21,90.75
TXN_15702,CUST_1089,2023-12-03,181.42
TXN_15703,CUST_1090,2023-04-03,167.85
TXN_15704,CUST_1090,2023-12-31,194.74
TXN_15705,CUST_1091,2023-03-29,111.47
TXN_15706,CUST_1091,2023-01-14,224.71
TXN_15707,CUST_1091,2023-02-07,30.03
TXN_15708,CUST_1091,2023-04-07,213.79
TXN_15709,CUST_1091,2023-03-08,199.02
TXN_15710,CUST_1091,2023-08-10,121.78
TXN_15711,CUST_1091,2023-04-22,140.47
TXN_15712,CUST_1092,2023-08-09,175.43
TXN_15713,CUST_1092,2023-06-12,107.79
TXN_15714,CUST_1092,2023-05-26,51.86
TXN_15715,CUST_1092,2023-08-06,36.9
TXN_15716,CUST_1092,2023-12-13,209.27
TXN_15717,CUST_1092,2023-10-07,228.07
TXN_15718,CUST_1092,2023-06-14,213.97
TXN_15719,CUST_1093,2023-11-26,199.45
TXN_15720,CUST_1094,2023-12-31,173.58
TXN_15721,CUST_1095,2023-05-08,50.19
TXN_15722,CUST_1095,2023-08-31,153.21
TXN_15723,CUST_1095,2023-06-06,93.23
TXN_15724,CUST_1095,2023-10-04,220.57
TXN_15725,CUST_1095,2023-07-08,138.27
TXN_15726,CUST_1096,2023-11-02,34.44
TXN_15727,CUST_1096,2023-11-24,54.64
TXN_15728,CUST_1096,2023-10-21,213.18
TXN_15729,CUST_1096,2023-11-10,224.54
TXN_15730,CUST_1096,2023-11-05,232.72
TXN_15731,CUST_1096,2023-10-31,185.26
TXN_15732,CUST_1096,2023-10-29,15.27
TXN_15733,CUST_1096,2023-11-01,188.37
TXN_15734,CUST_1096,2023-10-24,133.63
TXN_15735,CUST_1096,2023-10-26,32.54
TXN_15736,CUST_1096,2023-11-12,238.71
TXN_15737,CUST_1096,2023-10-29,151.45
TXN_15738,CUST_1096,2023-12-31,167.86
TXN_15739,CUST_1097,2023-07-02,223.31
TXN_15740,CUST_1097,2023-07-02,182.78
TXN_15741,CUST_1097,2023-08-12,115.39
TXN_15742,CUST_1097,2023-06-26,101.72
TXN_15743,CUST_1097,2023-08-08,97.43
TXN_15744,CUST_1097,2023-06-24,42.37
TXN_15745,CUST_1097,2023-10-31,118.47
TXN_15746,CUST_1097,2023-08-14,130.25
TXN_15747,CUST_1097,2023-10-27,143.53
TXN_15748,CUST_1098,2023-11-04,119.91
TXN_15749,CUST_1098,2023-11-01,23.77
TXN_15750,CUST_1098,2023-11-06,79.52
TXN_15751,CUST_1098,2023-11-09,241.07
TXN_15752,CUST_1098,2023-11-14,145.0
TXN_15753,CUST_1098,2023-12-27,231.47
TXN_15754,CUST_1098,2023-12-13,38.03
TXN_15755,CUST_1098,2023-11-19,204.9
TXN_15756,CUST_1098,2023-12-06,150.81
TXN_15757,CUST_1099,2023-12-31,125.97
TXN_15758,CUST_1100,2023-12-31,107.81
TXN_15759,CUST_1101,2023-10-13,143.34
TXN_15760,CUST_1101,2023-09-25,136.42
TXN_15761,CUST_1101,2023-12-31,27.84
TXN_15762,CUST_1101,2023-09-06,36.48
TXN_15763,CUST_1101,2023-08-12,105.01
TXN_15764,CUST_1101,2023-08-12,241.47
TXN_15765,CUST_1101,2023-12-27,93.99
TXN_15766,CUST_1101,2023-09-23,140.43
TXN_15767,CUST_1101,2023-10-26,162.45
TXN_15768,CUST_1101,2023-08-04,194.35
TXN_15769,CUST_1101,2023-10-11,134.78
TXN_15770,CUST_1102,2023-08-16,157.88
TXN_15771,CUST_1102,2023-12-31,85.22
TXN_15772,CUST_1102,2023-07-26,57.95
TXN_15773,CUST_1103,2023-02-13,51.38
TXN_15774,CUST_1103,2023-02-26,185.23
TXN_15775,CUST_1103,2023-02-05,138.19
TXN_15776,CUST_1103,2023-02-20,209.86
TXN_15777,CUST_1103,2023-01-15,67.43
TXN_15778,CUST_1103,2023-05-03,37.73
TXN_15779,CUST_1103,2023-03-29,117.51
TXN_15780,CUST_1104,2023-08-15,238.67
TXN_15781,CUST_1104,2023-12-31,168.55
TXN_15782,CUST_1105,2023-05-20,57.36
TXN_15783,CUST_1105,2023-07-30,165.72
TXN_15784,CUST_1105,2023-09-06,109.7
TXN_15785,CUST_1105,2023-08-21,175.74
TXN_15786,CUST_1106,2023-10-15,156.41
TXN_15787,CUST_1106,2023-12-31,62.28
TXN_15788,CUST_1106,2023-10-13,96.35
TXN_15789,CUST_1106,2023-10-13,69.55
TXN_15790,CUST_1106,2023-09-19,149.55
TXN_15791,CUST_1106,2023-10-02,57.76
TXN_15792,CUST_1106,2023-10-01,26.58
TXN_15793,CUST_1106,2023-12-31,151.57
TXN_15794,CUST_1106,2023-11-15,114.43
TXN_15795,CUST_1106,2023-12-07,128.58
TXN_15796,CUST_1106,2023-10-17,130.57
TXN_15797,CUST_1107,2023-06-30,120.8
TXN_15798,CUST_1107,2023-06-23,99.9
TXN_15799,CUST_1107,2023-06-07,239.14
TXN_15800,CUST_1107,2023-07-13,200.38
TXN_15801,CUST_1107,2023-06-16,205.9
TXN_15802,CUST_1108,2023-06-06,83.14
TXN_15803,CUST_1108,2023-09-01,130.92
TXN_15804,CUST_1108,2023-04-30,244.5
TXN_15805,CUST_1108,2023-12-24,99.26
TXN_15806,CUST_1108,2023-03-04,91.53
TXN_15807,CUST_1108,2023-02-19,19.88
TXN_15808,CUST_1108,2023-04-10,236.14
TXN_15809,CUST_1108,2023-09-21,135.19
TXN_15810,CUST_1108,2023-05-15,16.39
TXN_15811,CUST_1108,2023-03-13,20.82
TXN_15812,CUST_1108,2023-07-14,49.23
TXN_15813,CUST_1108,2023-09-19,166.18
TXN_15814,CUST_1109,2023-11-22,162.49
TXN_15815,CUST_1110,2023-12-04,174.85
TXN_15816,CUST_1110,2023-12-08,180.04
TXN_15817,CUST_1110,2023-12-14,135.49
TXN_15818,CUST_1110,2023-12-16,131.86
TXN_15819,CUST_1110,2023-12-31,191.88
TXN_15820,CUST_1110,2023-11-30,209.95
TXN_15821,CUST_1110,2023-12-06,246.35
TXN_15822,CUST_1110,2023-12-11,34.83
TXN_15823,CUST_1111,2023-08-07,212.17
TXN_15824,CUST_1112,2023-08-17,89.39
TXN_15825,CUST_1112,2023-09-06,56.2
TXN_15826,CUST_1113,2023-04-19,28.68
TXN_15827,CUST_1113,2023-10-07,82.9
TXN_15828,CUST_1113,2023-05-05,63.46
TXN_15829,CUST_1113,2023-06-02,135.85
TXN_15830,CUST_1113,2023-04-26,158.01
TXN_15831,CUST_1113,2023-07-29,102.85
TXN_15832,CUST_1113,2023-06-23,133.04
TXN_15833,CUST_1114,2023-08-12,203.34
TXN_15834,CUST_1115,2023-12-15,122.01
TXN_15835,CUST_1115,2023-09-12,110.94
TXN_15836,CUST_1115,2023-10-17,213.79
TXN_15837,CUST_1115,2023-09-17,69.67
TXN_15838,CUST_1116,2023-11-20,206.39
TXN_15839,CUST_1116,2023-10-19,26.22
TXN_15840,CUST_1116,2023-11-25,140.27
TXN_15841,CUST_1116,2023-11-09,27.36
TXN_15842,CUST_1116,2023-10-26,165.01
TXN_15843,CUST_1116,2023-12-05,230.49
TXN_15844,CUST_1116,2023-11-04,143.19
TXN_15845,CUST_1116,2023-12-01,141.34
TXN_15846,CUST_1116,2023-11-05,227.69
TXN_15847,CUST_1116,2023-11-25,228.63
TXN_15848,CUST_1116,2023-10-24,138.23
TXN_15849,CUST_1116,2023-12-02,41.12
TXN_15850,CUST_1116,2023-11-26,58.0
TXN_15851,CUST_1117,2023-10-21,190.06
TXN_15852,CUST_1117,2023-10-27,51.15
TXN_15853,CUST_1117,2023-10-16,243.56
TXN_15854,CUST_1117,2023-10-13,185.63
TXN_15855,CUST_1117,2023-10-26,190.92
TXN_15856,CUST_1117,2023-11-07,118.2
TXN_15857,CUST_1117,2023-10-21,192.27
TXN_15858,CUST_1117,2023-10-19,200.13
TXN_15859,CUST_1117,2023-11-09,150.75
TXN_15860,CUST_1117,2023-10-21,63.19
TXN_15861,CUST_1117,2023-11-12,36.47
TXN_15862,CUST_1117,2023-12-31,245.01
TXN_15863,CUST_1118,2023-10-28,111.99
TXN_15864,CUST_1119,2023-10-23,117.32
TXN_15865,CUST_1119,2023-10-12,132.13
TXN_15866,CUST_1119,2023-10-28,153.28
TXN_15867,CUST_1119,2023-10-22,159.08
TXN_15868,CUST_1119,2023-12-06,239.54
TXN_15869,CUST_1119,2023-11-02,25.01
TXN_15870,CUST_1119,2023-12-31,180.88
TXN_15871,CUST_1119,2023-10-21,49.58
TXN_15872,CUST_1119,2023-10-14,54.42
TXN_15873,CUST_1119,2023-10-11,227.01
TXN_15874,CUST_1120,2023-03-16,168.09
TXN_15875,CUST_1120,2023-05-15,141.17
TXN_15876,CUST_1120,2023-09-02,95.42
TXN_15877,CUST_1120,2023-03-28,144.68
TXN_15878,CUST_1120,2023-12-21,136.7
TXN_15879,CUST_1120,2023-09-01,192.9
TXN_15880,CUST_1120,2023-05-21,167.18
TXN_15881,CUST_1120,2023-04-30,139.7
TXN_15882,CUST_1120,2023-05-18,181.64
TXN_15883,CUST_1120,2023-05-01,38.45
TXN_15884,CUST_1120,2023-08-10,175.94
TXN_15885,CUST_1120,2023-12-30,115.75
TXN_15886,CUST_1121,2023-06-06,196.73
TXN_15887,CUST_1122,2023-10-19,81.19
TXN_15888,CUST_1123,2023-11-17,184.74
TXN_15889,CUST_1123,2023-09-16,154.23
TXN_15890,CUST_1123,2023-10-22,23.75
TXN_15891,CUST_1123,2023-11-21,227.97
TXN_15892,CUST_1123,2023-11-20,208.79
TXN_15893,CUST_1123,2023-10-31,163.86
TXN_15894,CUST_1123,2023-10-23,204.5
TXN_15895,CUST_1123,2023-10-21,92.02
TXN_15896,CUST_1123,2023-09-28,225.81
TXN_15897,CUST_1123,2023-09-11,179.22
TXN_15898,CUST_1123,2023-12-31,180.96
TXN_15899,CUST_1123,2023-12-31,176.57
TXN_15900,CUST_1124,2023-12-16,81.89
TXN_15901,CUST_1125,2023-12-29,245.43
TXN_15902,CUST_1125,2023-12-26,223.31
TXN_15903,CUST_1125,2023-12-27,183.5
TXN_15904,CUST_1125,2023-12-26,145.97
TXN_15905,CUST_1125,2023-12-26,78.13
TXN_15906,CUST_1125,2023-12-27,204.68
TXN_15907,CUST_1125,2023-12-27,235.01
TXN_15908,CUST_1126,2023-04-09,68.42
TXN_15909,CUST_1126,2023-03-10,133.46
TXN_15910,CUST_1126,2023-08-08,189.79
TXN_15911,CUST_1126,2023-05-15,141.76
TXN_15912,CUST_1126,2023-04-08,243.59
TXN_15913,CUST_1126,2023-05-07,74.68
TXN_15914,CUST_1126,2023-03-07,158.67
TXN_15915,CUST_1126,2023-04-28,16.81
TXN_15916,CUST_1126,2023-08-19,180.47
TXN_15917,CUST_1126,2023-06-05,31.16
TXN_15918,CUST_1127,2023-12-10,217.71
TXN_15919,CUST_1128,2023-07-28,120.54
TXN_15920,CUST_1129,2023-06-02,242.11
TXN_15921,CUST_1130,2023-10-31,225.94
TXN_15922,CUST_1131,2023-12-31,171.18
TXN_15923,CUST_1132,2023-11-13,26.52
TXN_15924,CUST_1132,2023-10-30,223.49
TXN_15925,CUST_1132,2023-11-28,61.28
TXN_15926,CUST_1132,2023-11-18,201.75
TXN_15927,CUST_1132,2023-12-14,125.05
TXN_15928,CUST_1132,2023-12-15,134.34
TXN_15929,CUST_1132,2023-11-22,245.07
TXN_15930,CUST_1132,2023-11-03,54.6
TXN_15931,CUST_1132,2023-11-06,53.63
TXN_15932,CUST_1132,2023-11-05,189.6
TXN_15933,CUST_1132,2023-11-11,103.13
TXN_15934,CUST_1132,2023-11-07,60.71
TXN_15935,CUST_1133,2023-12-29,186.37
TXN_15936,CUST_1133,2023-12-29,100.81
TXN_15937,CUST_1133,2023-12-29,58.81
TXN_15938,CUST_1134,2023-11-14,235.77
TXN_15939,CUST_1135,2023-06-22,240.2
TXN_15940,CUST_1136,2023-07-12,243.47
TXN_15941,CUST_1137,2023-11-05,127.94
TXN_15942,CUST_1137,2023-09-17,33.62
TXN_15943,CUST_1138,2023-08-22,188.88
TXN_15944,CUST_1138,2023-07-21,209.41
TXN_15945,CUST_1138,2023-07-27,140.49
TXN_15946,CUST_1138,2023-05-13,189.81
TXN_15947,CUST_1138,2023-06-14,84.28
TXN_15948,CUST_1139,2023-12-10,53.88
TXN_15949,CUST_1139,2023-07-14,72.4
TXN_15950,CUST_1139,2023-11-03,38.38
TXN_15951,CUST_1140,2023-11-15,52.7
TXN_15952,CUST_1140,2023-11-15,161.88
TXN_15953,CUST_1140,2023-12-09,92.78
TXN_15954,CUST_1140,2023-11-15,64.16
TXN_15955,CUST_1140,2023-11-27,72.82
TXN_15956,CUST_1140,2023-12-16,39.41
TXN_15957,CUST_1140,2023-11-12,35.77
TXN_15958,CUST_1140,2023-12-12,168.04
TXN_15959,CUST_1140,2023-12-31,94.03
TXN_15960,CUST_1140,2023-11-15,147.06
TXN_15961,CUST_1140,2023-11-24,153.89
TXN_15962,CUST_1141,2023-06-20,23.23
TXN_15963,CUST_1142,2023-12-23,234.21
TXN_15964,CUST_1142,2023-12-25,233.14
TXN_15965,CUST_1142,2023-12-26,158.18
TXN_15966,CUST_1142,2023-12-22,83.5
TXN_15967,CUST_1142,2023-12-31,90.06
TXN_15968,CUST_1142,2023-12-22,181.28
TXN_15969,CUST_1142,2023-12-25,82.08
TXN_15970,CUST_1142,2023-12-23,125.19
TXN_15971,CUST_1142,2023-12-22,200.49
TXN_15972,CUST_1142,2023-12-23,215.63
TXN_15973,CUST_1142,2023-12-26,170.43
TXN_15974,CUST_1143,2023-11-29,119.53
TXN_15975,CUST_1144,2023-10-05,128.62
TXN_15976,CUST_1145,2023-11-07,183.64
TXN_15977,CUST_1145,2023-12-09,165.64
TXN_15978,CUST_1145,2023-10-31,58.39
TXN_15979,CUST_1146,2023-11-25,149.73
TXN_15980,CUST_1146,2023-12-04,229.83
TXN_15981,CUST_1146,2023-12-03,47.21
TXN_15982,CUST_1146,2023-12-04,36.46
TXN_15983,CUST_1146,2023-11-26,22.31
TXN_15984,CUST_1146,2023-12-02,34.87
TXN_15985,CUST_1146,2023-12-01,234.24
TXN_15986,CUST_1147,2023-05-27,173.31
TXN_15987,CUST_1147,2023-11-01,22.74
TXN_15988,CUST_1147,2023-09-16,147.03
TXN_15989,CUST_1147,2023-07-08,240.09
TXN_15990,CUST_1147,2023-08-24,214.78
TXN_15991,CUST_1147,2023-06-10,145.28
TXN_15992,CUST_1147,2023-07-21,90.57
TXN_15993,CUST_1147,2023-07-13,70.61
TXN_15994,CUST_1147,2023-05-19,102.88
TXN_15995,CUST_1147,2023-08-21,230.3
TXN_15996,CUST_1147,2023-06-24,166.06
TXN_15997,CUST_1147,2023-05-15,227.55
TXN_15998,CUST_1147,2023-07-12,198.38
TXN_15999,CUST_1147,2023-09-09,75.27
TXN_16000,CUST_1148,2023-04-19,239.7
TXN_16001,CUST_1148,2023-06-02,83.13
TXN_16002,CUST_1148,2023-06-20,203.29
TXN_16003,CUST_1148,2023-06-10,166.6
TXN_16004,CUST_1148,2023-06-14,163.35
TXN_16005,CUST_1148,2023-04-28,24.09
TXN_16006,CUST_1148,2023-04-28,82.17
TXN_16007,CUST_1148,2023-05-11,159.57
TXN_16008,CUST_1148,2023-06-07,24.12
TXN_16009,CUST_1148,2023-04-19,36.29
TXN_16010,CUST_1148,2023-05-23,16.45
TXN_16011,CUST_1148,2023-06-13,99.76
TXN_16012,CUST_1148,2023-06-24,184.39
TXN_16013,CUST_1148,2023-05-10,51.91
TXN_16014,CUST_1149,2023-04-02,43.2
TXN_16015,CUST_1150,2023-10-18,203.1
TXN_16016,CUST_1150,2023-10-31,149.86
TXN_16017,CUST_1150,2023-10-18,91.28
TXN_16018,CUST_1150,2023-10-27,204.93
TXN_16019,CUST_1150,2023-11-21,67.4
TXN_16020,CUST_1150,2023-11-07,72.21
TXN_16021,CUST_1150,2023-12-31,238.75
TXN_16022,CUST_1150,2023-11-04,179.24
TXN_16023,CUST_1150,2023-11-25,184.43
TXN_16024,CUST_1150,2023-11-14,240.26
TXN_16025,CUST_1150,2023-11-06,164.53
TXN_16026,CUST_1150,2023-12-02,172.42
TXN_16027,CUST_1150,2023-11-17,70.03
TXN_16028,CUST_1150,2023-10-26,49.62
TXN_16029,CUST_1151,2023-12-31,158.63
TXN_16030,CUST_1151,2023-07-31,93.49
TXN_16031,CUST_1151,2023-08-25,159.54
TXN_16032,CUST_1151,2023-06-24,84.19
TXN_16033,CUST_1151,2023-05-14,164.0
TXN_16034,CUST_1152,2023-02-16,55.53
TXN_16035,CUST_1152,2023-05-03,98.79
TXN_16036,CUST_1152,2023-07-14,143.26
TXN_16037,CUST_1152,2023-04-02,241.3
TXN_16038,CUST_1152,2023-03-25,109.14
TXN_16039,CUST_1152,2023-05-31,205.23
TXN_16040,CUST_1152,2023-05-19,179.17
TXN_16041,CUST_1152,2023-03-22,127.68
TXN_16042,CUST_1152,2023-02-22,174.86
TXN_16043,CUST_1152,2023-02-26,15.3
TXN_16044,CUST_1153,2023-11-04,248.07
TXN_16045,CUST_1153,2023-10-23,61.34
TXN_16046,CUST_1153,2023-10-27,183.52
TXN_16047,CUST_1153,2023-11-01,122.46
TXN_16048,CUST_1153,2023-10-26,110.17
TXN_16049,CUST_1153,2023-10-25,140.27
TXN_16050,CUST_1153,2023-10-25,200.77
TXN_16051,CUST_1153,2023-11-11,185.13
TXN_16052,CUST_1153,2023-11-04,104.65
TXN_16053,CUST_1153,2023-10-25,138.11
TXN_16054,CUST_1153,2023-11-08,125.0
TXN_16055,CUST_1153,2023-11-23,210.64
TXN_16056,CUST_1154,2023-11-15,33.88
TXN_16057,CUST_1154,2023-11-19,104.73
TXN_16058,CUST_1155,2023-11-09,159.29
TXN_16059,CUST_1156,2023-09-25,141.27
TXN_16060,CUST_1157,2023-09-20,147.04
TXN_16061,CUST_1157,2023-09-16,238.14
TXN_16062,CUST_1157,2023-10-17,227.24
TXN_16063,CUST_1158,2023-12-02,215.61
TXN_16064,CUST_1159,2023-08-18,170.91
TXN_16065,CUST_1159,2023-05-02,110.0
TXN_16066,CUST_1160,2023-12-16,74.42
TXN_16067,CUST_1160,2023-12-13,63.54
TXN_16068,CUST_1160,2023-12-15,188.93
TXN_16069,CUST_1161,2023-07-30,130.51
TXN_16070,CUST_1162,2023-07-13,154.72
TXN_16071,CUST_1162,2023-08-03,93.68
TXN_16072,CUST_1162,2023-08-20,198.86
TXN_16073,CUST_1162,2023-07-02,242.81
TXN_16074,CUST_1162,2023-10-10,191.52
TXN_16075,CUST_1162,2023-09-26,106.43
TXN_16076,CUST_1162,2023-09-23,105.89
TXN_16077,CUST_1162,2023-11-17,56.65
TXN_16078,CUST_1163,2023-11-22,90.01
TXN_16079,CUST_1164,2023-08-24,137.95
TXN_16080,CUST_1164,2023-02-24,73.22
TXN_16081,CUST_1164,2023-03-05,136.2
TXN_16082,CUST_1164,2023-06-16,43.45
TXN_16083,CUST_1164,2023-01-31,104.22
TXN_16084,CUST_1164,2023-02-24,107.06
TXN_16085,CUST_1164,2023-07-11,91.18
TXN_16086,CUST_1164,2023-03-26,161.62
TXN_16087,CUST_1164,2023-02-02,183.89
TXN_16088,CUST_1165,2023-11-29,71.28
TXN_16089,CUST_1165,2023-11-24,62.01
TXN_16090,CUST_1165,2023-11-27,77.28
TXN_16091,CUST_1166,2023-08-17,45.14
TXN_16092,CUST_1167,2023-07-14,116.63
TXN_16093,CUST_1168,2023-12-08,29.02
TXN_16094,CUST_1168,2023-11-08,202.02
TXN_16095,CUST_1168,2023-11-05,81.37
TXN_16096,CUST_1168,2023-11-21,154.93
TXN_16097,CUST_1168,2023-12-03,133.89
TXN_16098,CUST_1168,2023-11-18,185.45
TXN_16099,CUST_1168,2023-11-17,158.0
TXN_16100,CUST_1168,2023-12-17,109.34
TXN_16101,CUST_1168,2023-11-14,15.83
TXN_16102,CUST_1168,2023-11-22,22.0
TXN_16103,CUST_1168,2023-11-18,203.99
TXN_16104,CUST_1168,2023-11-19,78.36
TXN_16105,CUST_1168,2023-12-03,78.38
TXN_16106,CUST_1169,2023-06-18,183.71
TXN_16107,CUST_1169,2023-06-04,77.06
TXN_16108,CUST_1169,2023-08-30,56.79
TXN_16109,CUST_1169,2023-06-07,19.12
TXN_16110,CUST_1169,2023-08-21,160.21
TXN_16111,CUST_1170,2023-09-22,155.15
TXN_16112,CUST_1170,2023-08-14,117.89
TXN_16113,CUST_1171,2023-11-11,198.55
TXN_16114,CUST_1171,2023-12-01,169.12
TXN_16115,CUST_1171,2023-11-11,77.98
TXN_16116,CUST_1171,2023-11-17,80.78
TXN_16117,CUST_1171,2023-11-13,204.26
TXN_16118,CUST_1171,2023-11-26,147.89
TXN_16119,CUST_1171,2023-11-13,230.75
TXN_16120,CUST_1172,2023-09-04,242.17
TXN_16121,CUST_1173,2023-06-05,187.17
TXN_16122,CUST_1173,2023-06-23,101.65
TXN_16123,CUST_1174,2023-11-15,78.14
TXN_16124,CUST_1174,2023-11-28,99.41
TXN_16125,CUST_1174,2023-11-03,241.94
TXN_16126,CUST_1174,2023-10-24,184.49
TXN_16127,CUST_1174,2023-11-21,66.93
TXN_16128,CUST_1175,2023-07-24,66.27
TXN_16129,CUST_1175,2023-08-12,59.62
TXN_16130,CUST_1175,2023-07-10,93.27
TXN_16131,CUST_1175,2023-05-31,24.09
TXN_16132,CUST_1175,2023-05-11,49.94
TXN_16133,CUST_1175,2023-05-10,48.22
TXN_16134,CUST_1175,2023-04-30,41.0
TXN_16135,CUST_1175,2023-03-29,154.84
TXN_16136,CUST_1176,2023-09-03,194.4
TXN_16137,CUST_1176,2023-10-31,172.87
TXN_16138,CUST_1176,2023-09-14,130.08
TXN_16139,CUST_1177,2023-04-07,72.3
TXN_16140,CUST_1178,2023-04-16,69.06
TXN_16141,CUST_1179,2023-11-15,139.65
TXN_16142,CUST_1180,2023-11-08,162.65
TXN_16143,CUST_1181,2023-08-01,219.81
TXN_16144,CUST_1181,2023-10-04,89.61
TXN_16145,CUST_1181,2023-09-03,46.9
TXN_16146,CUST_1181,2023-09-30,31.53
TXN_16147,CUST_1181,2023-10-10,143.51
TXN_16148,CUST_1181,2023-08-14,217.7
TXN_16149,CUST_1181,2023-12-31,74.77
TXN_16150,CUST_1181,2023-10-21,191.29
TXN_16151,CUST_1181,2023-10-08,239.95
TXN_16152,CUST_1181,2023-09-01,173.43
TXN_16153,CUST_1181,2023-10-26,127.69
TXN_16154,CUST_1182,2023-12-22,176.26
TXN_16155,CUST_1182,2023-12-16,113.54
TXN_16156,CUST_1182,2023-12-13,16.53
TXN_16157,CUST_1183,2023-07-20,142.52
TXN_16158,CUST_1183,2023-12-03,61.09
TXN_16159,CUST_1183,2023-12-31,85.01
TXN_16160,CUST_1183,2023-05-16,132.94
TXN_16161,CUST_1183,2023-03-09,47.74
TXN_16162,CUST_1183,2023-02-02,182.2
TXN_16163,CUST_1183,2023-03-13,240.91
TXN_16164,CUST_1183,2023-03-03,246.13
TXN_16165,CUST_1183,2023-02-12,39.16
TXN_16166,CUST_1184,2023-10-26,137.64
TXN_16167,CUST_1185,2023-12-30,88.15
TXN_16168,CUST_1186,2023-09-13,153.92
TXN_16169,CUST_1186,2023-12-01,179.51
TXN_16170,CUST_1186,2023-09-14,218.94
TXN_16171,CUST_1186,2023-09-21,121.71
TXN_16172,CUST_1186,2023-10-06,214.87
TXN_16173,CUST_1186,2023-12-18,233.47
TXN_16174,CUST_1186,2023-09-08,231.64
TXN_16175,CUST_1186,2023-09-10,77.46
TXN_16176,CUST_1186,2023-10-05,127.78
TXN_16177,CUST_1186,2023-10-13,127.67
TXN_16178,CUST_1186,2023-12-20,71.53
TXN_16179,CUST_1186,2023-09-20,231.37
TXN_16180,CUST_1186,2023-09-11,158.25
TXN_16181,CUST_1186,2023-10-21,133.8
TXN_16182,CUST_1187,2023-07-03,39.01
TXN_16183,CUST_1187,2023-11-19,163.09
TXN_16184,CUST_1187,2023-07-16,80.64
TXN_16185,CUST_1187,2023-08-25,110.63
TXN_16186,CUST_1187,2023-08-03,29.25
TXN_16187,CUST_1187,2023-07-07,107.44
TXN_16188,CUST_1187,2023-09-10,26.29
TXN_16189,CUST_1187,2023-07-23,178.34
TXN_16190,CUST_1187,2023-10-03,59.7
TXN_16191,CUST_1188,2023-11-09,134.55
TXN_16192,CUST_1188,2023-09-01,107.65
TXN_16193,CUST_1188,2023-08-08,227.97
TXN_16194,CUST_1188,2023-12-10,225.42
TXN_16195,CUST_1188,2023-07-10,214.77
TXN_16196,CUST_1188,2023-12-28,99.89
TXN_16197,CUST_1188,2023-08-14,198.09
TXN_16198,CUST_1188,2023-08-20,248.47
TXN_16199,CUST_1188,2023-08-07,182.78
TXN_16200,CUST_1188,2023-10-04,131.11
TXN_16201,CUST_1188,2023-10-27,143.35
TXN_16202,CUST_1188,2023-08-02,40.34
TXN_16203,CUST_1189,2023-09-03,231.5
TXN_16204,CUST_1190,2023-03-15,51.18
TXN_16205,CUST_1191,2023-08-14,180.58
TXN_16206,CUST_1191,2023-10-28,236.52
TXN_16207,CUST_1191,2023-08-16,50.4
TXN_16208,CUST_1191,2023-11-06,24.56
TXN_16209,CUST_1192,2023-10-09,232.89
TXN_16210,CUST_1192,2023-12-31,151.6
TXN_16211,CUST_1192,2023-07-23,122.9
TXN_16212,CUST_1192,2023-10-11,21.52
TXN_16213,CUST_1192,2023-07-20,30.78
TXN_16214,CUST_1192,2023-09-28,132.77
TXN_16215,CUST_1192,2023-08-11,39.82
TXN_16216,CUST_1192,2023-09-28,90.44
TXN_16217,CUST_1192,2023-08-03,168.3
TXN_16218,CUST_1192,2023-08-31,100.17
TXN_16219,CUST_1193,2023-12-12,216.67
TXN_16220,CUST_1193,2023-12-14,154.81
TXN_16221,CUST_1193,2023-12-22,21.95
TXN_16222,CUST_1193,2023-12-13,206.69
TXN_16223,CUST_1193,2023-12-21,214.44
TXN_16224,CUST_1193,2023-12-11,180.88
TXN_16225,CUST_1193,2023-12-11,199.5
TXN_16226,CUST_1193,2023-12-11,188.39
TXN_16227,CUST_1193,2023-12-14,246.77
TXN_16228,CUST_1193,2023-12-16,163.66
TXN_16229,CUST_1193,2023-12-13,187.61
TXN_16230,CUST_1193,2023-12-14,19.25
TXN_16231,CUST_1193,2023-12-16,210.16
TXN_16232,CUST_1193,2023-12-11,66.95
TXN_16233,CUST_1194,2023-06-12,157.87
TXN_16234,CUST_1194,2023-12-29,247.58
TXN_16235,CUST_1194,2023-07-25,125.0
TXN_16236,CUST_1195,2023-08-28,220.39
TXN_16237,CUST_1195,2023-09-19,131.77
TXN_16238,CUST_1195,2023-08-03,165.31
TXN_16239,CUST_1195,2023-08-03,122.58
TXN_16240,CUST_1195,2023-06-27,55.91
TXN_16241,CUST_1195,2023-08-07,208.32
TXN_16242,CUST_1195,2023-07-16,137.82
TXN_16243,CUST_1195,2023-07-22,39.63
TXN_16244,CUST_1196,2023-10-13,221.13
TXN_16245,CUST_1196,2023-10-12,29.41
TXN_16246,CUST_1196,2023-11-24,81.27
TXN_16247,CUST_1196,2023-11-15,49.36
TXN_16248,CUST_1196,2023-10-19,149.6
TXN_16249,CUST_1196,2023-12-31,32.26
TXN_16250,CUST_1196,2023-10-25,25.12
TXN_16251,CUST_1196,2023-10-17,228.26
TXN_16252,CUST_1196,2023-10-14,216.36
TXN_16253,CUST_1196,2023-10-17,217.52
TXN_16254,CUST_1196,2023-11-01,221.38
TXN_16255,CUST_1196,2023-10-16,194.08
TXN_16256,CUST_1196,2023-11-11,142.59
TXN_16257,CUST_1197,2023-03-16,149.01
TXN_16258,CUST_1197,2023-05-27,175.38
TXN_16259,CUST_1197,2023-03-12,162.23
TXN_16260,CUST_1197,2023-04-06,134.15
TXN_16261,CUST_1197,2023-07-31,180.83
TXN_16262,CUST_1197,2023-03-16,153.93
TXN_16263,CUST_1198,2023-10-14,180.1
TXN_16264,CUST_1198,2023-09-13,81.26
TXN_16265,CUST_1198,2023-06-23,227.91
TXN_16266,CUST_1198,2023-06-30,29.81
TXN_16267,CUST_1198,2023-08-03,44.33
TXN_16268,CUST_1199,2023-07-16,50.76
TXN_16269,CUST_1199,2023-07-23,52.07
TXN_16270,CUST_1199,2023-07-08,236.52
TXN_16271,CUST_1199,2023-07-02,50.91
TXN_16272,CUST_1199,2023-08-03,156.56
TXN_16273,CUST_1199,2023-06-18,61.2
TXN_16274,CUST_1200,2023-10-09,125.53
TXN_16275,CUST_1200,2023-07-14,84.32
TXN_16276,CUST_1200,2023-09-16,221.96
TXN_16277,CUST_1200,2023-06-26,37.35
TXN_16278,CUST_1200,2023-06-15,201.31
TXN_16279,CUST_1200,2023-07-14,46.0
TXN_16280,CUST_1200,2023-07-03,135.85
TXN_16281,CUST_1200,2023-10-16,165.81
TXN_16282,CUST_1200,2023-06-18,52.3
TXN_16283,CUST_1200,2023-07-12,32.67
TXN_16284,CUST_1201,2023-06-11,116.69
TXN_16285,CUST_1201,2023-06-17,121.03
TXN_16286,CUST_1201,2023-04-01,86.35
TXN_16287,CUST_1201,2023-04-14,20.43
TXN_16288,CUST_1201,2023-06-14,213.6
TXN_16289,CUST_1201,2023-04-05,25.82
TXN_16290,CUST_1201,2023-12-31,76.97
TXN_16291,CUST_1201,2023-03-04,101.89
TXN_16292,CUST_1201,2023-07-09,84.07
TXN_16293,CUST_1201,2023-05-19,112.66
TXN_16294,CUST_1202,2023-12-06,185.34
TXN_16295,CUST_1203,2023-03-26,194.38
TXN_16296,CUST_1203,2023-07-29,210.13
TXN_16297,CUST_1203,2023-09-13,148.1
TXN_16298,CUST_1203,2023-08-13,130.71
TXN_16299,CUST_1203,2023-12-31,59.81
TXN_16300,CUST_1203,2023-11-11,75.75
TXN_16301,CUST_1203,2023-04-04,118.19
TXN_16302,CUST_1203,2023-06-22,69.28
TXN_16303,CUST_1203,2023-06-09,204.85
TXN_16304,CUST_1203,2023-04-21,151.38
TXN_16305,CUST_1204,2023-12-28,171.73
TXN_16306,CUST_1205,2023-12-31,147.49
TXN_16307,CUST_1206,2023-06-05,163.41
TXN_16308,CUST_1206,2023-06-17,80.24
TXN_16309,CUST_1206,2023-11-09,124.77
TXN_16310,CUST_1206,2023-07-03,185.11
TXN_16311,CUST_1206,2023-11-17,20.88
TXN_16312,CUST_1206,2023-07-10,158.53
TXN_16313,CUST_1206,2023-06-24,196.52
TXN_16314,CUST_1206,2023-12-31,236.71
TXN_16315,CUST_1206,2023-06-19,68.19
TXN_16316,CUST_1206,2023-12-31,122.78
TXN_16317,CUST_1206,2023-06-13,181.14
TXN_16318,CUST_1206,2023-06-21,77.8
TXN_16319,CUST_1206,2023-10-27,53.18
TXN_16320,CUST_1207,2023-05-23,157.63
TXN_16321,CUST_1208,2023-12-12,162.42
TXN_16322,CUST_1209,2023-08-22,70.2
TXN_16323,CUST_1209,2023-06-25,116.21
TXN_16324,CUST_1209,2023-03-16,182.85
TXN_16325,CUST_1209,2023-03-28,56.51
TXN_16326,CUST_1209,2023-04-17,168.52
TXN_16327,CUST_1209,2023-03-30,58.16
TXN_16328,CUST_1209,2023-03-05,125.84
TXN_16329,CUST_1209,2023-04-29,69.96
TXN_16330,CUST_1209,2023-03-09,115.88
TXN_16331,CUST_1209,2023-08-07,183.09
TXN_16332,CUST_1210,2023-08-26,249.25
TXN_16333,CUST_1210,2023-10-30,16.8
TXN_16334,CUST_1210,2023-07-11,158.37
TXN_16335,CUST_1211,2023-12-29,190.41
TXN_16336,CUST_1211,2023-12-31,159.18
TXN_16337,CUST_1212,2023-03-18,141.81
TXN_16338,CUST_1212,2023-03-08,131.79
TXN_16339,CUST_1212,2023-02-27,236.31
TXN_16340,CUST_1212,2023-06-05,215.74
TXN_16341,CUST_1212,2023-12-31,57.93
TXN_16342,CUST_1213,2023-11-24,85.15
TXN_16343,CUST_1213,2023-12-02,110.47
TXN_16344,CUST_1213,2023-11-23,240.01
TXN_16345,CUST_1214,2023-09-14,27.96
TXN_16346,CUST_1214,2023-09-21,122.3
TXN_16347,CUST_1214,2023-09-14,51.65
TXN_16348,CUST_1214,2023-11-07,194.11
TXN_16349,CUST_1214,2023-11-09,231.56
TXN_16350,CUST_1214,2023-09-18,53.34
TXN_16351,CUST_1214,2023-09-28,230.06
TXN_16352,CUST_1215,2023-10-19,98.24
TXN_16353,CUST_1215,2023-10-06,236.2
TXN_16354,CUST_1215,2023-09-27,49.88
TXN_16355,CUST_1215,2023-10-04,39.65
TXN_16356,CUST_1215,2023-11-16,136.42
TXN_16357,CUST_1215,2023-09-03,28.4
TXN_16358,CUST_1215,2023-09-03,227.25
TXN_16359,CUST_1215,2023-08-12,126.54
TXN_16360,CUST_1216,2023-11-16,239.66
TXN_16361,CUST_1216,2023-05-30,42.99
TXN_16362,CUST_1216,2023-12-10,84.51
TXN_16363,CUST_1216,2023-06-10,23.37
TXN_16364,CUST_1216,2023-06-14,177.98
TXN_16365,CUST_1216,2023-07-01,136.46
TXN_16366,CUST_1216,2023-11-23,41.95
TXN_16367,CUST_1217,2023-11-06,197.09
TXN_16368,CUST_1218,2023-08-19,87.92
TXN_16369,CUST_1219,2023-12-14,192.41
TXN_16370,CUST_1219,2023-11-25,149.45
TXN_16371,CUST_1220,2023-08-23,199.94
TXN_16372,CUST_1221,2023-12-31,221.57
TXN_16373,CUST_1221,2023-08-17,102.37
TXN_16374,CUST_1221,2023-08-12,150.23
TXN_16375,CUST_1221,2023-07-11,87.07
TXN_16376,CUST_1221,2023-07-13,149.87
TXN_16377,CUST_1222,2023-12-31,156.28
TXN_16378,CUST_1222,2023-11-25,167.79
TXN_16379,CUST_1222,2023-11-03,180.35
TXN_16380,CUST_1223,2023-12-22,42.09
TXN_16381,CUST_1224,2023-10-13,78.76
TXN_16382,CUST_1225,2023-05-27,130.57
TXN_16383,CUST_1226,2023-08-20,109.29
TXN_16384,CUST_1226,2023-03-24,49.82
TXN_16385,CUST_1226,2023-01-24,165.69
TXN_16386,CUST_1226,2023-01-26,187.45
TXN_16387,CUST_1226,2023-04-18,61.67
TXN_16388,CUST_1226,2023-04-18,58.0
TXN_16389,CUST_1226,2023-03-26,202.9
TXN_16390,CUST_1226,2023-03-31,49.94
TXN_16391,CUST_1227,2023-04-06,50.87
TXN_16392,CUST_1227,2023-02-08,16.02
TXN_16393,CUST_1227,2023-03-03,36.1
TXN_16394,CUST_1227,2023-03-16,155.48
TXN_16395,CUST_1227,2023-03-11,180.69
TXN_16396,CUST_1227,2023-06-23,178.7
TXN_16397,CUST_1227,2023-12-03,70.76
TXN_16398,CUST_1227,2023-02-11,158.28
TXN_16399,CUST_1227,2023-05-02,134.87
TXN_16400,CUST_1227,2023-01-18,145.48
TXN_16401,CUST_1228,2023-09-25,95.39
TXN_16402,CUST_1228,2023-12-19,150.95
TXN_16403,CUST_1229,2023-07-01,247.83
TXN_16404,CUST_1230,2023-06-25,74.6
TXN_16405,CUST_1230,2023-07-17,246.97
TXN_16406,CUST_1230,2023-07-16,225.7
TXN_16407,CUST_1230,2023-07-17,37.59
TXN_16408,CUST_1230,2023-07-12,79.11
TXN_16409,CUST_1230,2023-12-31,173.46
TXN_16410,CUST_1231,2023-10-05,213.12
TXN_16411,CUST_1231,2023-09-21,134.33
TXN_16412,CUST_1231,2023-09-07,179.62
TXN_16413,CUST_1231,2023-07-29,205.25
TXN_16414,CUST_1231,2023-12-31,124.33
TXN_16415,CUST_1231,2023-09-19,188.2
TXN_16416,CUST_1232,2023-09-02,99.34
TXN_16417,CUST_1232,2023-12-31,248.52
TXN_16418,CUST_1233,2023-09-29,47.56
TXN_16419,CUST_1233,2023-04-26,234.58
TXN_16420,CUST_1233,2023-05-07,205.27
TXN_16421,CUST_1233,2023-09-15,181.55
TXN_16422,CUST_1233,2023-05-05,171.84
TXN_16423,CUST_1233,2023-10-24,115.0
TXN_16424,CUST_1233,2023-06-07,119.07
TXN_16425,CUST_1233,2023-05-01,224.63
TXN_16426,CUST_1233,2023-10-11,249.51
TXN_16427,CUST_1233,2023-07-06,191.53
TXN_16428,CUST_1233,2023-05-12,171.87
TXN_16429,CUST_1233,2023-07-20,226.78
TXN_16430,CUST_1234,2023-11-14,219.14
TXN_16431,CUST_1234,2023-08-13,213.8
TXN_16432,CUST_1234,2023-09-23,104.4
TXN_16433,CUST_1234,2023-08-12,174.25
TXN_16434,CUST_1234,2023-08-28,124.93
TXN_16435,CUST_1235,2023-06-25,113.66
TXN_16436,CUST_1235,2023-11-22,97.04
TXN_16437,CUST_1235,2023-09-19,106.48
TXN_16438,CUST_1235,2023-10-01,245.54
TXN_16439,CUST_1235,2023-07-17,213.6
TXN_16440,CUST_1235,2023-12-31,246.2
TXN_16441,CUST_1235,2023-07-22,129.15
TXN_16442,CUST_1236,2023-11-20,130.73
TXN_16443,CUST_1237,2023-08-16,141.03
TXN_16444,CUST_1238,2023-10-23,41.28
TXN_16445,CUST_1238,2023-10-03,113.17
TXN_16446,CUST_1238,2023-09-26,133.93
TXN_16447,CUST_1239,2023-02-28,137.16
TXN_16448,CUST_1240,2023-12-25,114.62
TXN_16449,CUST_1241,2023-09-23,33.45
TXN_16450,CUST_1241,2023-07-18,165.4
TXN_16451,CUST_1241,2023-05-11,245.28
TXN_16452,CUST_1241,2023-06-20,136.58
TXN_16453,CUST_1241,2023-05-27,158.57
TXN_16454,CUST_1241,2023-09-17,152.68
TXN_16455,CUST_1241,2023-09-09,186.81
TXN_16456,CUST_1242,2023-10-29,49.93
TXN_16457,CUST_1243,2023-09-25,236.49
TXN_16458,CUST_1244,2023-07-09,87.69
TXN_16459,CUST_1244,2023-09-06,86.6
TXN_16460,CUST_1244,2023-06-14,102.8
TXN_16461,CUST_1244,2023-09-05,91.84
TXN_16462,CUST_1245,2023-03-29,119.74
TXN_16463,CUST_1245,2023-11-03,86.74
TXN_16464,CUST_1245,2023-04-17,232.62
TXN_16465,CUST_1245,2023-04-07,27.17
TXN_16466,CUST_1246,2023-07-30,172.65
TXN_16467,CUST_1246,2023-07-09,205.78
TXN_16468,CUST_1246,2023-07-31,175.31
TXN_16469,CUST_1246,2023-04-24,246.15
TXN_16470,CUST_1246,2023-05-21,62.65
TXN_16471,CUST_1246,2023-03-31,177.99
TXN_16472,CUST_1246,2023-11-18,57.0
TXN_16473,CUST_1246,2023-03-04,222.16
TXN_16474,CUST_1246,2023-11-06,79.95
TXN_16475,CUST_1246,2023-04-13,170.14
TXN_16476,CUST_1246,2023-04-06,221.13
TXN_16477,CUST_1246,2023-03-07,23.93
TXN_16478,CUST_1246,2023-03-20,82.23
TXN_16479,CUST_1246,2023-03-08,30.44
TXN_16480,CUST_1247,2023-10-29,44.95
TXN_16481,CUST_1247,2023-10-31,53.63
TXN_16482,CUST_1247,2023-11-17,243.81
TXN_16483,CUST_1247,2023-10-31,163.61
TXN_16484,CUST_1247,2023-10-29,47.54
TXN_16485,CUST_1247,2023-12-31,45.45
TXN_16486,CUST_1247,2023-10-18,122.91
TXN_16487,CUST_1247,2023-11-11,98.41
TXN_16488,CUST_1247,2023-10-20,207.46
TXN_16489,CUST_1247,2023-10-26,60.67
TXN_16490,CUST_1247,2023-10-26,65.42
TXN_16491,CUST_1247,2023-11-02,172.05
TXN_16492,CUST_1247,2023-11-25,68.48
TXN_16493,CUST_1248,2023-06-28,68.6
TXN_16494,CUST_1249,2023-12-17,49.24
TXN_16495,CUST_1250,2023-01-19,108.97
TXN_16496,CUST_1250,2023-02-04,174.84
TXN_16497,CUST_1250,2023-03-02,49.55
TXN_16498,CUST_1250,2023-02-28,67.73
TXN_16499,CUST_1250,2023-07-16,246.09
TXN_16500,CUST_1250,2023-01-11,177.15
TXN_16501,CUST_1250,2023-02-13,30.61
TXN_16502,CUST_1250,2023-01-09,222.04
TXN_16503,CUST_1250,2023-02-28,248.72
TXN_16504,CUST_1250,2023-03-18,59.09
TXN_16505,CUST_1251,2023-11-22,170.03
TXN_16506,CUST_1251,2023-11-18,146.75
TXN_16507,CUST_1251,2023-11-18,64.73
TXN_16508,CUST_1252,2023-11-10,172.76
TXN_16509,CUST_1253,2023-10-19,217.67
TXN_16510,CUST_1253,2023-09-29,116.02
TXN_16511,CUST_1253,2023-10-23,146.58
TXN_16512,CUST_1253,2023-12-31,114.9
TXN_16513,CUST_1253,2023-09-11,125.9
TXN_16514,CUST_1253,2023-09-14,146.89
TXN_16515,CUST_1253,2023-09-09,238.24
TXN_16516,CUST_1253,2023-11-20,51.56
TXN_16517,CUST_1254,2023-11-29,196.63
TXN_16518,CUST_1255,2023-09-14,143.2
TXN_16519,CUST_1256,2023-11-24,184.08
TXN_16520,CUST_1256,2023-12-31,77.07
TXN_16521,CUST_1256,2023-11-25,126.76
TXN_16522,CUST_1256,2023-12-17,144.71
TXN_16523,CUST_1256,2023-11-24,243.95
TXN_16524,CUST_1256,2023-12-15,45.92
TXN_16525,CUST_1256,2023-12-25,120.91
TXN_16526,CUST_1256,2023-11-29,123.35
TXN_16527,CUST_1256,2023-12-16,169.98
TXN_16528,CUST_1256,2023-11-24,240.04
TXN_16529,CUST_1256,2023-11-25,190.21
TXN_16530,CUST_1256,2023-12-06,59.07
TXN_16531,CUST_1257,2023-09-22,113.63
TXN_16532,CUST_1258,2023-11-29,135.96
TXN_16533,CUST_1258,2023-10-27,85.13
TXN_16534,CUST_1258,2023-09-28,91.28
TXN_16535,CUST_1258,2023-09-10,112.99
TXN_16536,CUST_1258,2023-10-31,107.82
TXN_16537,CUST_1258,2023-10-16,193.27
TXN_16538,CUST_1258,2023-09-21,202.42
TXN_16539,CUST_1258,2023-09-22,75.19
TXN_16540,CUST_1258,2023-09-15,61.98
TXN_16541,CUST_1258,2023-10-27,223.56
TXN_16542,CUST_1258,2023-09-16,35.03
TXN_16543,CUST_1259,2023-10-11,101.6
TXN_16544,CUST_1260,2023-09-11,106.28
TXN_16545,CUST_1260,2023-12-31,195.5
TXN_16546,CUST_1260,2023-08-27,105.28
TXN_16547,CUST_1260,2023-09-21,159.05
TXN_16548,CUST_1260,2023-09-14,205.38
TXN_16549,CUST_1260,2023-10-22,133.71
TXN_16550,CUST_1260,2023-11-12,191.51
TXN_16551,CUST_1261,2023-06-27,117.51
TXN_16552,CUST_1261,2023-04-06,28.93
TXN_16553,CUST_1261,2023-04-17,123.1
TXN_16554,CUST_1261,2023-07-01,166.8
TXN_16555,CUST_1261,2023-12-25,38.59
TXN_16556,CUST_1261,2023-04-17,128.17
TXN_16557,CUST_1261,2023-06-26,131.43
TXN_16558,CUST_1261,2023-11-05,158.04
TXN_16559,CUST_1261,2023-03-12,41.71
TXN_16560,CUST_1261,2023-07-25,183.21
TXN_16561,CUST_1261,2023-03-24,28.84
TXN_16562,CUST_1261,2023-06-01,164.4
TXN_16563,CUST_1261,2023-03-22,126.3
TXN_16564,CUST_1262,2023-11-27,66.51
TXN_16565,CUST_1263,2023-07-09,28.72
TXN_16566,CUST_1263,2023-04-28,240.95
TXN_16567,CUST_1263,2023-06-14,103.91
TXN_16568,CUST_1263,2023-08-13,138.26
TXN_16569,CUST_1263,2023-04-08,188.02
TXN_16570,CUST_1263,2023-08-02,53.81
TXN_16571,CUST_1263,2023-12-31,67.62
TXN_16572,CUST_1263,2023-05-31,41.96
TXN_16573,CUST_1263,2023-06-28,103.23
TXN_16574,CUST_1263,2023-05-15,209.34
TXN_16575,CUST_1263,2023-04-07,202.52
TXN_16576,CUST_1263,2023-06-21,246.73
TXN_16577,CUST_1264,2023-06-16,167.54
TXN_16578,CUST_1264,2023-05-05,102.41
TXN_16579,CUST_1264,2023-04-09,216.39
TXN_16580,CUST_1264,2023-06-22,34.65
TXN_16581,CUST_1265,2023-11-27,228.74
TXN_16582,CUST_1265,2023-09-29,210.29
TXN_16583,CUST_1265,2023-11-01,241.25
TXN_16584,CUST_1265,2023-10-19,35.01
TXN_16585,CUST_1265,2023-10-21,176.35
TXN_16586,CUST_1265,2023-09-29,107.62
TXN_16587,CUST_1265,2023-10-21,102.91
TXN_16588,CUST_1265,2023-10-06,46.28
TXN_16589,CUST_1265,2023-12-25,191.37
TXN_16590,CUST_1265,2023-09-21,194.92
TXN_16591,CUST_1265,2023-11-05,17.29
TXN_16592,CUST_1265,2023-10-06,157.59
TXN_16593,CUST_1265,2023-10-11,197.83
TXN_16594,CUST_1266,2023-10-22,173.33
TXN_16595,CUST_1266,2023-12-17,91.12
TXN_16596,CUST_1266,2023-12-13,133.77
TXN_16597,CUST_1266,2023-10-27,225.68
TXN_16598,CUST_1266,2023-10-18,21.58
TXN_16599,CUST_1266,2023-11-09,202.24
TXN_16600,CUST_1266,2023-11-21,33.68
TXN_16601,CUST_1266,2023-12-31,180.22
TXN_16602,CUST_1267,2023-06-07,45.12
TXN_16603,CUST_1267,2023-08-30,160.01
TXN_16604,CUST_1267,2023-04-19,102.89
TXN_16605,CUST_1268,2023-12-31,82.02
TXN_16606,CUST_1268,2023-04-11,193.38
TXN_16607,CUST_1268,2023-11-29,156.17
TXN_16608,CUST_1269,2023-10-30,150.4
TXN_16609,CUST_1269,2023-06-06,76.55
TXN_16610,CUST_1269,2023-06-16,150.34
TXN_16611,CUST_1269,2023-05-06,247.81
TXN_16612,CUST_1269,2023-10-09,191.15
TXN_16613,CUST_1270,2023-11-26,85.49
TXN_16614,CUST_1270,2023-10-18,41.63
TXN_16615,CUST_1270,2023-11-13,249.44
TXN_16616,CUST_1271,2023-07-24,136.46
TXN_16617,CUST_1271,2023-10-26,247.55
TXN_16618,CUST_1271,2023-05-10,45.54
TXN_16619,CUST_1271,2023-05-11,175.08
TXN_16620,CUST_1271,2023-06-07,187.33
TXN_16621,CUST_1272,2023-11-03,110.14
TXN_16622,CUST_1272,2023-12-31,52.14
TXN_16623,CUST_1272,2023-11-21,70.74
TXN_16624,CUST_1272,2023-11-12,203.12
TXN_16625,CUST_1272,2023-11-12,204.29
TXN_16626,CUST_1272,2023-11-09,249.85
TXN_16627,CUST_1272,2023-11-10,50.1
TXN_16628,CUST_1272,2023-11-08,189.51
TXN_16629,CUST_1272,2023-12-07,123.12
TXN_16630,CUST_1272,2023-11-16,213.55
TXN_16631,CUST_1273,2023-07-01,59.88
TXN_16632,CUST_1273,2023-08-01,173.04
TXN_16633,CUST_1273,2023-06-17,66.95
TXN_16634,CUST_1273,2023-07-24,92.79
TXN_16635,CUST_1274,2023-10-22,207.29
TXN_16636,CUST_1274,2023-12-31,81.2
TXN_16637,CUST_1274,2023-07-24,227.18
TXN_16638,CUST_1274,2023-07-17,143.76
TXN_16639,CUST_1274,2023-09-13,78.89
TXN_16640,CUST_1274,2023-12-18,171.44
TXN_16641,CUST_1274,2023-07-03,46.9
TXN_16642,CUST_1274,2023-07-13,72.56
TXN_16643,CUST_1275,2023-09-01,248.63
TXN_16644,CUST_1275,2023-08-16,153.7
TXN_16645,CUST_1275,2023-10-04,234.57
TXN_16646,CUST_1275,2023-10-21,166.3
TXN_16647,CUST_1275,2023-08-16,102.83
TXN_16648,CUST_1275,2023-08-18,222.08
TXN_16649,CUST_1275,2023-10-15,193.02
TXN_16650,CUST_1276,2023-11-20,218.73
TXN_16651,CUST_1276,2023-11-24,154.49
TXN_16652,CUST_1276,2023-11-07,80.31
TXN_16653,CUST_1276,2023-11-19,153.02
TXN_16654,CUST_1276,2023-11-24,183.31
TXN_16655,CUST_1276,2023-11-26,214.42
TXN_16656,CUST_1276,2023-11-13,165.77
TXN_16657,CUST_1276,2023-11-07,127.84
TXN_16658,CUST_1277,2023-03-05,98.35
TXN_16659,CUST_1278,2023-12-03,248.74
TXN_16660,CUST_1279,2023-11-04,143.73
TXN_16661,CUST_1280,2023-06-16,65.73
TXN_16662,CUST_1281,2023-06-23,93.51
TXN_16663,CUST_1281,2023-07-26,39.07
TXN_16664,CUST_1281,2023-08-12,91.41
TXN_16665,CUST_1281,2023-08-10,210.99
TXN_16666,CUST_1281,2023-06-13,233.76
TXN_16667,CUST_1281,2023-07-23,231.89
TXN_16668,CUST_1281,2023-06-16,157.07
TXN_16669,CUST_1281,2023-07-06,196.94
TXN_16670,CUST_1281,2023-08-05,131.21
TXN_16671,CUST_1281,2023-11-21,103.62
TXN_16672,CUST_1281,2023-06-17,157.9
TXN_16673,CUST_1281,2023-08-08,118.19
TXN_16674,CUST_1281,2023-07-17,240.5
TXN_16675,CUST_1282,2023-08-21,50.89
TXN_16676,CUST_1282,2023-05-07,38.6
TXN_16677,CUST_1282,2023-09-18,90.98
TXN_16678,CUST_1282,2023-05-19,91.11
TXN_16679,CUST_1282,2023-04-29,190.62
TXN_16680,CUST_1282,2023-08-01,136.68
TXN_16681,CUST_1282,2023-07-04,135.24
TXN_16682,CUST_1282,2023-03-28,30.51
TXN_16683,CUST_1282,2023-05-10,191.19
TXN_16684,CUST_1282,2023-11-09,21.98
TXN_16685,CUST_1283,2023-06-14,206.57
TXN_16686,CUST_1284,2023-08-04,186.96
TXN_16687,CUST_1284,2023-05-08,116.92
TXN_16688,CUST_1284,2023-07-12,21.13
TXN_16689,CUST_1284,2023-06-04,51.42
TXN_16690,CUST_1284,2023-06-26,213.09
TXN_16691,CUST_1284,2023-06-23,23.46
TXN_16692,CUST_1284,2023-04-24,157.29
TXN_16693,CUST_1285,2023-05-09,53.45
TXN_16694,CUST_1286,2023-12-09,86.46
TXN_16695,CUST_1286,2023-11-09,80.57
TXN_16696,CUST_1286,2023-11-19,43.32
TXN_16697,CUST_1286,2023-11-19,118.34
TXN_16698,CUST_1286,2023-12-02,188.65
TXN_16699,CUST_1286,2023-10-24,227.33
TXN_16700,CUST_1287,2023-12-31,195.29
TXN_16701,CUST_1288,2023-04-06,124.92
TXN_16702,CUST_1288,2023-05-03,144.37
TXN_16703,CUST_1288,2023-07-16,175.91
TXN_16704,CUST_1288,2023-05-30,124.12
TXN_16705,CUST_1288,2023-05-09,217.55
TXN_16706,CUST_1289,2023-02-07,189.68
TXN_16707,CUST_1290,2023-12-07,92.05
TXN_16708,CUST_1291,2023-08-07,195.84
TXN_16709,CUST_1291,2023-08-02,224.51
TXN_16710,CUST_1291,2023-07-20,211.34
TXN_16711,CUST_1291,2023-07-21,28.19
TXN_16712,CUST_1291,2023-08-10,239.79
TXN_16713,CUST_1291,2023-12-31,62.49
TXN_16714,CUST_1291,2023-07-25,97.94
TXN_16715,CUST_1291,2023-08-08,193.5
TXN_16716,CUST_1291,2023-08-17,198.27
TXN_16717,CUST_1291,2023-10-01,150.9
TXN_16718,CUST_1291,2023-10-24,60.98
TXN_16719,CUST_1292,2023-06-23,72.53
TXN_16720,CUST_1293,2023-12-06,161.39
TXN_16721,CUST_1294,2023-08-22,223.92
TXN_16722,CUST_1294,2023-08-17,80.15
TXN_16723,CUST_1295,2023-06-19,192.42
TXN_16724,CUST_1295,2023-11-29,189.84
TXN_16725,CUST_1295,2023-05-29,147.03
TXN_16726,CUST_1295,2023-11-13,120.54
TXN_16727,CUST_1295,2023-07-31,124.4
TXN_16728,CUST_1295,2023-05-09,28.77
TXN_16729,CUST_1295,2023-12-31,158.95
TXN_16730,CUST_1295,2023-05-07,216.5
TXN_16731,CUST_1295,2023-06-28,196.4
TXN_16732,CUST_1295,2023-05-10,228.12
TXN_16733,CUST_1296,2023-02-20,116.28
TXN_16734,CUST_1296,2023-03-07,222.78
TXN_16735,CUST_1296,2023-07-17,162.08
TXN_16736,CUST_1296,2023-03-08,179.66
TXN_16737,CUST_1296,2023-08-21,154.79
TXN_16738,CUST_1296,2023-07-15,191.04
TXN_16739,CUST_1296,2023-04-27,88.36
TXN_16740,CUST_1296,2023-06-26,63.6
TXN_16741,CUST_1296,2023-07-12,204.07
TXN_16742,CUST_1296,2023-08-06,126.14
TXN_16743,CUST_1296,2023-02-13,38.44
TXN_16744,CUST_1296,2023-06-25,223.27
TXN_16745,CUST_1296,2023-05-21,48.88
TXN_16746,CUST_1296,2023-11-30,247.44
TXN_16747,CUST_1297,2023-12-01,36.48
TXN_16748,CUST_1297,2023-10-15,35.87
TXN_16749,CUST_1297,2023-10-10,44.8
TXN_16750,CUST_1298,2023-10-25,74.99
TXN_16751,CUST_1299,2023-10-20,27.92
TXN_16752,CUST_1300,2023-08-19,219.93
TXN_16753,CUST_1301,2023-08-27,28.19
TXN_16754,CUST_1301,2023-10-31,160.75
TXN_16755,CUST_1301,2023-12-31,74.28
TXN_16756,CUST_1301,2023-08-17,130.72
TXN_16757,CUST_1301,2023-08-18,76.52
TXN_16758,CUST_1301,2023-08-20,67.67
TXN_16759,CUST_1301,2023-08-19,239.17
TXN_16760,CUST_1301,2023-08-29,119.32
TXN_16761,CUST_1301,2023-11-28,174.17
TXN_16762,CUST_1301,2023-09-27,180.81
TXN_16763,CUST_1301,2023-11-03,221.25
TXN_16764,CUST_1301,2023-09-30,224.15
TXN_16765,CUST_1302,2023-07-05,93.05
TXN_16766,CUST_1302,2023-06-17,75.79
TXN_16767,CUST_1302,2023-07-07,18.78
TXN_16768,CUST_1302,2023-03-11,72.58
TXN_16769,CUST_1303,2023-12-21,99.28
TXN_16770,CUST_1303,2023-12-21,194.1
TXN_16771,CUST_1303,2023-12-23,226.66
TXN_16772,CUST_1303,2023-12-21,78.78
TXN_16773,CUST_1303,2023-12-25,173.66
TXN_16774,CUST_1303,2023-12-21,154.99
TXN_16775,CUST_1303,2023-12-26,22.84
TXN_16776,CUST_1303,2023-12-25,74.24
TXN_16777,CUST_1303,2023-12-30,141.48
TXN_16778,CUST_1303,2023-12-21,109.81
TXN_16779,CUST_1303,2023-12-31,186.64
TXN_16780,CUST_1303,2023-12-22,150.19
TXN_16781,CUST_1303,2023-12-24,20.49
TXN_16782,CUST_1303,2023-12-21,144.67
TXN_16783,CUST_1304,2023-12-19,129.91
TXN_16784,CUST_1304,2023-12-10,52.99
TXN_16785,CUST_1305,2023-12-30,34.76
TXN_16786,CUST_1305,2023-12-30,111.0
TXN_16787,CUST_1305,2023-12-30,93.06
TXN_16788,CUST_1306,2023-10-12,74.63
TXN_16789,CUST_1306,2023-10-10,77.95
TXN_16790,CUST_1306,2023-10-21,30.08
TXN_16791,CUST_1306,2023-12-04,135.71
TXN_16792,CUST_1306,2023-11-01,102.25
TXN_16793,CUST_1306,2023-11-07,116.47
TXN_16794,CUST_1306,2023-11-16,208.03
TXN_16795,CUST_1306,2023-11-07,130.46
TXN_16796,CUST_1306,2023-11-19,131.16
TXN_16797,CUST_1307,2023-04-02,237.92
TXN_16798,CUST_1308,2023-10-20,72.98
TXN_16799,CUST_1309,2023-06-18,188.25
TXN_16800,CUST_1309,2023-08-26,142.62
TXN_16801,CUST_1309,2023-08-03,39.86
TXN_16802,CUST_1309,2023-07-16,35.34
TXN_16803,CUST_1309,2023-07-02,226.57
TXN_16804,CUST_1309,2023-08-04,189.54
TXN_16805,CUST_1309,2023-08-04,60.65
TXN_16806,CUST_1310,2023-06-24,21.73
TXN_16807,CUST_1310,2023-07-17,111.69
TXN_16808,CUST_1311,2023-04-04,196.25
TXN_16809,CUST_1311,2023-10-20,194.22
TXN_16810,CUST_1311,2023-09-07,228.56
TXN_16811,CUST_1311,2023-11-03,41.94
TXN_16812,CUST_1311,2023-05-01,15.07
TXN_16813,CUST_1311,2023-05-11,232.2
TXN_16814,CUST_1311,2023-03-22,165.35
TXN_16815,CUST_1311,2023-06-13,52.68
TXN_16816,CUST_1311,2023-03-27,123.58
TXN_16817,CUST_1311,2023-03-21,152.47
TXN_16818,CUST_1311,2023-05-06,137.01
TXN_16819,CUST_1311,2023-03-14,136.55
TXN_16820,CUST_1311,2023-03-05,222.16
TXN_16821,CUST_1312,2023-11-08,179.89
TXN_16822,CUST_1313,2023-05-28,110.58
TXN_16823,CUST_1313,2023-05-09,230.91
TXN_16824,CUST_1313,2023-06-15,247.31
TXN_16825,CUST_1313,2023-08-29,33.92
TXN_16826,CUST_1313,2023-08-01,78.65
TXN_16827,CUST_1313,2023-05-30,75.29
TXN_16828,CUST_1313,2023-11-19,132.5
TXN_16829,CUST_1314,2023-11-14,208.27
TXN_16830,CUST_1314,2023-08-18,102.91
TXN_16831,CUST_1314,2023-10-01,168.25
TXN_16832,CUST_1314,2023-11-12,47.96
TXN_16833,CUST_1314,2023-09-07,37.85
TXN_16834,CUST_1314,2023-09-04,18.55
TXN_16835,CUST_1314,2023-11-27,138.86
TXN_16836,CUST_1314,2023-11-09,29.08
TXN_16837,CUST_1314,2023-08-24,75.95
TXN_16838,CUST_1314,2023-09-03,203.67
TXN_16839,CUST_1314,2023-09-03,63.09
TXN_16840,CUST_1314,2023-08-15,33.68
TXN_16841,CUST_1314,2023-10-18,119.53
TXN_16842,CUST_1315,2023-08-17,32.38
TXN_16843,CUST_1315,2023-11-17,56.01
TXN_16844,CUST_1315,2023-09-17,166.33
TXN_16845,CUST_1315,2023-08-14,246.63
TXN_16846,CUST_1315,2023-07-31,157.85
TXN_16847,CUST_1315,2023-08-30,72.69
TXN_16848,CUST_1315,2023-08-06,188.21
TXN_16849,CUST_1315,2023-12-03,40.27
TXN_16850,CUST_1315,2023-08-08,246.77
TXN_16851,CUST_1315,2023-07-28,134.44
TXN_16852,CUST_1315,2023-09-03,76.84
TXN_16853,CUST_1315,2023-09-22,237.06
TXN_16854,CUST_1315,2023-08-28,191.11
TXN_16855,CUST_1315,2023-09-20,126.14
TXN_16856,CUST_1316,2023-08-15,100.36
TXN_16857,CUST_1317,2023-12-29,196.77
TXN_16858,CUST_1318,2023-04-07,133.69
TXN_16859,CUST_1318,2023-01-31,62.45
TXN_16860,CUST_1318,2023-03-16,111.07
TXN_16861,CUST_1318,2023-02-27,49.91
TXN_16862,CUST_1318,2023-01-14,243.01
TXN_16863,CUST_1319,2023-01-13,148.24
TXN_16864,CUST_1319,2023-06-15,74.54
TXN_16865,CUST_1319,2023-02-08,29.18
TXN_16866,CUST_1320,2023-06-04,133.72
TXN_16867,CUST_1321,2023-12-31,169.17
TXN_16868,CUST_1322,2023-10-22,42.78
TXN_16869,CUST_1322,2023-10-13,119.77
TXN_16870,CUST_1322,2023-10-19,124.9
TXN_16871,CUST_1322,2023-10-23,166.45
TXN_16872,CUST_1322,2023-12-24,40.35
TXN_16873,CUST_1322,2023-10-10,215.41
TXN_16874,CUST_1322,2023-10-27,195.11
TXN_16875,CUST_1322,2023-10-14,209.78
TXN_16876,CUST_1322,2023-12-19,164.34
TXN_16877,CUST_1322,2023-10-11,225.39
TXN_16878,CUST_1322,2023-11-21,191.46
TXN_16879,CUST_1322,2023-10-09,202.76
TXN_16880,CUST_1322,2023-10-12,67.26
TXN_16881,CUST_1323,2023-12-25,171.99
TXN_16882,CUST_1323,2023-12-31,92.42
TXN_16883,CUST_1323,2023-12-26,196.22
TXN_16884,CUST_1323,2023-12-26,232.62
TXN_16885,CUST_1323,2023-12-26,96.72
TXN_16886,CUST_1324,2023-07-21,245.66
TXN_16887,CUST_1324,2023-09-11,132.67
TXN_16888,CUST_1324,2023-08-15,141.75
TXN_16889,CUST_1324,2023-08-15,99.58
TXN_16890,CUST_1324,2023-08-23,79.86
TXN_16891,CUST_1324,2023-07-30,145.8
TXN_16892,CUST_1324,2023-10-29,50.91
TXN_16893,CUST_1324,2023-07-21,73.0
TXN_16894,CUST_1324,2023-12-31,209.76
TXN_16895,CUST_1324,2023-09-07,233.37
TXN_16896,CUST_1324,2023-08-21,246.07
TXN_16897,CUST_1324,2023-08-08,71.47
TXN_16898,CUST_1324,2023-09-13,103.87
TXN_16899,CUST_1324,2023-09-11,86.67
TXN_16900,CUST_1325,2023-10-09,78.06
TXN_16901,CUST_1325,2023-09-22,145.01
TXN_16902,CUST_1325,2023-12-24,166.03
TXN_16903,CUST_1325,2023-09-19,17.46
TXN_16904,CUST_1325,2023-12-31,130.85
TXN_16905,CUST_1325,2023-12-22,144.1
TXN_16906,CUST_1325,2023-10-09,182.3
TXN_16907,CUST_1325,2023-09-18,179.26
TXN_16908,CUST_1325,2023-10-02,173.03
TXN_16909,CUST_1325,2023-11-13,58.29
TXN_16910,CUST_1325,2023-10-10,27.25
TXN_16911,CUST_1325,2023-09-07,173.53
TXN_16912,CUST_1326,2023-10-31,66.7
TXN_16913,CUST_1327,2023-08-29,73.44
TXN_16914,CUST_1328,2023-01-12,201.14
TXN_16915,CUST_1328,2023-06-13,226.97
TXN_16916,CUST_1328,2023-02-05,122.23
TXN_16917,CUST_1328,2023-01-28,102.24
TXN_16918,CUST_1328,2023-04-02,27.53
TXN_16919,CUST_1328,2023-06-03,142.67
TXN_16920,CUST_1328,2023-08-04,78.87
TXN_16921,CUST_1328,2023-10-12,249.69
TXN_16922,CUST_1328,2023-11-02,197.8
TXN_16923,CUST_1329,2023-06-17,174.1
TXN_16924,CUST_1329,2023-08-29,246.57
TXN_16925,CUST_1329,2023-07-27,78.77
TXN_16926,CUST_1329,2023-08-22,245.15
TXN_16927,CUST_1329,2023-06-16,91.61
TXN_16928,CUST_1329,2023-07-27,55.0
TXN_16929,CUST_1330,2023-03-16,218.36
TXN_16930,CUST_1331,2023-06-05,194.12
TXN_16931,CUST_1332,2023-04-12,144.46
TXN_16932,CUST_1332,2023-07-29,43.63
TXN_16933,CUST_1332,2023-07-22,120.64
TXN_16934,CUST_1332,2023-09-03,140.39
TXN_16935,CUST_1332,2023-05-14,93.02
TXN_16936,CUST_1332,2023-10-27,121.42
TXN_16937,CUST_1332,2023-05-24,24.37
TXN_16938,CUST_1332,2023-05-18,214.66
TXN_16939,CUST_1333,2023-08-11,133.22
TXN_16940,CUST_1333,2023-09-06,56.11
TXN_16941,CUST_1333,2023-10-08,100.02
TXN_16942,CUST_1333,2023-08-13,93.02
TXN_16943,CUST_1333,2023-09-13,185.72
TXN_16944,CUST_1334,2023-10-23,229.95
TXN_16945,CUST_1334,2023-12-22,175.61
TXN_16946,CUST_1334,2023-10-20,141.21
TXN_16947,CUST_1334,2023-11-12,248.74
TXN_16948,CUST_1334,2023-12-31,216.54
TXN_16949,CUST_1335,2023-12-31,158.98
TXN_16950,CUST_1336,2023-11-24,47.92
TXN_16951,CUST_1336,2023-12-08,116.47
TXN_16952,CUST_1336,2023-12-20,88.31
TXN_16953,CUST_1336,2023-11-22,167.72
TXN_16954,CUST_1336,2023-12-06,145.09
TXN_16955,CUST_1336,2023-12-06,138.08
TXN_16956,CUST_1336,2023-12-07,25.33
TXN_16957,CUST_1336,2023-11-27,64.54
TXN_16958,CUST_1337,2023-06-14,59.96
TXN_16959,CUST_1338,2023-05-11,70.08
TXN_16960,CUST_1338,2023-06-16,120.7
TXN_16961,CUST_1338,2023-11-24,146.6
TXN_16962,CUST_1338,2023-05-11,110.85
TXN_16963,CUST_1338,2023-06-19,241.89
TXN_16964,CUST_1338,2023-07-19,164.38
TXN_16965,CUST_1338,2023-08-14,195.96
TXN_16966,CUST_1339,2023-12-23,187.05
TXN_16967,CUST_1339,2023-12-17,249.19
TXN_16968,CUST_1339,2023-12-19,209.85
TXN_16969,CUST_1339,2023-12-31,50.52
TXN_16970,CUST_1339,2023-12-12,151.43
TXN_16971,CUST_1339,2023-12-10,212.26
TXN_16972,CUST_1339,2023-12-18,184.41
TXN_16973,CUST_1339,2023-12-31,75.95
TXN_16974,CUST_1340,2023-08-21,241.28
TXN_16975,CUST_1340,2023-12-02,53.34
TXN_16976,CUST_1340,2023-02-12,118.04
TXN_16977,CUST_1340,2023-07-01,244.7
TXN_16978,CUST_1340,2023-07-25,151.43
TXN_16979,CUST_1341,2023-12-27,56.63
TXN_16980,CUST_1342,2023-09-03,148.07
TXN_16981,CUST_1343,2023-03-28,35.1
TXN_16982,CUST_1344,2023-01-18,143.31
TXN_16983,CUST_1344,2023-01-26,82.3
TXN_16984,CUST_1344,2023-01-27,216.99
TXN_16985,CUST_1344,2023-04-30,227.0
TXN_16986,CUST_1344,2023-06-01,243.19
TXN_16987,CUST_1344,2023-04-09,165.1
TXN_16988,CUST_1344,2023-04-26,128.8
TXN_16989,CUST_1344,2023-08-21,166.46
TXN_16990,CUST_1344,2023-07-23,199.8
TXN_16991,CUST_1344,2023-02-10,167.79
TXN_16992,CUST_1344,2023-02-11,152.08
TXN_16993,CUST_1344,2023-05-28,249.35
TXN_16994,CUST_1344,2023-01-20,36.44
TXN_16995,CUST_1344,2023-01-26,108.61
TXN_16996,CUST_1345,2023-07-06,231.21
TXN_16997,CUST_1345,2023-11-22,54.63
TXN_16998,CUST_1345,2023-06-18,83.88
TXN_16999,CUST_1345,2023-08-11,221.07
TXN_17000,CUST_1345,2023-06-22,112.52
TXN_17001,CUST_1345,2023-07-05,18.51
TXN_17002,CUST_1345,2023-09-25,206.12
TXN_17003,CUST_1345,2023-06-30,50.54
TXN_17004,CUST_1345,2023-06-24,124.03
TXN_17005,CUST_1345,2023-07-02,135.17
TXN_17006,CUST_1345,2023-07-16,64.56
TXN_17007,CUST_1345,2023-09-14,50.34
TXN_17008,CUST_1345,2023-09-28,146.94
TXN_17009,CUST_1346,2023-09-07,27.11
TXN_17010,CUST_1346,2023-12-30,180.14
TXN_17011,CUST_1346,2023-06-29,90.16
TXN_17012,CUST_1346,2023-10-19,227.17
TXN_17013,CUST_1346,2023-11-05,205.05
TXN_17014,CUST_1347,2023-06-12,199.68
TXN_17015,CUST_1347,2023-08-05,97.32
TXN_17016,CUST_1348,2023-07-25,132.5
TXN_17017,CUST_1349,2023-06-17,127.5
TXN_17018,CUST_1349,2023-05-13,220.91
TXN_17019,CUST_1349,2023-06-27,218.69
TXN_17020,CUST_1349,2023-05-22,55.5
TXN_17021,CUST_1349,2023-04-28,37.06
TXN_17022,CUST_1350,2023-12-28,225.77
TXN_17023,CUST_1351,2023-12-09,175.12
TXN_17024,CUST_1351,2023-12-27,141.59
TXN_17025,CUST_1351,2023-12-24,44.34
TXN_17026,CUST_1351,2023-12-13,122.4
TXN_17027,CUST_1351,2023-12-08,119.17
TXN_17028,CUST_1351,2023-12-11,172.4
TXN_17029,CUST_1351,2023-12-29,35.16
TXN_17030,CUST_1351,2023-12-11,119.36
TXN_17031,CUST_1351,2023-12-12,197.08
TXN_17032,CUST_1351,2023-12-12,21.38
TXN_17033,CUST_1352,2023-03-16,232.82
TXN_17034,CUST_1352,2023-04-15,167.01
TXN_17035,CUST_1352,2023-03-23,59.3
TXN_17036,CUST_1352,2023-02-24,203.63
TXN_17037,CUST_1352,2023-10-06,130.87
TXN_17038,CUST_1352,2023-03-17,204.84
TXN_17039,CUST_1352,2023-06-01,24.61
TXN_17040,CUST_1352,2023-03-16,175.31
TXN_17041,CUST_1352,2023-05-03,244.85
TXN_17042,CUST_1352,2023-09-10,29.04
TXN_17043,CUST_1352,2023-06-21,94.04
TXN_17044,CUST_1352,2023-06-05,160.05
TXN_17045,CUST_1352,2023-04-15,215.44
TXN_17046,CUST_1352,2023-06-14,224.05
TXN_17047,CUST_1353,2023-11-16,161.16
TXN_17048,CUST_1354,2023-10-14,119.78
TXN_17049,CUST_1354,2023-11-03,203.23
TXN_17050,CUST_1354,2023-11-16,241.7
TXN_17051,CUST_1354,2023-11-22,85.18
TXN_17052,CUST_1354,2023-11-09,172.98
TXN_17053,CUST_1354,2023-12-31,47.6
TXN_17054,CUST_1354,2023-10-19,51.55
TXN_17055,CUST_1354,2023-11-06,46.8
TXN_17056,CUST_1354,2023-11-10,203.89
TXN_17057,CUST_1354,2023-10-28,146.76
TXN_17058,CUST_1354,2023-12-16,148.85
TXN_17059,CUST_1354,2023-10-20,95.65
TXN_17060,CUST_1355,2023-06-24,169.29
TXN_17061,CUST_1355,2023-05-27,117.21
TXN_17062,CUST_1355,2023-07-29,105.57
TXN_17063,CUST_1355,2023-06-17,15.23
TXN_17064,CUST_1355,2023-09-16,223.99
TXN_17065,CUST_1355,2023-12-31,184.03
TXN_17066,CUST_1355,2023-07-14,78.28
TXN_17067,CUST_1355,2023-12-31,153.59
TXN_17068,CUST_1355,2023-08-10,175.37
TXN_17069,CUST_1355,2023-10-04,17.27
TXN_17070,CUST_1355,2023-06-02,171.4
TXN_17071,CUST_1356,2023-08-19,177.64
TXN_17072,CUST_1356,2023-08-17,27.67
TXN_17073,CUST_1356,2023-09-22,136.81
TXN_17074,CUST_1356,2023-10-15,196.57
TXN_17075,CUST_1356,2023-12-31,28.4
TXN_17076,CUST_1356,2023-08-08,246.99
TXN_17077,CUST_1356,2023-09-26,183.11
TXN_17078,CUST_1357,2023-06-21,52.66
TXN_17079,CUST_1358,2023-11-25,149.35
TXN_17080,CUST_1358,2023-04-17,60.36
TXN_17081,CUST_1358,2023-12-31,60.97
TXN_17082,CUST_1358,2023-06-30,113.73
TXN_17083,CUST_1358,2023-10-17,192.46
TXN_17084,CUST_1358,2023-06-27,17.52
TXN_17085,CUST_1358,2023-10-13,119.5
TXN_17086,CUST_1358,2023-12-02,131.45
TXN_17087,CUST_1358,2023-07-22,31.28
TXN_17088,CUST_1358,2023-08-07,94.43
TXN_17089,CUST_1358,2023-05-16,42.88
TXN_17090,CUST_1359,2023-10-01,92.13
TXN_17091,CUST_1360,2023-09-22,184.87
TXN_17092,CUST_1360,2023-12-31,217.53
TXN_17093,CUST_1360,2023-09-03,184.15
TXN_17094,CUST_1360,2023-09-08,175.62
TXN_17095,CUST_1360,2023-10-10,79.02
TXN_17096,CUST_1361,2023-11-07,26.88
TXN_17097,CUST_1362,2023-08-04,191.5
TXN_17098,CUST_1362,2023-08-07,35.32
TXN_17099,CUST_1362,2023-09-15,210.81
TXN_17100,CUST_1362,2023-11-18,149.42
TXN_17101,CUST_1362,2023-09-19,191.73
TXN_17102,CUST_1362,2023-07-02,53.59
TXN_17103,CUST_1362,2023-06-26,90.18
TXN_17104,CUST_1362,2023-08-02,249.51
TXN_17105,CUST_1362,2023-07-28,185.67
TXN_17106,CUST_1363,2023-10-05,235.73
TXN_17107,CUST_1363,2023-09-10,133.94
TXN_17108,CUST_1363,2023-07-25,173.12
TXN_17109,CUST_1363,2023-12-31,126.91
TXN_17110,CUST_1363,2023-07-19,39.29
TXN_17111,CUST_1363,2023-07-27,148.82
TXN_17112,CUST_1363,2023-12-27,85.3
TXN_17113,CUST_1363,2023-07-30,128.08
TXN_17114,CUST_1363,2023-12-02,113.48
TXN_17115,CUST_1363,2023-07-23,53.34
TXN_17116,CUST_1363,2023-08-13,203.16
TXN_17117,CUST_1363,2023-07-29,135.44
TXN_17118,CUST_1364,2023-05-18,173.44
TXN_17119,CUST_1364,2023-08-03,168.34
TXN_17120,CUST_1364,2023-06-14,38.54
TXN_17121,CUST_1364,2023-11-14,134.32
TXN_17122,CUST_1364,2023-06-13,153.37
TXN_17123,CUST_1364,2023-05-19,46.15
TXN_17124,CUST_1364,2023-06-13,68.4
TXN_17125,CUST_1364,2023-05-24,224.74
TXN_17126,CUST_1364,2023-07-02,128.62
TXN_17127,CUST_1364,2023-08-04,238.61
TXN_17128,CUST_1364,2023-05-11,210.88
TXN_17129,CUST_1364,2023-07-12,49.35
TXN_17130,CUST_1365,2023-04-26,177.43
TXN_17131,CUST_1366,2023-05-20,175.9
TXN_17132,CUST_1367,2023-08-14,102.46
TXN_17133,CUST_1367,2023-09-21,100.51
TXN_17134,CUST_1367,2023-06-15,198.11
TXN_17135,CUST_1367,2023-07-01,222.95
TXN_17136,CUST_1368,2023-11-08,55.07
TXN_17137,CUST_1368,2023-12-11,218.96
TXN_17138,CUST_1369,2023-12-29,83.17
TXN_17139,CUST_1369,2023-12-29,15.77
TXN_17140,CUST_1369,2023-12-29,88.11
TXN_17141,CUST_1369,2023-12-29,42.47
TXN_17142,CUST_1369,2023-12-29,211.35
TXN_17143,CUST_1369,2023-12-29,128.77
TXN_17144,CUST_1369,2023-12-30,21.94
TXN_17145,CUST_1370,2023-10-19,162.65
TXN_17146,CUST_1371,2023-11-04,25.04
TXN_17147,CUST_1371,2023-11-13,183.83
TXN_17148,CUST_1371,2023-11-07,166.92
TXN_17149,CUST_1371,2023-11-25,74.97
TXN_17150,CUST_1371,2023-11-20,175.94
TXN_17151,CUST_1371,2023-11-15,94.13
TXN_17152,CUST_1371,2023-11-21,244.79
TXN_17153,CUST_1371,2023-11-13,107.06
TXN_17154,CUST_1372,2023-08-25,158.47
TXN_17155,CUST_1372,2023-08-12,106.24
TXN_17156,CUST_1372,2023-08-06,247.54
TXN_17157,CUST_1372,2023-09-22,116.18
TXN_17158,CUST_1372,2023-08-06,132.41
TXN_17159,CUST_1373,2023-11-06,80.32
TXN_17160,CUST_1373,2023-11-04,117.61
TXN_17161,CUST_1373,2023-10-26,179.59
TXN_17162,CUST_1373,2023-10-22,27.47
TXN_17163,CUST_1373,2023-11-23,171.49
TXN_17164,CUST_1373,2023-11-04,124.93
TXN_17165,CUST_1373,2023-11-04,117.7
TXN_17166,CUST_1373,2023-10-31,132.43
TXN_17167,CUST_1373,2023-11-06,177.6
TXN_17168,CUST_1373,2023-11-18,103.74
TXN_17169,CUST_1373,2023-10-31,102.82
TXN_17170,CUST_1374,2023-11-28,42.96
TXN_17171,CUST_1374,2023-10-12,33.85
TXN_17172,CUST_1374,2023-11-30,33.97
TXN_17173,CUST_1374,2023-12-31,99.21
TXN_17174,CUST_1374,2023-10-20,36.53
TXN_17175,CUST_1374,2023-11-02,152.68
TXN_17176,CUST_1375,2023-04-21,167.47
TXN_17177,CUST_1375,2023-03-12,182.97
TXN_17178,CUST_1375,2023-12-31,225.79
TXN_17179,CUST_1375,2023-03-08,91.78
TXN_17180,CUST_1375,2023-03-22,107.72
TXN_17181,CUST_1376,2023-09-09,100.85
TXN_17182,CUST_1377,2023-09-24,247.3
TXN_17183,CUST_1377,2023-11-03,137.29
TXN_17184,CUST_1377,2023-10-10,136.85
TXN_17185,CUST_1377,2023-10-06,161.33
TXN_17186,CUST_1377,2023-09-27,160.96
TXN_17187,CUST_1377,2023-10-04,19.14
TXN_17188,CUST_1377,2023-10-20,150.94
TXN_17189,CUST_1377,2023-10-12,31.99
TXN_17190,CUST_1377,2023-12-06,158.69
TXN_17191,CUST_1377,2023-09-28,135.07
TXN_17192,CUST_1377,2023-10-16,29.19
TXN_17193,CUST_1378,2023-11-23,84.31
TXN_17194,CUST_1378,2023-11-14,59.21
TXN_17195,CUST_1378,2023-10-28,30.82
TXN_17196,CUST_1378,2023-11-23,134.14
TXN_17197,CUST_1379,2023-04-16,98.25
TXN_17198,CUST_1380,2023-06-15,246.5
TXN_17199,CUST_1380,2023-06-18,178.55
TXN_17200,CUST_1380,2023-07-21,73.59
TXN_17201,CUST_1380,2023-08-27,44.59
TXN_17202,CUST_1380,2023-10-21,73.89
TXN_17203,CUST_1380,2023-07-13,163.67
TXN_17204,CUST_1380,2023-06-13,126.1
TXN_17205,CUST_1380,2023-11-10,174.9
TXN_17206,CUST_1380,2023-07-15,170.2
TXN_17207,CUST_1380,2023-12-14,59.13
TXN_17208,CUST_1381,2023-09-17,78.71
TXN_17209,CUST_1381,2023-06-27,243.28
TXN_17210,CUST_1381,2023-05-25,52.71
TXN_17211,CUST_1381,2023-06-22,106.14
TXN_17212,CUST_1381,2023-05-07,223.81
TXN_17213,CUST_1381,2023-12-31,148.62
TXN_17214,CUST_1381,2023-08-26,216.87
TXN_17215,CUST_1381,2023-08-02,25.38
TXN_17216,CUST_1382,2023-07-10,17.32
TXN_17217,CUST_1383,2023-11-02,71.64
TXN_17218,CUST_1384,2023-09-22,79.23
TXN_17219,CUST_1385,2023-09-23,156.56
TXN_17220,CUST_1385,2023-09-24,42.64
TXN_17221,CUST_1385,2023-09-26,111.29
TXN_17222,CUST_1385,2023-11-30,229.32
TXN_17223,CUST_1385,2023-10-21,180.23
TXN_17224,CUST_1385,2023-08-20,34.9
TXN_17225,CUST_1385,2023-11-07,115.35
TXN_17226,CUST_1385,2023-09-11,214.23
TXN_17227,CUST_1385,2023-09-28,57.16
TXN_17228,CUST_1385,2023-08-25,16.5
TXN_17229,CUST_1385,2023-10-11,129.12
TXN_17230,CUST_1385,2023-12-30,182.79
TXN_17231,CUST_1386,2023-11-09,132.91
TXN_17232,CUST_1387,2023-06-14,245.88
TXN_17233,CUST_1387,2023-08-08,150.3
TXN_17234,CUST_1387,2023-09-24,51.45
TXN_17235,CUST_1387,2023-04-09,177.2
TXN_17236,CUST_1388,2023-03-08,190.0
TXN_17237,CUST_1389,2023-07-13,230.59
TXN_17238,CUST_1390,2023-06-18,40.04
TXN_17239,CUST_1391,2023-09-05,35.6
TXN_17240,CUST_1392,2023-04-19,60.18
TXN_17241,CUST_1392,2023-03-29,90.45
TXN_17242,CUST_1392,2023-12-31,36.68
TXN_17243,CUST_1392,2023-04-08,35.2
TXN_17244,CUST_1392,2023-04-10,36.71
TXN_17245,CUST_1392,2023-05-19,118.01
TXN_17246,CUST_1392,2023-03-28,56.08
TXN_17247,CUST_1392,2023-06-15,105.97
TXN_17248,CUST_1393,2023-12-22,110.16
TXN_17249,CUST_1394,2023-10-23,228.57
TXN_17250,CUST_1394,2023-12-30,78.25
TXN_17251,CUST_1394,2023-11-20,71.11
TXN_17252,CUST_1394,2023-11-18,202.39
TXN_17253,CUST_1394,2023-10-23,183.23
TXN_17254,CUST_1395,2023-09-14,36.61
TXN_17255,CUST_1395,2023-10-09,244.85
TXN_17256,CUST_1395,2023-11-12,117.42
TXN_17257,CUST_1395,2023-10-06,80.69
TXN_17258,CUST_1395,2023-09-13,128.29
TXN_17259,CUST_1395,2023-09-30,137.65
TXN_17260,CUST_1395,2023-12-31,156.92
TXN_17261,CUST_1396,2023-07-30,154.95
TXN_17262,CUST_1396,2023-04-24,212.0
TXN_17263,CUST_1397,2023-10-15,33.95
TXN_17264,CUST_1397,2023-08-28,80.99
TXN_17265,CUST_1397,2023-12-31,144.77
TXN_17266,CUST_1397,2023-09-09,46.16
TXN_17267,CUST_1397,2023-12-11,100.16
TXN_17268,CUST_1397,2023-09-11,216.62
TXN_17269,CUST_1397,2023-10-04,54.63
TXN_17270,CUST_1397,2023-09-18,233.13
TXN_17271,CUST_1397,2023-12-02,31.48
TXN_17272,CUST_1397,2023-09-09,51.32
TXN_17273,CUST_1397,2023-09-28,191.25
TXN_17274,CUST_1397,2023-09-10,193.13
TXN_17275,CUST_1397,2023-10-12,186.13
TXN_17276,CUST_1397,2023-12-29,114.78
TXN_17277,CUST_1398,2023-08-19,204.78
TXN_17278,CUST_1399,2023-11-09,28.6
TXN_17279,CUST_1400,2023-09-07,244.99
TXN_17280,CUST_1401,2023-12-31,190.05
TXN_17281,CUST_1401,2023-12-19,65.04
TXN_17282,CUST_1401,2023-12-04,136.04
TXN_17283,CUST_1401,2023-12-16,164.88
TXN_17284,CUST_1401,2023-12-12,192.92
TXN_17285,CUST_1401,2023-12-05,170.46
TXN_17286,CUST_1401,2023-12-07,31.39
TXN_17287,CUST_1402,2023-12-31,201.59
TXN_17288,CUST_1403,2023-12-31,155.78
TXN_17289,CUST_1403,2023-08-04,92.0
TXN_17290,CUST_1403,2023-08-10,91.73
TXN_17291,CUST_1403,2023-09-19,139.74
TXN_17292,CUST_1403,2023-08-15,50.04
TXN_17293,CUST_1403,2023-07-21,66.43
TXN_17294,CUST_1403,2023-07-26,199.58
TXN_17295,CUST_1403,2023-07-26,185.19
TXN_17296,CUST_1403,2023-08-15,32.24
TXN_17297,CUST_1403,2023-10-19,151.21
TXN_17298,CUST_1403,2023-08-03,225.25
TXN_17299,CUST_1403,2023-07-22,62.43
TXN_17300,CUST_1404,2023-06-10,134.01
TXN_17301,CUST_1404,2023-10-14,85.65
TXN_17302,CUST_1404,2023-06-24,224.34
TXN_17303,CUST_1405,2023-06-24,188.97
TXN_17304,CUST_1406,2023-08-19,189.86
TXN_17305,CUST_1406,2023-12-31,68.86
TXN_17306,CUST_1406,2023-07-28,229.53
TXN_17307,CUST_1406,2023-09-18,117.93
TXN_17308,CUST_1406,2023-09-04,190.22
TXN_17309,CUST_1406,2023-10-09,231.18
TXN_17310,CUST_1406,2023-08-19,83.95
TXN_17311,CUST_1406,2023-09-13,112.7
TXN_17312,CUST_1406,2023-09-07,113.7
TXN_17313,CUST_1406,2023-07-29,125.32
TXN_17314,CUST_1406,2023-09-22,202.83
TXN_17315,CUST_1406,2023-08-26,53.83
TXN_17316,CUST_1407,2023-11-17,82.2
TXN_17317,CUST_1407,2023-11-13,241.86
TXN_17318,CUST_1407,2023-11-28,93.23
TXN_17319,CUST_1407,2023-11-06,62.16
TXN_17320,CUST_1407,2023-10-23,83.08
TXN_17321,CUST_1407,2023-11-02,147.63
TXN_17322,CUST_1407,2023-12-28,237.75
TXN_17323,CUST_1407,2023-10-24,159.44
TXN_17324,CUST_1407,2023-10-23,167.3
TXN_17325,CUST_1407,2023-10-25,237.4
TXN_17326,CUST_1407,2023-12-07,20.25
TXN_17327,CUST_1407,2023-11-27,164.44
TXN_17328,CUST_1407,2023-11-07,156.62
TXN_17329,CUST_1407,2023-11-18,222.85
TXN_17330,CUST_1408,2023-05-19,122.73
TXN_17331,CUST_1408,2023-11-26,210.23
TXN_17332,CUST_1408,2023-04-07,179.94
TXN_17333,CUST_1408,2023-04-24,153.17
TXN_17334,CUST_1408,2023-03-04,123.59
TXN_17335,CUST_1409,2023-06-12,178.52
TXN_17336,CUST_1410,2023-08-12,224.52
TXN_17337,CUST_1410,2023-08-29,146.46
TXN_17338,CUST_1410,2023-09-11,159.76
TXN_17339,CUST_1410,2023-12-23,238.51
TXN_17340,CUST_1410,2023-10-31,60.01
TXN_17341,CUST_1411,2023-05-08,227.78
TXN_17342,CUST_1412,2023-05-01,196.96
TXN_17343,CUST_1412,2023-05-17,204.1
TXN_17344,CUST_1412,2023-04-30,130.83
TXN_17345,CUST_1412,2023-07-24,168.22
TXN_17346,CUST_1412,2023-07-02,232.33
TXN_17347,CUST_1413,2023-04-25,222.74
TXN_17348,CUST_1414,2023-01-31,69.83
TXN_17349,CUST_1415,2023-02-09,245.25
TXN_17350,CUST_1415,2023-03-29,178.42
TXN_17351,CUST_1415,2023-06-23,229.25
TXN_17352,CUST_1415,2023-10-01,81.21
TXN_17353,CUST_1415,2023-05-31,107.52
TXN_17354,CUST_1415,2023-04-30,145.35
TXN_17355,CUST_1415,2023-04-03,124.02
TXN_17356,CUST_1415,2023-03-05,157.8
TXN_17357,CUST_1415,2023-07-12,115.99
TXN_17358,CUST_1415,2023-12-31,28.45
TXN_17359,CUST_1415,2023-05-15,152.15
TXN_17360,CUST_1415,2023-02-12,67.77
TXN_17361,CUST_1415,2023-10-22,142.96
TXN_17362,CUST_1415,2023-04-11,112.64
TXN_17363,CUST_1416,2023-11-03,70.06
TXN_17364,CUST_1416,2023-10-23,67.39
TXN_17365,CUST_1416,2023-11-17,24.5
TXN_17366,CUST_1416,2023-10-19,157.91
TXN_17367,CUST_1416,2023-11-12,171.34
TXN_17368,CUST_1416,2023-10-29,204.4
TXN_17369,CUST_1416,2023-11-05,39.78
TXN_17370,CUST_1416,2023-11-26,238.97
TXN_17371,CUST_1416,2023-10-19,106.97
TXN_17372,CUST_1416,2023-11-03,49.42
TXN_17373,CUST_1416,2023-12-06,81.78
TXN_17374,CUST_1416,2023-11-24,172.68
TXN_17375,CUST_1416,2023-11-09,60.15
TXN_17376,CUST_1416,2023-10-24,26.13
TXN_17377,CUST_1417,2023-06-13,210.79
TXN_17378,CUST_1418,2023-10-19,118.27
TXN_17379,CUST_1419,2023-04-29,15.58
TXN_17380,CUST_1419,2023-11-17,33.71
TXN_17381,CUST_1419,2023-10-30,108.82
TXN_17382,CUST_1419,2023-07-17,58.62
TXN_17383,CUST_1419,2023-09-13,57.35
TXN_17384,CUST_1419,2023-05-29,70.94
TXN_17385,CUST_1419,2023-09-20,216.71
TXN_17386,CUST_1419,2023-05-27,87.23
TXN_17387,CUST_1419,2023-08-23,221.45
TXN_17388,CUST_1419,2023-07-10,232.94
TXN_17389,CUST_1419,2023-05-29,50.69
TXN_17390,CUST_1419,2023-05-04,172.41
TXN_17391,CUST_1420,2023-07-08,138.55
TXN_17392,CUST_1420,2023-07-08,204.88
TXN_17393,CUST_1420,2023-07-22,210.92
TXN_17394,CUST_1420,2023-07-21,208.68
TXN_17395,CUST_1420,2023-07-17,118.43
TXN_17396,CUST_1420,2023-08-21,31.52
TXN_17397,CUST_1421,2023-05-24,157.11
TXN_17398,CUST_1421,2023-07-26,154.55
TXN_17399,CUST_1421,2023-11-19,162.58
TXN_17400,CUST_1421,2023-10-13,152.94
TXN_17401,CUST_1421,2023-05-17,140.09
TXN_17402,CUST_1421,2023-04-19,69.09
TXN_17403,CUST_1422,2023-12-23,249.38
TXN_17404,CUST_1422,2023-12-25,79.31
TXN_17405,CUST_1422,2023-12-21,93.94
TXN_17406,CUST_1422,2023-12-26,21.41
TXN_17407,CUST_1422,2023-12-20,227.66
TXN_17408,CUST_1422,2023-12-23,68.31
TXN_17409,CUST_1422,2023-12-20,217.72
TXN_17410,CUST_1422,2023-12-28,75.19
TXN_17411,CUST_1422,2023-12-22,211.13
TXN_17412,CUST_1423,2023-05-01,101.21
TXN_17413,CUST_1423,2023-02-10,171.9
TXN_17414,CUST_1423,2023-10-26,117.69
TXN_17415,CUST_1423,2023-02-23,78.62
TXN_17416,CUST_1423,2023-01-14,137.27
TXN_17417,CUST_1423,2023-12-31,206.58
TXN_17418,CUST_1423,2023-10-07,160.97
TXN_17419,CUST_1423,2023-03-30,247.76
TXN_17420,CUST_1424,2023-11-24,91.03
TXN_17421,CUST_1424,2023-10-10,80.55
TXN_17422,CUST_1425,2023-05-19,223.91
TXN_17423,CUST_1425,2023-08-11,80.23
TXN_17424,CUST_1425,2023-05-21,159.86
TXN_17425,CUST_1425,2023-05-28,133.22
TXN_17426,CUST_1426,2023-03-14,82.16
TXN_17427,CUST_1426,2023-02-26,193.39
TXN_17428,CUST_1426,2023-05-20,158.13
TXN_17429,CUST_1426,2023-03-11,168.02
TXN_17430,CUST_1426,2023-07-18,99.1
TXN_17431,CUST_1426,2023-08-04,96.97
TXN_17432,CUST_1426,2023-07-14,22.93
TXN_17433,CUST_1426,2023-05-09,242.84
TXN_17434,CUST_1426,2023-12-31,81.21
TXN_17435,CUST_1426,2023-04-16,29.8
TXN_17436,CUST_1426,2023-09-22,148.61
TXN_17437,CUST_1426,2023-04-06,41.5
TXN_17438,CUST_1426,2023-12-23,139.6
TXN_17439,CUST_1427,2023-11-09,78.61
TXN_17440,CUST_1428,2023-02-21,220.43
TXN_17441,CUST_1428,2023-01-31,156.35
TXN_17442,CUST_1428,2023-03-17,59.84
TXN_17443,CUST_1428,2023-03-27,236.01
TXN_17444,CUST_1428,2023-07-12,46.05
TXN_17445,CUST_1428,2023-08-24,235.3
TXN_17446,CUST_1428,2023-02-23,93.35
TXN_17447,CUST_1428,2023-02-01,96.06
TXN_17448,CUST_1428,2023-05-26,78.96
TXN_17449,CUST_1429,2023-11-30,121.5
TXN_17450,CUST_1430,2023-03-04,125.39
TXN_17451,CUST_1430,2023-03-29,237.77
TXN_17452,CUST_1430,2023-04-12,38.53
TXN_17453,CUST_1430,2023-03-02,77.37
TXN_17454,CUST_1430,2023-03-18,167.7
TXN_17455,CUST_1431,2023-11-07,95.51
TXN_17456,CUST_1431,2023-11-07,78.98
TXN_17457,CUST_1431,2023-12-12,23.6
TXN_17458,CUST_1431,2023-11-17,42.63
TXN_17459,CUST_1431,2023-11-16,212.13
TXN_17460,CUST_1431,2023-11-24,188.14
TXN_17461,CUST_1431,2023-11-14,236.93
TXN_17462,CUST_1431,2023-11-29,114.12
TXN_17463,CUST_1431,2023-11-17,230.89
TXN_17464,CUST_1431,2023-11-22,181.0
TXN_17465,CUST_1431,2023-11-16,67.57
TXN_17466,CUST_1431,2023-11-30,157.84
TXN_17467,CUST_1432,2023-12-01,47.12
TXN_17468,CUST_1432,2023-11-08,124.02
TXN_17469,CUST_1432,2023-11-10,116.78
TXN_17470,CUST_1432,2023-11-11,247.37
TXN_17471,CUST_1432,2023-11-03,195.64
TXN_17472,CUST_1432,2023-11-15,112.2
TXN_17473,CUST_1432,2023-11-19,215.58
TXN_17474,CUST_1432,2023-11-11,218.23
TXN_17475,CUST_1432,2023-11-01,168.47
TXN_17476,CUST_1433,2023-03-10,149.19
TXN_17477,CUST_1434,2023-12-12,53.97
TXN_17478,CUST_1434,2023-11-14,60.03
TXN_17479,CUST_1434,2023-11-18,81.34
TXN_17480,CUST_1434,2023-12-01,66.19
TXN_17481,CUST_1434,2023-12-01,36.42
TXN_17482,CUST_1435,2023-05-27,231.65
TXN_17483,CUST_1436,2023-08-05,74.5
TXN_17484,CUST_1436,2023-12-06,218.12
TXN_17485,CUST_1436,2023-10-18,122.52
TXN_17486,CUST_1436,2023-08-23,222.16
TXN_17487,CUST_1436,2023-09-26,84.44
TXN_17488,CUST_1437,2023-12-05,245.22
TXN_17489,CUST_1437,2023-12-06,75.75
TXN_17490,CUST_1437,2023-12-24,128.44
TXN_17491,CUST_1437,2023-12-06,105.29
TXN_17492,CUST_1437,2023-12-06,62.05
TXN_17493,CUST_1437,2023-12-05,117.98
TXN_17494,CUST_1438,2023-10-22,62.14
TXN_17495,CUST_1438,2023-10-05,213.63
TXN_17496,CUST_1438,2023-09-24,216.61
TXN_17497,CUST_1438,2023-10-13,211.73
TXN_17498,CUST_1438,2023-10-03,94.63
TXN_17499,CUST_1438,2023-11-06,199.47
TXN_17500,CUST_1438,2023-09-29,243.62
TXN_17501,CUST_1438,2023-09-23,31.1
TXN_17502,CUST_1438,2023-10-21,184.84
TXN_17503,CUST_1438,2023-12-31,110.16
TXN_17504,CUST_1438,2023-09-21,156.68
TXN_17505,CUST_1438,2023-10-02,116.74
TXN_17506,CUST_1439,2023-07-15,115.19
TXN_17507,CUST_1439,2023-08-26,166.73
TXN_17508,CUST_1439,2023-06-12,63.44
TXN_17509,CUST_1440,2023-04-09,169.45
TXN_17510,CUST_1441,2023-11-14,191.09
TXN_17511,CUST_1441,2023-11-08,53.03
TXN_17512,CUST_1441,2023-09-30,244.15
TXN_17513,CUST_1441,2023-09-19,55.27
TXN_17514,CUST_1441,2023-12-31,139.16
TXN_17515,CUST_1441,2023-11-02,50.1
TXN_17516,CUST_1441,2023-09-26,229.47
TXN_17517,CUST_1441,2023-09-09,82.84
TXN_17518,CUST_1441,2023-08-09,84.55
TXN_17519,CUST_1441,2023-08-24,181.84
TXN_17520,CUST_1441,2023-08-12,39.93
TXN_17521,CUST_1442,2023-08-20,162.67
TXN_17522,CUST_1443,2023-09-13,29.73
TXN_17523,CUST_1443,2023-12-31,20.32
TXN_17524,CUST_1443,2023-09-06,197.45
TXN_17525,CUST_1443,2023-10-12,23.06
TXN_17526,CUST_1443,2023-11-26,230.84
TXN_17527,CUST_1443,2023-09-02,128.29
TXN_17528,CUST_1444,2023-04-28,111.2
TXN_17529,CUST_1445,2023-07-26,98.0
TXN_17530,CUST_1445,2023-12-31,182.94
TXN_17531,CUST_1445,2023-05-11,50.06
TXN_17532,CUST_1445,2023-06-20,84.3
TXN_17533,CUST_1445,2023-11-02,118.73
TXN_17534,CUST_1445,2023-04-30,153.31
TXN_17535,CUST_1445,2023-04-12,146.96
TXN_17536,CUST_1445,2023-04-04,157.62
TXN_17537,CUST_1445,2023-06-07,137.38
TXN_17538,CUST_1445,2023-07-14,25.45
TXN_17539,CUST_1445,2023-05-25,119.35
TXN_17540,CUST_1445,2023-05-25,245.27
TXN_17541,CUST_1446,2023-11-01,109.47
TXN_17542,CUST_1447,2023-10-30,96.12
TXN_17543,CUST_1447,2023-06-26,217.19
TXN_17544,CUST_1447,2023-07-15,140.83
TXN_17545,CUST_1447,2023-10-15,130.27
TXN_17546,CUST_1447,2023-08-15,35.13
TXN_17547,CUST_1447,2023-06-06,110.03
TXN_17548,CUST_1447,2023-07-12,241.95
TXN_17549,CUST_1447,2023-12-31,215.03
TXN_17550,CUST_1447,2023-06-20,241.55
TXN_17551,CUST_1447,2023-08-17,107.34
TXN_17552,CUST_1447,2023-08-20,18.88
TXN_17553,CUST_1447,2023-06-03,209.98
TXN_17554,CUST_1448,2023-04-14,234.98
TXN_17555,CUST_1448,2023-09-04,228.57
TXN_17556,CUST_1448,2023-04-04,149.83
TXN_17557,CUST_1448,2023-04-08,75.38
TXN_17558,CUST_1448,2023-06-03,207.23
TXN_17559,CUST_1448,2023-03-10,79.81
TXN_17560,CUST_1449,2023-12-31,202.61
TXN_17561,CUST_1450,2023-11-24,238.05
TXN_17562,CUST_1450,2023-12-28,236.77
TXN_17563,CUST_1451,2023-04-19,133.28
TXN_17564,CUST_1451,2023-07-16,82.87
TXN_17565,CUST_1451,2023-03-20,86.2
TXN_17566,CUST_1451,2023-05-12,220.86
TXN_17567,CUST_1451,2023-08-23,28.62
TXN_17568,CUST_1451,2023-09-27,37.35
TXN_17569,CUST_1452,2023-11-30,29.9
TXN_17570,CUST_1452,2023-10-24,17.39
TXN_17571,CUST_1452,2023-11-14,160.77
TXN_17572,CUST_1452,2023-11-10,102.98
TXN_17573,CUST_1453,2023-11-04,205.61
TXN_17574,CUST_1454,2023-04-03,73.45
TXN_17575,CUST_1455,2023-09-29,141.45
TXN_17576,CUST_1456,2023-10-19,242.16
TXN_17577,CUST_1457,2023-06-17,137.83
TXN_17578,CUST_1457,2023-07-09,32.37
TXN_17579,CUST_1457,2023-08-31,167.02
TXN_17580,CUST_1457,2023-04-13,163.22
TXN_17581,CUST_1457,2023-06-19,30.24
TXN_17582,CUST_1457,2023-04-24,106.87
TXN_17583,CUST_1457,2023-04-22,72.14
TXN_17584,CUST_1457,2023-06-14,125.65
TXN_17585,CUST_1458,2023-10-18,151.79
TXN_17586,CUST_1458,2023-11-18,163.54
TXN_17587,CUST_1458,2023-09-13,88.97
TXN_17588,CUST_1458,2023-10-27,188.52
TXN_17589,CUST_1458,2023-12-31,162.34
TXN_17590,CUST_1458,2023-12-04,27.83
TXN_17591,CUST_1458,2023-10-09,231.16
TXN_17592,CUST_1458,2023-09-19,51.4
TXN_17593,CUST_1458,2023-09-23,201.18
TXN_17594,CUST_1458,2023-09-10,156.08
TXN_17595,CUST_1458,2023-09-12,117.35
TXN_17596,CUST_1458,2023-12-31,60.86
TXN_17597,CUST_1459,2023-10-14,150.76
TXN_17598,CUST_1460,2023-12-08,239.05
TXN_17599,CUST_1461,2023-05-27,128.45
TXN_17600,CUST_1462,2023-03-23,212.87
TXN_17601,CUST_1462,2023-02-25,240.04
TXN_17602,CUST_1462,2023-02-04,23.99
TXN_17603,CUST_1462,2023-09-09,191.77
TXN_17604,CUST_1462,2023-02-07,246.41
TXN_17605,CUST_1463,2023-07-17,78.5
TXN_17606,CUST_1463,2023-12-13,18.0
TXN_17607,CUST_1463,2023-08-23,104.59
TXN_17608,CUST_1463,2023-07-12,83.5
TXN_17609,CUST_1463,2023-06-15,18.56
TXN_17610,CUST_1463,2023-08-24,182.04
TXN_17611,CUST_1463,2023-08-05,221.32
TXN_17612,CUST_1463,2023-11-08,145.76
TXN_17613,CUST_1463,2023-08-12,17.58
TXN_17614,CUST_1463,2023-10-06,206.86
TXN_17615,CUST_1463,2023-05-18,142.56
TXN_17616,CUST_1463,2023-11-13,57.63
TXN_17617,CUST_1463,2023-06-19,92.8
TXN_17618,CUST_1463,2023-06-19,24.84
TXN_17619,CUST_1464,2023-07-17,218.48
TXN_17620,CUST_1465,2023-12-01,104.47
TXN_17621,CUST_1466,2023-12-31,209.07
TXN_17622,CUST_1467,2023-08-10,49.05
TXN_17623,CUST_1467,2023-08-08,159.83
TXN_17624,CUST_1467,2023-08-09,213.02
TXN_17625,CUST_1467,2023-12-31,101.09
TXN_17626,CUST_1467,2023-09-02,182.24
TXN_17627,CUST_1467,2023-12-19,225.11
TXN_17628,CUST_1467,2023-08-05,54.73
TXN_17629,CUST_1467,2023-10-12,176.89
TXN_17630,CUST_1467,2023-08-10,132.99
TXN_17631,CUST_1467,2023-10-17,66.41
TXN_17632,CUST_1467,2023-11-13,27.45
TXN_17633,CUST_1467,2023-10-18,159.72
TXN_17634,CUST_1467,2023-08-21,184.42
TXN_17635,CUST_1468,2023-04-02,229.44
TXN_17636,CUST_1468,2023-07-06,143.31
TXN_17637,CUST_1468,2023-05-06,46.69
TXN_17638,CUST_1469,2023-09-16,56.9
TXN_17639,CUST_1469,2023-12-01,167.18
TXN_17640,CUST_1469,2023-09-10,206.45
TXN_17641,CUST_1469,2023-09-08,146.28
TXN_17642,CUST_1469,2023-08-11,100.94
TXN_17643,CUST_1469,2023-08-18,177.08
TXN_17644,CUST_1469,2023-09-10,85.91
TXN_17645,CUST_1470,2023-04-14,42.06
TXN_17646,CUST_1470,2023-05-08,206.91
TXN_17647,CUST_1470,2023-06-06,230.82
TXN_17648,CUST_1470,2023-08-26,82.47
TXN_17649,CUST_1470,2023-09-23,42.43
TXN_17650,CUST_1470,2023-04-16,158.01
TXN_17651,CUST_1470,2023-05-19,92.42
TXN_17652,CUST_1470,2023-07-23,214.77
TXN_17653,CUST_1470,2023-05-16,91.38
TXN_17654,CUST_1470,2023-06-18,168.5
TXN_17655,CUST_1470,2023-05-02,229.48
TXN_17656,CUST_1471,2023-12-31,236.02
TXN_17657,CUST_1471,2023-11-20,66.84
TXN_17658,CUST_1471,2023-10-23,67.71
TXN_17659,CUST_1472,2023-05-04,24.6
TXN_17660,CUST_1473,2023-12-31,116.31
TXN_17661,CUST_1473,2023-12-09,116.24
TXN_17662,CUST_1473,2023-12-05,93.89
TXN_17663,CUST_1473,2023-09-14,238.49
TXN_17664,CUST_1473,2023-08-18,174.23
TXN_17665,CUST_1473,2023-06-15,126.44
TXN_17666,CUST_1473,2023-11-04,71.61
TXN_17667,CUST_1473,2023-09-22,173.79
TXN_17668,CUST_1473,2023-06-25,81.46
TXN_17669,CUST_1473,2023-07-16,44.41
TXN_17670,CUST_1473,2023-11-22,188.75
TXN_17671,CUST_1473,2023-07-09,85.42
TXN_17672,CUST_1473,2023-08-27,114.69
TXN_17673,CUST_1473,2023-06-25,116.09
TXN_17674,CUST_1474,2023-10-30,24.46
TXN_17675,CUST_1474,2023-11-29,61.13
TXN_17676,CUST_1475,2023-09-18,172.84
TXN_17677,CUST_1475,2023-05-04,230.74
TXN_17678,CUST_1475,2023-05-12,72.37
TXN_17679,CUST_1475,2023-09-09,39.88
TXN_17680,CUST_1475,2023-05-09,133.36
TXN_17681,CUST_1475,2023-09-17,49.66
TXN_17682,CUST_1475,2023-06-24,182.14
TXN_17683,CUST_1476,2023-11-11,160.26
TXN_17684,CUST_1476,2023-08-04,171.47
TXN_17685,CUST_1476,2023-07-18,122.6
TXN_17686,CUST_1476,2023-08-17,39.64
TXN_17687,CUST_1476,2023-07-09,191.27
TXN_17688,CUST_1476,2023-08-21,93.08
TXN_17689,CUST_1476,2023-08-09,240.06
TXN_17690,CUST_1476,2023-08-04,39.32
TXN_17691,CUST_1476,2023-08-12,167.29
TXN_17692,CUST_1476,2023-07-07,93.1
TXN_17693,CUST_1476,2023-08-05,123.97
TXN_17694,CUST_1477,2023-11-20,237.01
TXN_17695,CUST_1478,2023-06-09,209.07
TXN_17696,CUST_1478,2023-09-15,209.95
TXN_17697,CUST_1478,2023-04-23,20.98
TXN_17698,CUST_1479,2023-07-14,248.37
TXN_17699,CUST_1479,2023-09-02,136.58
TXN_17700,CUST_1479,2023-06-18,154.32
TXN_17701,CUST_1479,2023-07-06,248.54
TXN_17702,CUST_1480,2023-12-31,247.25
TXN_17703,CUST_1480,2023-11-27,162.83
TXN_17704,CUST_1480,2023-11-06,243.1
TXN_17705,CUST_1480,2023-11-17,237.01
TXN_17706,CUST_1480,2023-10-29,93.44
TXN_17707,CUST_1480,2023-12-05,50.22
TXN_17708,CUST_1480,2023-12-29,134.26
TXN_17709,CUST_1480,2023-12-21,94.15
TXN_17710,CUST_1480,2023-11-19,128.48
TXN_17711,CUST_1480,2023-11-12,133.53
TXN_17712,CUST_1480,2023-12-31,177.64
TXN_17713,CUST_1480,2023-10-26,228.77
TXN_17714,CUST_1481,2023-07-20,39.0
TXN_17715,CUST_1482,2023-09-15,113.21
TXN_17716,CUST_1482,2023-07-06,89.02
TXN_17717,CUST_1482,2023-07-24,17.04
TXN_17718,CUST_1482,2023-07-02,92.73
TXN_17719,CUST_1482,2023-09-18,161.65
TXN_17720,CUST_1482,2023-07-18,156.65
TXN_17721,CUST_1482,2023-09-03,137.8
TXN_17722,CUST_1482,2023-08-15,101.89
TXN_17723,CUST_1482,2023-07-09,105.59
TXN_17724,CUST_1482,2023-07-27,154.11
TXN_17725,CUST_1482,2023-10-27,103.21
TXN_17726,CUST_1483,2023-12-30,32.27
TXN_17727,CUST_1483,2023-12-30,144.61
TXN_17728,CUST_1483,2023-12-30,32.57
TXN_17729,CUST_1483,2023-12-30,51.79
TXN_17730,CUST_1483,2023-12-30,108.76
TXN_17731,CUST_1483,2023-12-30,31.9
TXN_17732,CUST_1483,2023-12-30,85.51
TXN_17733,CUST_1483,2023-12-30,176.02
TXN_17734,CUST_1483,2023-12-30,236.79
TXN_17735,CUST_1484,2023-06-23,138.19
TXN_17736,CUST_1485,2023-08-21,207.29
TXN_17737,CUST_1486,2023-04-20,75.59
TXN_17738,CUST_1487,2023-12-24,66.09
TXN_17739,CUST_1487,2023-12-15,78.1
TXN_17740,CUST_1487,2023-12-16,134.45
TXN_17741,CUST_1487,2023-12-16,194.35
TXN_17742,CUST_1487,2023-12-16,181.14
TXN_17743,CUST_1487,2023-12-19,246.77
TXN_17744,CUST_1488,2023-08-19,49.09
TXN_17745,CUST_1488,2023-11-06,219.65
TXN_17746,CUST_1488,2023-07-30,28.1
TXN_17747,CUST_1488,2023-12-05,43.87
TXN_17748,CUST_1488,2023-09-17,160.62
TXN_17749,CUST_1488,2023-11-11,149.57
TXN_17750,CUST_1488,2023-08-27,243.98
TXN_17751,CUST_1488,2023-08-11,76.74
TXN_17752,CUST_1488,2023-08-02,244.2
TXN_17753,CUST_1488,2023-09-30,17.84
TXN_17754,CUST_1488,2023-09-29,109.97
TXN_17755,CUST_1488,2023-12-31,80.19
TXN_17756,CUST_1488,2023-10-01,162.45
TXN_17757,CUST_1489,2023-11-04,47.81
TXN_17758,CUST_1490,2023-01-18,72.67
TXN_17759,CUST_1490,2023-05-19,29.36
TXN_17760,CUST_1490,2023-03-23,229.58
TXN_17761,CUST_1490,2023-07-17,86.78
TXN_17762,CUST_1490,2023-11-13,92.47
TXN_17763,CUST_1490,2023-01-24,248.6
TXN_17764,CUST_1490,2023-09-10,124.49
TXN_17765,CUST_1491,2023-07-01,49.08
TXN_17766,CUST_1491,2023-04-20,42.38
TXN_17767,CUST_1491,2023-08-23,192.58
TXN_17768,CUST_1491,2023-07-06,64.19
TXN_17769,CUST_1491,2023-08-11,110.89
TXN_17770,CUST_1491,2023-06-18,225.95
TXN_17771,CUST_1491,2023-06-09,162.2
TXN_17772,CUST_1491,2023-12-31,121.08
TXN_17773,CUST_1491,2023-06-27,152.34
TXN_17774,CUST_1491,2023-05-11,188.18
TXN_17775,CUST_1491,2023-08-07,65.19
TXN_17776,CUST_1491,2023-04-19,249.75
TXN_17777,CUST_1491,2023-07-01,57.54
TXN_17778,CUST_1491,2023-05-16,160.18
TXN_17779,CUST_1492,2023-11-07,202.64
TXN_17780,CUST_1493,2023-10-27,210.64
TXN_17781,CUST_1493,2023-11-09,94.56
TXN_17782,CUST_1493,2023-10-26,64.86
TXN_17783,CUST_1494,2023-12-31,77.56
TXN_17784,CUST_1494,2023-07-15,92.37
TXN_17785,CUST_1494,2023-07-31,213.22
TXN_17786,CUST_1494,2023-07-22,204.44
TXN_17787,CUST_1494,2023-06-26,225.3
TXN_17788,CUST_1494,2023-07-02,24.21
TXN_17789,CUST_1495,2023-02-26,134.5
TXN_17790,CUST_1496,2023-11-03,243.97
TXN_17791,CUST_1496,2023-09-20,180.21
TXN_17792,CUST_1496,2023-12-17,176.28
TXN_17793,CUST_1496,2023-10-21,67.59
TXN_17794,CUST_1496,2023-10-07,147.19
TXN_17795,CUST_1496,2023-10-23,249.25
TXN_17796,CUST_1496,2023-09-09,30.33
TXN_17797,CUST_1496,2023-09-11,189.6
TXN_17798,CUST_1496,2023-09-13,161.28
TXN_17799,CUST_1497,2023-09-28,65.68
TXN_17800,CUST_1498,2023-11-12,59.71
TXN_17801,CUST_1498,2023-10-01,96.7
TXN_17802,CUST_1498,2023-10-13,234.02
TXN_17803,CUST_1499,2023-10-18,133.75
TXN_17804,CUST_1500,2023-10-06,212.38
TXN_17805,CUST_1500,2023-10-03,83.11
TXN_17806,CUST_1500,2023-10-12,52.81
TXN_17807,CUST_1500,2023-10-22,17.75
TXN_17808,CUST_1500,2023-10-11,234.4
TXN_17809,CUST_1501,2023-05-16,126.19
TXN_17810,CUST_1502,2023-12-10,53.11
TXN_17811,CUST_1502,2023-08-21,147.47
TXN_17812,CUST_1502,2023-08-17,171.04
TXN_17813,CUST_1502,2023-08-27,42.97
TXN_17814,CUST_1502,2023-09-08,124.5
TXN_17815,CUST_1502,2023-08-23,24.76
TXN_17816,CUST_1502,2023-09-08,193.49
TXN_17817,CUST_1502,2023-11-18,37.92
TXN_17818,CUST_1502,2023-09-18,76.9
TXN_17819,CUST_1502,2023-09-05,234.36
TXN_17820,CUST_1502,2023-09-03,100.86
TXN_17821,CUST_1502,2023-08-25,240.6
TXN_17822,CUST_1502,2023-09-12,149.04
TXN_17823,CUST_1503,2023-09-02,174.41
TXN_17824,CUST_1503,2023-03-11,239.15
TXN_17825,CUST_1503,2023-04-14,45.5
TXN_17826,CUST_1503,2023-02-20,167.17
TXN_17827,CUST_1503,2023-04-11,37.2
TXN_17828,CUST_1503,2023-07-04,202.84
TXN_17829,CUST_1503,2023-06-28,62.53
TXN_17830,CUST_1503,2023-06-15,17.52
TXN_17831,CUST_1503,2023-03-19,108.72
TXN_17832,CUST_1503,2023-08-22,106.74
TXN_17833,CUST_1503,2023-02-09,97.8
TXN_17834,CUST_1503,2023-04-24,238.02
TXN_17835,CUST_1503,2023-12-12,57.51
TXN_17836,CUST_1504,2023-11-01,200.4
TXN_17837,CUST_1505,2023-02-13,141.42
TXN_17838,CUST_1506,2023-11-15,99.57
TXN_17839,CUST_1507,2023-09-30,245.12
TXN_17840,CUST_1508,2023-09-13,234.02
TXN_17841,CUST_1509,2023-08-15,48.38
TXN_17842,CUST_1509,2023-09-25,151.72
TXN_17843,CUST_1509,2023-07-11,179.58
TXN_17844,CUST_1509,2023-09-14,143.89
TXN_17845,CUST_1509,2023-07-09,97.87
TXN_17846,CUST_1509,2023-07-07,127.24
TXN_17847,CUST_1510,2023-10-06,63.96
TXN_17848,CUST_1510,2023-10-09,182.25
TXN_17849,CUST_1510,2023-10-27,213.75
TXN_17850,CUST_1510,2023-10-09,229.34
TXN_17851,CUST_1510,2023-11-10,107.83
TXN_17852,CUST_1510,2023-10-02,75.39
TXN_17853,CUST_1510,2023-12-31,87.94
TXN_17854,CUST_1510,2023-10-11,59.55
TXN_17855,CUST_1510,2023-11-18,79.78
TXN_17856,CUST_1510,2023-10-11,112.37
TXN_17857,CUST_1510,2023-10-16,111.67
TXN_17858,CUST_1511,2023-10-23,25.87
TXN_17859,CUST_1511,2023-08-31,39.75
TXN_17860,CUST_1511,2023-11-07,25.34
TXN_17861,CUST_1511,2023-10-09,25.45
TXN_17862,CUST_1511,2023-10-29,229.49
TXN_17863,CUST_1511,2023-09-21,204.07
TXN_17864,CUST_1511,2023-10-15,201.97
TXN_17865,CUST_1511,2023-10-25,63.26
TXN_17866,CUST_1511,2023-09-22,240.7
TXN_17867,CUST_1512,2023-12-31,152.04
TXN_17868,CUST_1513,2023-10-17,242.69
TXN_17869,CUST_1513,2023-12-09,135.32
TXN_17870,CUST_1513,2023-12-09,110.01
TXN_17871,CUST_1513,2023-10-01,69.68
TXN_17872,CUST_1513,2023-10-28,132.75
TXN_17873,CUST_1513,2023-10-28,176.23
TXN_17874,CUST_1513,2023-09-23,27.7
TXN_17875,CUST_1513,2023-10-18,59.89
TXN_17876,CUST_1513,2023-10-26,144.76
TXN_17877,CUST_1513,2023-10-22,86.08
TXN_17878,CUST_1513,2023-10-26,209.93
TXN_17879,CUST_1513,2023-12-31,212.03
TXN_17880,CUST_1513,2023-10-19,60.46
TXN_17881,CUST_1513,2023-10-30,235.35
TXN_17882,CUST_1514,2023-12-25,50.02
TXN_17883,CUST_1515,2023-12-08,63.61
TXN_17884,CUST_1515,2023-12-31,19.37
TXN_17885,CUST_1515,2023-12-14,136.64
TXN_17886,CUST_1515,2023-12-09,223.58
TXN_17887,CUST_1515,2023-12-15,249.61
TXN_17888,CUST_1515,2023-12-07,35.65
TXN_17889,CUST_1515,2023-12-07,78.28
TXN_17890,CUST_1515,2023-12-10,217.71
TXN_17891,CUST_1515,2023-12-08,230.08
TXN_17892,CUST_1515,2023-12-11,167.06
TXN_17893,CUST_1515,2023-12-08,51.66
TXN_17894,CUST_1515,2023-12-22,40.73
TXN_17895,CUST_1515,2023-12-18,151.53
TXN_17896,CUST_1515,2023-12-22,183.69
TXN_17897,CUST_1516,2023-05-30,18.07
TXN_17898,CUST_1517,2023-09-19,25.12
TXN_17899,CUST_1517,2023-10-15,211.95
TXN_17900,CUST_1517,2023-10-16,50.85
TXN_17901,CUST_1517,2023-08-27,18.38
TXN_17902,CUST_1518,2023-09-09,245.3
TXN_17903,CUST_1518,2023-02-06,237.84
TXN_17904,CUST_1518,2023-05-23,238.58
TXN_17905,CUST_1518,2023-04-12,240.78
TXN_17906,CUST_1518,2023-09-29,45.22
TXN_17907,CUST_1518,2023-02-16,72.12
TXN_17908,CUST_1518,2023-04-15,203.66
TXN_17909,CUST_1518,2023-06-23,185.79
TXN_17910,CUST_1518,2023-02-28,47.81
TXN_17911,CUST_1518,2023-01-31,189.29
TXN_17912,CUST_1518,2023-01-22,67.39
TXN_17913,CUST_1518,2023-03-10,31.95
TXN_17914,CUST_1518,2023-01-31,50.2
TXN_17915,CUST_1519,2023-06-08,146.2
TXN_17916,CUST_1519,2023-06-30,231.27
TXN_17917,CUST_1519,2023-10-26,128.59
TXN_17918,CUST_1519,2023-06-24,91.5
TXN_17919,CUST_1519,2023-06-14,142.97
TXN_17920,CUST_1519,2023-09-20,88.03
TXN_17921,CUST_1519,2023-06-06,126.74
TXN_17922,CUST_1519,2023-05-27,179.8
TXN_17923,CUST_1519,2023-07-15,131.65
TXN_17924,CUST_1519,2023-06-17,227.6
TXN_17925,CUST_1519,2023-05-29,219.41
TXN_17926,CUST_1519,2023-06-26,221.95
TXN_17927,CUST_1519,2023-08-26,39.48
TXN_17928,CUST_1519,2023-10-01,175.31
TXN_17929,CUST_1520,2023-06-16,164.37
TXN_17930,CUST_1521,2023-12-25,84.2
TXN_17931,CUST_1521,2023-12-19,131.94
TXN_17932,CUST_1521,2023-12-15,73.06
TXN_17933,CUST_1522,2023-10-11,65.04
TXN_17934,CUST_1523,2023-10-20,30.51
TXN_17935,CUST_1523,2023-11-14,241.74
TXN_17936,CUST_1523,2023-11-08,134.09
TXN_17937,CUST_1523,2023-10-29,75.32
TXN_17938,CUST_1523,2023-10-20,79.14
TXN_17939,CUST_1524,2023-06-12,146.45
TXN_17940,CUST_1524,2023-08-18,235.21
TXN_17941,CUST_1525,2023-07-15,189.1
TXN_17942,CUST_1525,2023-07-18,172.39
TXN_17943,CUST_1525,2023-10-06,185.58
TXN_17944,CUST_1525,2023-12-31,188.46
TXN_17945,CUST_1525,2023-09-17,76.51
TXN_17946,CUST_1525,2023-12-07,57.19
TXN_17947,CUST_1525,2023-11-23,88.48
TXN_17948,CUST_1525,2023-07-19,209.27
TXN_17949,CUST_1525,2023-07-12,210.54
TXN_17950,CUST_1525,2023-07-29,222.91
TXN_17951,CUST_1525,2023-09-17,171.55
TXN_17952,CUST_1526,2023-03-19,210.07
TXN_17953,CUST_1527,2023-11-10,156.08
TXN_17954,CUST_1528,2023-12-10,235.99
TXN_17955,CUST_1528,2023-12-17,38.72
TXN_17956,CUST_1528,2023-12-31,49.57
TXN_17957,CUST_1528,2023-12-20,23.19
TXN_17958,CUST_1528,2023-12-16,143.48
TXN_17959,CUST_1528,2023-12-11,166.14
TXN_17960,CUST_1528,2023-12-16,202.61
TXN_17961,CUST_1528,2023-12-24,134.87
TXN_17962,CUST_1528,2023-12-14,161.08
TXN_17963,CUST_1528,2023-12-19,98.7
TXN_17964,CUST_1529,2023-07-05,207.1
TXN_17965,CUST_1529,2023-08-25,129.86
TXN_17966,CUST_1529,2023-10-14,43.29
TXN_17967,CUST_1529,2023-11-16,213.91
TXN_17968,CUST_1530,2023-08-17,198.2
TXN_17969,CUST_1530,2023-07-24,102.32
TXN_17970,CUST_1530,2023-10-19,195.97
TXN_17971,CUST_1530,2023-12-31,249.05
TXN_17972,CUST_1530,2023-07-22,226.61
TXN_17973,CUST_1530,2023-07-11,181.8
TXN_17974,CUST_1530,2023-07-20,85.57
TXN_17975,CUST_1531,2023-10-23,160.1
TXN_17976,CUST_1531,2023-11-11,65.14
TXN_17977,CUST_1531,2023-11-04,217.88
TXN_17978,CUST_1531,2023-10-24,19.51
TXN_17979,CUST_1531,2023-11-14,27.57
TXN_17980,CUST_1531,2023-12-31,158.26
TXN_17981,CUST_1531,2023-11-04,116.05
TXN_17982,CUST_1531,2023-11-09,36.3
TXN_17983,CUST_1531,2023-12-22,162.03
TXN_17984,CUST_1532,2023-05-24,46.32
TXN_17985,CUST_1533,2023-09-10,167.39
TXN_17986,CUST_1534,2023-11-30,159.41
TXN_17987,CUST_1534,2023-10-24,225.4
TXN_17988,CUST_1534,2023-11-11,169.22
TXN_17989,CUST_1534,2023-10-29,219.83
TXN_17990,CUST_1534,2023-11-09,113.96
TXN_17991,CUST_1534,2023-11-08,180.28
TXN_17992,CUST_1534,2023-11-18,99.03
TXN_17993,CUST_1534,2023-11-02,147.13
TXN_17994,CUST_1534,2023-12-21,190.18
TXN_17995,CUST_1534,2023-11-02,94.2
TXN_17996,CUST_1534,2023-11-08,219.45
TXN_17997,CUST_1534,2023-10-22,181.96
TXN_17998,CUST_1534,2023-10-30,63.97
TXN_17999,CUST_1535,2023-12-19,229.38
TXN_18000,CUST_1536,2023-11-13,50.85
TXN_18001,CUST_1537,2023-12-15,163.9
TXN_18002,CUST_1537,2023-12-11,209.74
TXN_18003,CUST_1537,2023-12-24,137.98
TXN_18004,CUST_1537,2023-12-27,213.53
TXN_18005,CUST_1537,2023-12-19,187.51
TXN_18006,CUST_1537,2023-12-10,78.65
TXN_18007,CUST_1537,2023-12-10,17.04
TXN_18008,CUST_1537,2023-12-11,221.91
TXN_18009,CUST_1537,2023-12-11,242.99
TXN_18010,CUST_1537,2023-12-16,70.76
TXN_18011,CUST_1538,2023-02-25,106.96
TXN_18012,CUST_1538,2023-01-30,159.72
TXN_18013,CUST_1538,2023-04-28,118.93
TXN_18014,CUST_1538,2023-03-28,161.4
TXN_18015,CUST_1538,2023-04-24,102.95
TXN_18016,CUST_1538,2023-09-22,171.9
TXN_18017,CUST_1539,2023-04-10,200.15
TXN_18018,CUST_1540,2023-12-13,99.33
TXN_18019,CUST_1541,2023-08-16,212.5
TXN_18020,CUST_1541,2023-12-24,174.01
TXN_18021,CUST_1541,2023-08-25,99.62
TXN_18022,CUST_1541,2023-09-13,157.09
TXN_18023,CUST_1541,2023-10-04,145.24
TXN_18024,CUST_1541,2023-09-03,224.37
TXN_18025,CUST_1541,2023-08-17,124.57
TXN_18026,CUST_1541,2023-10-22,29.31
TXN_18027,CUST_1541,2023-10-09,207.63
TXN_18028,CUST_1541,2023-10-03,18.04
TXN_18029,CUST_1541,2023-08-23,95.4
TXN_18030,CUST_1541,2023-08-26,241.22
TXN_18031,CUST_1542,2023-06-15,249.57
TXN_18032,CUST_1542,2023-10-02,95.8
TXN_18033,CUST_1542,2023-07-11,75.91
TXN_18034,CUST_1542,2023-09-12,104.47
TXN_18035,CUST_1542,2023-09-09,19.32
TXN_18036,CUST_1542,2023-06-12,100.77
TXN_18037,CUST_1542,2023-06-10,156.27
TXN_18038,CUST_1542,2023-06-05,217.04
TXN_18039,CUST_1542,2023-09-11,65.82
TXN_18040,CUST_1542,2023-07-18,121.18
TXN_18041,CUST_1543,2023-08-14,213.75
TXN_18042,CUST_1543,2023-07-20,198.78
TXN_18043,CUST_1543,2023-07-30,82.24
TXN_18044,CUST_1544,2023-05-08,143.02
TXN_18045,CUST_1544,2023-04-04,56.18
TXN_18046,CUST_1544,2023-07-23,108.99
TXN_18047,CUST_1544,2023-05-05,166.5
TXN_18048,CUST_1544,2023-10-29,181.27
TXN_18049,CUST_1544,2023-02-25,212.06
TXN_18050,CUST_1544,2023-12-31,126.03
TXN_18051,CUST_1544,2023-12-31,143.62
TXN_18052,CUST_1544,2023-04-26,92.88
TXN_18053,CUST_1544,2023-06-12,69.01
TXN_18054,CUST_1544,2023-03-04,21.4
TXN_18055,CUST_1544,2023-03-29,108.01
TXN_18056,CUST_1544,2023-05-15,83.8
TXN_18057,CUST_1544,2023-12-31,83.56
TXN_18058,CUST_1545,2023-09-29,127.02
TXN_18059,CUST_1545,2023-12-31,150.44
TXN_18060,CUST_1545,2023-10-02,162.46
TXN_18061,CUST_1545,2023-09-23,61.82
TXN_18062,CUST_1546,2023-03-06,100.74
TXN_18063,CUST_1546,2023-12-31,107.13
TXN_18064,CUST_1546,2023-05-15,98.48
TXN_18065,CUST_1546,2023-05-31,244.87
TXN_18066,CUST_1546,2023-12-31,197.06
TXN_18067,CUST_1546,2023-04-21,131.19
TXN_18068,CUST_1547,2023-12-31,181.32
TXN_18069,CUST_1548,2023-05-30,95.18
TXN_18070,CUST_1548,2023-09-04,204.87
TXN_18071,CUST_1548,2023-06-18,141.76
TXN_18072,CUST_1548,2023-07-21,114.04
TXN_18073,CUST_1548,2023-06-15,180.26
TXN_18074,CUST_1548,2023-06-18,229.09
TXN_18075,CUST_1549,2023-12-21,113.44
TXN_18076,CUST_1549,2023-12-20,43.58
TXN_18077,CUST_1549,2023-12-16,211.46
TXN_18078,CUST_1549,2023-12-27,141.67
TXN_18079,CUST_1549,2023-12-15,232.84
TXN_18080,CUST_1549,2023-12-21,112.3
TXN_18081,CUST_1549,2023-12-19,116.0
TXN_18082,CUST_1549,2023-12-18,223.4
TXN_18083,CUST_1550,2023-03-15,15.64
TXN_18084,CUST_1551,2023-11-08,66.7
TXN_18085,CUST_1552,2023-09-10,93.19
TXN_18086,CUST_1553,2023-12-06,148.67
TXN_18087,CUST_1554,2023-07-03,249.68
TXN_18088,CUST_1555,2023-10-03,214.1
TXN_18089,CUST_1555,2023-10-24,87.94
TXN_18090,CUST_1555,2023-09-12,70.03
TXN_18091,CUST_1555,2023-12-31,76.22
TXN_18092,CUST_1555,2023-09-07,175.07
TXN_18093,CUST_1555,2023-11-18,27.1
TXN_18094,CUST_1555,2023-08-30,148.71
TXN_18095,CUST_1555,2023-09-27,31.46
TXN_18096,CUST_1555,2023-10-03,139.1
TXN_18097,CUST_1555,2023-11-03,67.21
TXN_18098,CUST_1556,2023-12-06,180.41
TXN_18099,CUST_1557,2023-11-08,113.8
TXN_18100,CUST_1557,2023-09-29,28.82
TXN_18101,CUST_1557,2023-09-11,25.57
TXN_18102,CUST_1557,2023-08-07,159.04
TXN_18103,CUST_1557,2023-08-23,189.5
TXN_18104,CUST_1557,2023-11-24,47.76
TXN_18105,CUST_1558,2023-09-06,20.15
TXN_18106,CUST_1558,2023-09-08,157.03
TXN_18107,CUST_1558,2023-12-03,46.35
TXN_18108,CUST_1559,2023-10-11,42.23
TXN_18109,CUST_1559,2023-10-08,57.85
TXN_18110,CUST_1559,2023-10-18,177.89
TXN_18111,CUST_1560,2023-10-03,194.69
TXN_18112,CUST_1560,2023-10-23,240.11
TXN_18113,CUST_1560,2023-10-07,248.19
TXN_18114,CUST_1560,2023-11-04,197.43
TXN_18115,CUST_1560,2023-09-19,131.89
TXN_18116,CUST_1560,2023-10-14,24.54
TXN_18117,CUST_1561,2023-12-31,115.14
TXN_18118,CUST_1562,2023-10-12,22.93
TXN_18119,CUST_1563,2023-09-13,170.16
TXN_18120,CUST_1563,2023-07-10,32.08
TXN_18121,CUST_1563,2023-02-27,38.91
TXN_18122,CUST_1563,2023-03-04,143.63
TXN_18123,CUST_1563,2023-03-20,217.15
TXN_18124,CUST_1563,2023-04-25,178.44
TXN_18125,CUST_1563,2023-06-12,90.17
TXN_18126,CUST_1563,2023-03-23,95.48
TXN_18127,CUST_1564,2023-05-17,72.22
TXN_18128,CUST_1564,2023-04-18,106.74
TXN_18129,CUST_1564,2023-02-21,135.0
TXN_18130,CUST_1564,2023-03-02,212.93
TXN_18131,CUST_1564,2023-05-11,213.48
TXN_18132,CUST_1564,2023-12-31,236.65
TXN_18133,CUST_1565,2023-12-25,202.0
TXN_18134,CUST_1566,2023-11-19,128.53
TXN_18135,CUST_1566,2023-07-16,183.35
TXN_18136,CUST_1566,2023-11-09,15.07
TXN_18137,CUST_1567,2023-02-05,130.06
TXN_18138,CUST_1567,2023-01-20,190.49
TXN_18139,CUST_1567,2023-08-20,40.42
TXN_18140,CUST_1567,2023-07-29,196.32
TXN_18141,CUST_1567,2023-02-28,177.22
TXN_18142,CUST_1567,2023-01-09,233.97
TXN_18143,CUST_1567,2023-04-13,160.78
TXN_18144,CUST_1568,2023-04-14,113.23
TXN_18145,CUST_1568,2023-07-15,154.5
TXN_18146,CUST_1568,2023-05-07,176.7
TXN_18147,CUST_1568,2023-07-06,55.46
TXN_18148,CUST_1568,2023-04-24,143.59
TXN_18149,CUST_1568,2023-07-13,241.05
TXN_18150,CUST_1568,2023-05-27,194.76
TXN_18151,CUST_1568,2023-04-19,224.06
TXN_18152,CUST_1568,2023-07-06,162.82
TXN_18153,CUST_1569,2023-01-24,179.84
TXN_18154,CUST_1570,2023-09-03,59.06
TXN_18155,CUST_1571,2023-06-09,114.17
TXN_18156,CUST_1572,2023-08-02,213.37
TXN_18157,CUST_1573,2023-12-11,75.44
TXN_18158,CUST_1573,2023-12-10,190.81
TXN_18159,CUST_1573,2023-12-10,85.99
TXN_18160,CUST_1573,2023-12-11,237.46
TXN_18161,CUST_1573,2023-12-23,195.77
TXN_18162,CUST_1573,2023-12-06,71.77
TXN_18163,CUST_1573,2023-12-20,57.61
TXN_18164,CUST_1573,2023-12-12,118.15
TXN_18165,CUST_1574,2023-07-27,16.53
TXN_18166,CUST_1574,2023-05-07,201.57
TXN_18167,CUST_1574,2023-06-11,126.4
TXN_18168,CUST_1574,2023-06-15,228.13
TXN_18169,CUST_1575,2023-07-15,93.08
TXN_18170,CUST_1575,2023-05-27,116.77
TXN_18171,CUST_1575,2023-08-11,177.14
TXN_18172,CUST_1575,2023-05-25,203.25
TXN_18173,CUST_1575,2023-07-13,137.38
TXN_18174,CUST_1575,2023-12-31,81.85
TXN_18175,CUST_1575,2023-09-07,150.07
TXN_18176,CUST_1575,2023-08-21,113.19
TXN_18177,CUST_1576,2023-09-12,103.11
TXN_18178,CUST_1577,2023-08-11,126.82
TXN_18179,CUST_1578,2023-12-31,236.51
TXN_18180,CUST_1578,2023-09-02,137.62
TXN_18181,CUST_1578,2023-06-21,105.28
TXN_18182,CUST_1578,2023-08-08,185.42
TXN_18183,CUST_1578,2023-08-16,182.82
TXN_18184,CUST_1578,2023-07-17,185.99
TXN_18185,CUST_1578,2023-06-19,53.21
TXN_18186,CUST_1578,2023-06-21,224.35
TXN_18187,CUST_1578,2023-06-14,203.35
TXN_18188,CUST_1578,2023-06-27,125.08
TXN_18189,CUST_1578,2023-11-25,152.7
TXN_18190,CUST_1578,2023-06-25,81.76
TXN_18191,CUST_1579,2023-08-22,226.07
TXN_18192,CUST_1579,2023-09-12,101.13
TXN_18193,CUST_1580,2023-10-01,231.28
TXN_18194,CUST_1581,2023-10-04,231.36
TXN_18195,CUST_1581,2023-05-14,86.42
TXN_18196,CUST_1581,2023-10-07,61.66
TXN_18197,CUST_1581,2023-04-30,219.64
TXN_18198,CUST_1581,2023-06-01,112.41
TXN_18199,CUST_1581,2023-06-17,214.34
TXN_18200,CUST_1581,2023-06-02,224.69
TXN_18201,CUST_1581,2023-07-17,138.91
TXN_18202,CUST_1582,2023-04-24,161.65
TXN_18203,CUST_1583,2023-11-27,126.31
TXN_18204,CUST_1583,2023-12-25,249.71
TXN_18205,CUST_1584,2023-12-05,76.43
TXN_18206,CUST_1585,2023-12-25,158.54
TXN_18207,CUST_1585,2023-12-26,88.57
TXN_18208,CUST_1585,2023-12-23,205.49
TXN_18209,CUST_1585,2023-12-23,184.63
TXN_18210,CUST_1585,2023-12-23,103.2
TXN_18211,CUST_1585,2023-12-23,137.72
TXN_18212,CUST_1585,2023-12-25,55.29
TXN_18213,CUST_1585,2023-12-24,233.61
TXN_18214,CUST_1585,2023-12-24,203.6
TXN_18215,CUST_1585,2023-12-29,243.97
TXN_18216,CUST_1585,2023-12-29,89.59
TXN_18217,CUST_1586,2023-06-25,196.69
TXN_18218,CUST_1586,2023-06-02,62.91
TXN_18219,CUST_1586,2023-04-10,146.4
TXN_18220,CUST_1586,2023-04-23,58.98
TXN_18221,CUST_1586,2023-05-29,118.89
TXN_18222,CUST_1586,2023-05-06,46.0
TXN_18223,CUST_1586,2023-12-22,45.94
TXN_18224,CUST_1587,2023-10-05,218.59
TXN_18225,CUST_1588,2023-07-12,231.06
TXN_18226,CUST_1588,2023-06-15,85.02
TXN_18227,CUST_1588,2023-04-30,210.08
TXN_18228,CUST_1588,2023-12-31,97.05
TXN_18229,CUST_1588,2023-05-14,156.35
TXN_18230,CUST_1588,2023-08-22,122.02
TXN_18231,CUST_1588,2023-07-10,183.39
TXN_18232,CUST_1588,2023-12-31,53.78
TXN_18233,CUST_1588,2023-12-31,107.16
TXN_18234,CUST_1588,2023-08-04,149.52
TXN_18235,CUST_1588,2023-06-11,179.05
TXN_18236,CUST_1588,2023-05-28,44.64
TXN_18237,CUST_1589,2023-11-25,87.3
TXN_18238,CUST_1589,2023-11-23,125.03
TXN_18239,CUST_1589,2023-12-23,148.49
TXN_18240,CUST_1589,2023-11-29,204.54
TXN_18241,CUST_1589,2023-11-19,61.39
TXN_18242,CUST_1589,2023-11-28,180.75
TXN_18243,CUST_1589,2023-11-28,53.47
TXN_18244,CUST_1589,2023-12-26,92.24
TXN_18245,CUST_1589,2023-12-10,224.48
TXN_18246,CUST_1589,2023-11-24,213.65
TXN_18247,CUST_1589,2023-12-06,227.51
TXN_18248,CUST_1589,2023-11-23,233.85
TXN_18249,CUST_1589,2023-11-19,201.51
TXN_18250,CUST_1590,2023-05-19,69.14
TXN_18251,CUST_1590,2023-05-27,69.09
TXN_18252,CUST_1590,2023-07-28,42.24
TXN_18253,CUST_1590,2023-06-11,161.89
TXN_18254,CUST_1590,2023-05-30,30.34
TXN_18255,CUST_1590,2023-05-09,44.6
TXN_18256,CUST_1590,2023-09-25,169.6
TXN_18257,CUST_1590,2023-05-08,106.9
TXN_18258,CUST_1590,2023-05-29,150.84
TXN_18259,CUST_1590,2023-07-01,128.06
TXN_18260,CUST_1590,2023-06-02,47.38
TXN_18261,CUST_1590,2023-08-20,221.77
TXN_18262,CUST_1590,2023-12-21,28.78
TXN_18263,CUST_1590,2023-08-19,185.73
TXN_18264,CUST_1591,2023-03-02,82.96
TXN_18265,CUST_1591,2023-03-21,120.83
TXN_18266,CUST_1591,2023-08-07,18.25
TXN_18267,CUST_1591,2023-10-11,112.06
TXN_18268,CUST_1591,2023-02-27,134.48
TXN_18269,CUST_1591,2023-05-29,25.52
TXN_18270,CUST_1591,2023-06-18,193.78
TXN_18271,CUST_1591,2023-02-18,54.45
TXN_18272,CUST_1591,2023-02-23,202.21
TXN_18273,CUST_1591,2023-03-05,202.04
TXN_18274,CUST_1591,2023-04-26,195.29
TXN_18275,CUST_1591,2023-04-29,93.91
TXN_18276,CUST_1591,2023-10-26,183.09
TXN_18277,CUST_1591,2023-04-13,164.8
TXN_18278,CUST_1592,2023-12-15,25.18
TXN_18279,CUST_1592,2023-07-28,177.95
TXN_18280,CUST_1593,2023-07-16,199.45
TXN_18281,CUST_1594,2023-08-19,194.23
TXN_18282,CUST_1595,2023-11-29,18.58
TXN_18283,CUST_1595,2023-12-11,144.28
TXN_18284,CUST_1595,2023-12-09,206.1
TXN_18285,CUST_1595,2023-12-04,44.26
TXN_18286,CUST_1595,2023-12-28,143.14
TXN_18287,CUST_1595,2023-12-08,234.35
TXN_18288,CUST_1595,2023-12-27,149.44
TXN_18289,CUST_1595,2023-12-01,249.32
TXN_18290,CUST_1595,2023-12-10,110.98
TXN_18291,CUST_1595,2023-12-07,112.72
TXN_18292,CUST_1595,2023-12-22,128.39
TXN_18293,CUST_1595,2023-12-17,212.44
TXN_18294,CUST_1595,2023-12-17,184.71
TXN_18295,CUST_1596,2023-07-21,18.19
TXN_18296,CUST_1596,2023-07-08,230.01
TXN_18297,CUST_1596,2023-09-02,188.25
TXN_18298,CUST_1596,2023-07-14,179.8
TXN_18299,CUST_1596,2023-08-25,56.92
TXN_18300,CUST_1596,2023-12-31,98.2
TXN_18301,CUST_1596,2023-07-14,101.75
TXN_18302,CUST_1596,2023-06-25,161.87
TXN_18303,CUST_1596,2023-07-06,203.78
TXN_18304,CUST_1596,2023-07-21,122.76
TXN_18305,CUST_1596,2023-08-25,194.04
TXN_18306,CUST_1596,2023-07-06,242.08
TXN_18307,CUST_1596,2023-08-21,16.33
TXN_18308,CUST_1596,2023-07-23,117.65
TXN_18309,CUST_1597,2023-02-05,125.56
TXN_18310,CUST_1597,2023-12-31,60.89
TXN_18311,CUST_1597,2023-05-09,150.27
TXN_18312,CUST_1597,2023-04-17,159.55
TXN_18313,CUST_1597,2023-04-01,18.98
TXN_18314,CUST_1597,2023-10-09,209.34
TXN_18315,CUST_1597,2023-01-31,112.12
TXN_18316,CUST_1597,2023-07-02,245.31
TXN_18317,CUST_1598,2023-04-12,172.45
TXN_18318,CUST_1598,2023-02-13,106.52
TXN_18319,CUST_1598,2023-06-01,81.58
TXN_18320,CUST_1598,2023-05-17,98.96
TXN_18321,CUST_1598,2023-07-13,29.24
TXN_18322,CUST_1599,2023-03-03,194.66
TXN_18323,CUST_1599,2023-02-06,230.6
TXN_18324,CUST_1599,2023-10-07,228.56
TXN_18325,CUST_1599,2023-06-26,40.14
TXN_18326,CUST_1600,2023-10-08,155.96
TXN_18327,CUST_1600,2023-10-13,123.45
TXN_18328,CUST_1600,2023-12-31,58.48
TXN_18329,CUST_1601,2023-10-10,32.52
TXN_18330,CUST_1602,2023-10-23,142.79
TXN_18331,CUST_1602,2023-05-07,231.18
TXN_18332,CUST_1602,2023-06-26,219.12
TXN_18333,CUST_1602,2023-10-07,206.7
TXN_18334,CUST_1602,2023-05-09,73.06
TXN_18335,CUST_1602,2023-10-18,226.26
TXN_18336,CUST_1602,2023-06-22,118.41
TXN_18337,CUST_1602,2023-05-19,242.58
TXN_18338,CUST_1602,2023-05-23,59.87
TXN_18339,CUST_1602,2023-07-29,72.07
TXN_18340,CUST_1603,2023-02-22,202.44
TXN_18341,CUST_1603,2023-03-04,130.54
TXN_18342,CUST_1604,2023-11-30,224.23
TXN_18343,CUST_1604,2023-11-24,244.42
TXN_18344,CUST_1604,2023-12-06,50.68
TXN_18345,CUST_1604,2023-11-24,141.45
TXN_18346,CUST_1605,2023-09-21,72.61
TXN_18347,CUST_1606,2023-09-04,242.29
TXN_18348,CUST_1606,2023-06-25,191.43
TXN_18349,CUST_1606,2023-08-08,227.13
TXN_18350,CUST_1606,2023-08-18,119.97
TXN_18351,CUST_1606,2023-09-02,210.88
TXN_18352,CUST_1606,2023-07-15,40.27
TXN_18353,CUST_1607,2023-12-13,166.34
TXN_18354,CUST_1607,2023-04-08,19.92
TXN_18355,CUST_1607,2023-04-04,158.21
TXN_18356,CUST_1607,2023-06-26,132.42
TXN_18357,CUST_1608,2023-04-29,136.33
TXN_18358,CUST_1609,2023-11-17,27.5
TXN_18359,CUST_1610,2023-07-09,242.86
TXN_18360,CUST_1610,2023-07-30,148.03
TXN_18361,CUST_1610,2023-09-09,159.21
TXN_18362,CUST_1610,2023-07-18,202.46
TXN_18363,CUST_1610,2023-07-02,148.71
TXN_18364,CUST_1610,2023-07-15,159.7
TXN_18365,CUST_1610,2023-07-10,196.47
TXN_18366,CUST_1610,2023-07-11,224.24
TXN_18367,CUST_1610,2023-10-27,100.16
TXN_18368,CUST_1610,2023-07-25,179.85
TXN_18369,CUST_1611,2023-10-13,47.04
TXN_18370,CUST_1612,2023-08-31,206.08
TXN_18371,CUST_1612,2023-04-29,241.54
TXN_18372,CUST_1613,2023-08-24,241.91
TXN_18373,CUST_1614,2023-06-02,147.12
TXN_18374,CUST_1615,2023-11-21,243.92
TXN_18375,CUST_1615,2023-12-07,128.51
TXN_18376,CUST_1615,2023-11-20,205.85
TXN_18377,CUST_1615,2023-11-15,29.45
TXN_18378,CUST_1615,2023-11-10,45.68
TXN_18379,CUST_1615,2023-11-23,174.95
TXN_18380,CUST_1616,2023-12-22,182.64
TXN_18381,CUST_1616,2023-10-25,227.58
TXN_18382,CUST_1616,2023-10-03,83.19
TXN_18383,CUST_1616,2023-11-15,190.68
TXN_18384,CUST_1616,2023-09-06,181.97
TXN_18385,CUST_1616,2023-11-15,244.28
TXN_18386,CUST_1616,2023-12-31,91.45
TXN_18387,CUST_1616,2023-09-06,40.74
TXN_18388,CUST_1616,2023-08-25,222.37
TXN_18389,CUST_1616,2023-09-02,160.83
TXN_18390,CUST_1616,2023-10-02,198.73
TXN_18391,CUST_1617,2023-11-19,120.36
TXN_18392,CUST_1618,2023-12-31,211.21
TXN_18393,CUST_1619,2023-05-30,199.67
TXN_18394,CUST_1619,2023-05-16,196.5
TXN_18395,CUST_1619,2023-06-14,40.26
TXN_18396,CUST_1619,2023-05-21,109.53
TXN_18397,CUST_1619,2023-08-18,32.15
TXN_18398,CUST_1619,2023-07-23,183.26
TXN_18399,CUST_1619,2023-07-22,193.76
TXN_18400,CUST_1619,2023-05-11,152.97
TXN_18401,CUST_1619,2023-12-17,158.53
TXN_18402,CUST_1620,2023-08-24,249.04
TXN_18403,CUST_1620,2023-12-31,114.65
TXN_18404,CUST_1620,2023-09-03,127.99
TXN_18405,CUST_1620,2023-09-19,235.52
TXN_18406,CUST_1620,2023-07-27,207.44
TXN_18407,CUST_1620,2023-09-06,80.84
TXN_18408,CUST_1620,2023-10-08,115.38
TXN_18409,CUST_1620,2023-07-12,248.45
TXN_18410,CUST_1620,2023-08-07,142.26
TXN_18411,CUST_1620,2023-10-11,240.81
TXN_18412,CUST_1620,2023-11-05,138.39
TXN_18413,CUST_1620,2023-08-21,81.01
TXN_18414,CUST_1620,2023-08-11,237.51
TXN_18415,CUST_1621,2023-12-06,144.92
TXN_18416,CUST_1621,2023-12-08,24.01
TXN_18417,CUST_1621,2023-11-19,34.59
TXN_18418,CUST_1621,2023-11-27,70.33
TXN_18419,CUST_1621,2023-12-31,142.44
TXN_18420,CUST_1621,2023-12-04,80.52
TXN_18421,CUST_1621,2023-11-24,93.83
TXN_18422,CUST_1621,2023-12-05,126.32
TXN_18423,CUST_1621,2023-11-29,154.12
TXN_18424,CUST_1621,2023-12-09,36.24
TXN_18425,CUST_1621,2023-12-10,147.36
TXN_18426,CUST_1621,2023-12-04,91.97
TXN_18427,CUST_1621,2023-11-26,69.32
TXN_18428,CUST_1621,2023-12-31,131.8
TXN_18429,CUST_1622,2023-03-17,116.23
TXN_18430,CUST_1622,2023-07-21,176.15
TXN_18431,CUST_1622,2023-03-08,242.75
TXN_18432,CUST_1623,2023-03-07,123.07
TXN_18433,CUST_1624,2023-12-31,32.98
TXN_18434,CUST_1625,2023-04-02,130.96
TXN_18435,CUST_1626,2023-12-13,75.59
TXN_18436,CUST_1627,2023-10-27,15.12
TXN_18437,CUST_1627,2023-09-24,70.28
TXN_18438,CUST_1627,2023-11-21,50.93
TXN_18439,CUST_1628,2023-11-14,108.64
TXN_18440,CUST_1628,2023-10-16,37.12
TXN_18441,CUST_1628,2023-12-02,28.29
TXN_18442,CUST_1628,2023-11-07,58.17
TXN_18443,CUST_1628,2023-10-22,79.23
TXN_18444,CUST_1628,2023-10-16,56.65
TXN_18445,CUST_1628,2023-11-11,132.2
TXN_18446,CUST_1628,2023-11-25,29.39
TXN_18447,CUST_1628,2023-12-10,249.15
TXN_18448,CUST_1628,2023-10-16,242.4
TXN_18449,CUST_1628,2023-10-22,177.75
TXN_18450,CUST_1628,2023-10-24,137.63
TXN_18451,CUST_1628,2023-11-03,99.86
TXN_18452,CUST_1629,2023-10-26,117.17
TXN_18453,CUST_1629,2023-09-21,125.96
TXN_18454,CUST_1629,2023-10-13,215.85
TXN_18455,CUST_1629,2023-11-03,33.64
TXN_18456,CUST_1629,2023-09-27,88.29
TXN_18457,CUST_1629,2023-09-23,122.37
TXN_18458,CUST_1629,2023-12-31,135.93
TXN_18459,CUST_1629,2023-11-04,175.49
TXN_18460,CUST_1629,2023-11-23,65.7
TXN_18461,CUST_1629,2023-11-06,222.12
TXN_18462,CUST_1629,2023-09-25,96.5
TXN_18463,CUST_1629,2023-12-31,198.49
TXN_18464,CUST_1629,2023-09-30,147.53
TXN_18465,CUST_1629,2023-10-06,130.14
TXN_18466,CUST_1630,2023-08-20,173.57
TXN_18467,CUST_1631,2023-07-01,86.38
TXN_18468,CUST_1631,2023-10-14,192.15
TXN_18469,CUST_1631,2023-06-26,117.14
TXN_18470,CUST_1631,2023-08-20,205.6
TXN_18471,CUST_1631,2023-08-18,142.12
TXN_18472,CUST_1632,2023-12-16,221.1
TXN_18473,CUST_1632,2023-12-15,225.43
TXN_18474,CUST_1632,2023-12-02,233.53
TXN_18475,CUST_1632,2023-12-06,231.58
TXN_18476,CUST_1632,2023-12-02,183.08
TXN_18477,CUST_1632,2023-12-14,249.27
TXN_18478,CUST_1632,2023-12-16,104.9
TXN_18479,CUST_1632,2023-12-09,101.14
TXN_18480,CUST_1632,2023-12-04,73.4
TXN_18481,CUST_1632,2023-12-04,143.97
TXN_18482,CUST_1632,2023-12-24,229.49
TXN_18483,CUST_1632,2023-12-02,33.78
TXN_18484,CUST_1633,2023-07-06,37.3
TXN_18485,CUST_1634,2023-06-21,150.87
TXN_18486,CUST_1635,2023-12-20,18.73
TXN_18487,CUST_1635,2023-12-25,88.19
TXN_18488,CUST_1635,2023-12-22,24.22
TXN_18489,CUST_1635,2023-12-24,139.41
TXN_18490,CUST_1635,2023-12-24,200.55
TXN_18491,CUST_1635,2023-12-19,150.85
TXN_18492,CUST_1635,2023-12-23,136.43
TXN_18493,CUST_1635,2023-12-19,201.97
TXN_18494,CUST_1635,2023-12-31,242.78
TXN_18495,CUST_1635,2023-12-25,113.26
TXN_18496,CUST_1635,2023-12-20,31.11
TXN_18497,CUST_1635,2023-12-21,51.67
TXN_18498,CUST_1635,2023-12-20,224.59
TXN_18499,CUST_1635,2023-12-31,237.91
TXN_18500,CUST_1636,2023-10-21,48.25
TXN_18501,CUST_1637,2023-07-19,245.96
TXN_18502,CUST_1637,2023-02-28,164.0
TXN_18503,CUST_1637,2023-07-14,230.69
TXN_18504,CUST_1637,2023-10-05,212.86
TXN_18505,CUST_1637,2023-12-22,141.28
TXN_18506,CUST_1637,2023-02-28,17.6
TXN_18507,CUST_1637,2023-05-19,117.29
TXN_18508,CUST_1637,2023-04-30,109.1
TXN_18509,CUST_1637,2023-11-09,99.41
TXN_18510,CUST_1637,2023-09-13,227.17
TXN_18511,CUST_1637,2023-05-09,120.03
TXN_18512,CUST_1638,2023-11-05,230.67
TXN_18513,CUST_1638,2023-11-12,110.84
TXN_18514,CUST_1638,2023-11-08,114.41
TXN_18515,CUST_1638,2023-11-22,116.92
TXN_18516,CUST_1639,2023-09-14,62.7
TXN_18517,CUST_1640,2023-11-03,218.68
TXN_18518,CUST_1641,2023-12-29,172.52
TXN_18519,CUST_1642,2023-02-24,36.57
TXN_18520,CUST_1642,2023-07-24,121.17
TXN_18521,CUST_1642,2023-09-10,150.06
TXN_18522,CUST_1642,2023-05-27,234.54
TXN_18523,CUST_1642,2023-03-05,142.61
TXN_18524,CUST_1642,2023-02-20,99.35
TXN_18525,CUST_1642,2023-03-03,59.14
TXN_18526,CUST_1642,2023-12-02,158.51
TXN_18527,CUST_1642,2023-10-09,119.23
TXN_18528,CUST_1642,2023-05-22,22.54
TXN_18529,CUST_1642,2023-04-22,147.55
TXN_18530,CUST_1642,2023-02-15,200.53
TXN_18531,CUST_1642,2023-03-23,121.33
TXN_18532,CUST_1643,2023-12-17,214.06
TXN_18533,CUST_1643,2023-12-12,188.76
TXN_18534,CUST_1644,2023-07-12,208.55
TXN_18535,CUST_1644,2023-07-06,124.73
TXN_18536,CUST_1644,2023-07-13,53.15
TXN_18537,CUST_1644,2023-07-14,130.8
TXN_18538,CUST_1644,2023-07-16,37.73
TXN_18539,CUST_1644,2023-10-07,141.86
TXN_18540,CUST_1644,2023-07-10,125.79
TXN_18541,CUST_1644,2023-07-04,151.4
TXN_18542,CUST_1644,2023-07-25,39.33
TXN_18543,CUST_1644,2023-07-12,96.24
TXN_18544,CUST_1644,2023-10-08,55.83
TXN_18545,CUST_1644,2023-07-07,136.25
TXN_18546,CUST_1644,2023-08-19,36.21
TXN_18547,CUST_1644,2023-07-20,76.75
TXN_18548,CUST_1645,2023-07-13,23.72
TXN_18549,CUST_1646,2023-12-26,150.23
TXN_18550,CUST_1646,2023-12-27,44.98
TXN_18551,CUST_1646,2023-12-23,158.21
TXN_18552,CUST_1646,2023-12-25,178.51
TXN_18553,CUST_1646,2023-12-25,168.09
TXN_18554,CUST_1646,2023-12-22,178.4
TXN_18555,CUST_1646,2023-12-25,248.47
TXN_18556,CUST_1646,2023-12-25,176.41
TXN_18557,CUST_1646,2023-12-24,218.96
TXN_18558,CUST_1646,2023-12-31,198.08
TXN_18559,CUST_1646,2023-12-24,33.55
TXN_18560,CUST_1646,2023-12-25,181.51
TXN_18561,CUST_1646,2023-12-26,44.27
TXN_18562,CUST_1647,2023-09-06,239.02
TXN_18563,CUST_1647,2023-12-31,15.77
TXN_18564,CUST_1647,2023-07-17,143.53
TXN_18565,CUST_1647,2023-12-31,248.64
TXN_18566,CUST_1647,2023-08-27,55.84
TXN_18567,CUST_1647,2023-07-20,194.51
TXN_18568,CUST_1647,2023-08-30,143.96
TXN_18569,CUST_1647,2023-08-15,185.41
TXN_18570,CUST_1648,2023-07-02,199.52
TXN_18571,CUST_1648,2023-07-10,175.88
TXN_18572,CUST_1648,2023-08-07,244.28
TXN_18573,CUST_1648,2023-12-15,115.51
TXN_18574,CUST_1648,2023-09-02,209.92
TXN_18575,CUST_1648,2023-11-11,31.01
TXN_18576,CUST_1649,2023-07-29,117.09
TXN_18577,CUST_1650,2023-03-29,170.86
TXN_18578,CUST_1651,2023-07-14,218.79
TXN_18579,CUST_1651,2023-06-23,108.67
TXN_18580,CUST_1651,2023-07-19,89.42
TXN_18581,CUST_1651,2023-08-16,73.44
TXN_18582,CUST_1651,2023-09-23,79.0
TXN_18583,CUST_1651,2023-12-31,89.37
TXN_18584,CUST_1651,2023-10-23,108.38
TXN_18585,CUST_1651,2023-06-03,68.15
TXN_18586,CUST_1651,2023-10-06,87.56
TXN_18587,CUST_1651,2023-06-13,61.29
TXN_18588,CUST_1651,2023-12-31,72.51
TXN_18589,CUST_1651,2023-06-03,236.82
TXN_18590,CUST_1651,2023-11-07,73.49
TXN_18591,CUST_1652,2023-08-26,207.78
TXN_18592,CUST_1652,2023-10-25,84.25
TXN_18593,CUST_1652,2023-08-27,63.51
TXN_18594,CUST_1652,2023-10-25,241.72
TXN_18595,CUST_1652,2023-09-04,207.29
TXN_18596,CUST_1652,2023-09-03,174.71
TXN_18597,CUST_1652,2023-08-26,152.54
TXN_18598,CUST_1653,2023-11-18,83.09
TXN_18599,CUST_1654,2023-12-11,117.99
TXN_18600,CUST_1655,2023-10-06,212.4
TXN_18601,CUST_1656,2023-02-11,39.62
TXN_18602,CUST_1656,2023-07-27,74.31
TXN_18603,CUST_1656,2023-02-06,109.29
TXN_18604,CUST_1656,2023-08-09,44.74
TXN_18605,CUST_1656,2023-06-04,15.85
TXN_18606,CUST_1656,2023-02-12,97.45
TXN_18607,CUST_1656,2023-02-09,213.79
TXN_18608,CUST_1656,2023-09-10,192.56
TXN_18609,CUST_1656,2023-03-02,137.96
TXN_18610,CUST_1656,2023-02-22,81.1
TXN_18611,CUST_1656,2023-04-21,187.73
TXN_18612,CUST_1656,2023-02-11,84.72
TXN_18613,CUST_1656,2023-11-17,115.84
TXN_18614,CUST_1656,2023-12-08,247.98
TXN_18615,CUST_1657,2023-04-25,156.4
TXN_18616,CUST_1657,2023-12-31,215.86
TXN_18617,CUST_1657,2023-02-18,196.89
TXN_18618,CUST_1657,2023-01-23,45.5
TXN_18619,CUST_1657,2023-02-17,155.34
TXN_18620,CUST_1657,2023-02-16,100.84
TXN_18621,CUST_1657,2023-02-23,94.29
TXN_18622,CUST_1657,2023-12-14,249.38
TXN_18623,CUST_1657,2023-06-03,149.49
TXN_18624,CUST_1657,2023-06-12,196.34
TXN_18625,CUST_1658,2023-06-14,191.26
TXN_18626,CUST_1658,2023-09-22,149.95
TXN_18627,CUST_1658,2023-06-15,224.17
TXN_18628,CUST_1658,2023-12-31,62.56
TXN_18629,CUST_1658,2023-08-31,212.86
TXN_18630,CUST_1658,2023-08-01,90.98
TXN_18631,CUST_1658,2023-07-23,135.38
TXN_18632,CUST_1658,2023-07-13,233.51
TXN_18633,CUST_1658,2023-09-10,71.71
TXN_18634,CUST_1658,2023-08-08,176.84
TXN_18635,CUST_1659,2023-12-29,227.8
TXN_18636,CUST_1660,2023-08-15,69.21
TXN_18637,CUST_1660,2023-07-12,219.73
TXN_18638,CUST_1660,2023-06-09,140.2
TXN_18639,CUST_1660,2023-10-27,43.67
TXN_18640,CUST_1660,2023-12-31,17.91
TXN_18641,CUST_1660,2023-11-03,98.11
TXN_18642,CUST_1660,2023-06-16,51.98
TXN_18643,CUST_1660,2023-08-29,219.62
TXN_18644,CUST_1660,2023-08-16,233.25
TXN_18645,CUST_1660,2023-10-12,17.12
TXN_18646,CUST_1660,2023-08-22,86.59
TXN_18647,CUST_1660,2023-07-18,37.1
TXN_18648,CUST_1660,2023-06-29,163.68
TXN_18649,CUST_1661,2023-06-01,231.91
TXN_18650,CUST_1662,2023-08-15,165.71
TXN_18651,CUST_1663,2023-12-26,67.76
TXN_18652,CUST_1664,2023-09-18,140.58
TXN_18653,CUST_1665,2023-08-03,211.92
TXN_18654,CUST_1665,2023-11-12,142.04
TXN_18655,CUST_1665,2023-08-08,37.59
TXN_18656,CUST_1666,2023-08-15,184.6
TXN_18657,CUST_1666,2023-04-29,43.74
TXN_18658,CUST_1666,2023-04-10,218.24
TXN_18659,CUST_1666,2023-09-20,238.62
TXN_18660,CUST_1666,2023-03-25,141.15
TXN_18661,CUST_1666,2023-06-26,182.0
TXN_18662,CUST_1666,2023-06-25,195.95
TXN_18663,CUST_1666,2023-04-29,57.17
TXN_18664,CUST_1666,2023-04-08,17.81
TXN_18665,CUST_1666,2023-04-28,36.56
TXN_18666,CUST_1666,2023-04-24,162.63
TXN_18667,CUST_1666,2023-10-19,212.31
TXN_18668,CUST_1666,2023-04-14,46.51
TXN_18669,CUST_1667,2023-12-31,144.13
TXN_18670,CUST_1668,2023-12-03,107.87
TXN_18671,CUST_1669,2023-10-08,30.71
TXN_18672,CUST_1669,2023-09-11,43.06
TXN_18673,CUST_1669,2023-09-30,156.34
TXN_18674,CUST_1670,2023-02-27,107.83
TXN_18675,CUST_1671,2023-02-19,89.92
TXN_18676,CUST_1672,2023-08-27,215.1
TXN_18677,CUST_1672,2023-07-23,128.0
TXN_18678,CUST_1672,2023-07-03,56.62
TXN_18679,CUST_1672,2023-12-17,89.28
TXN_18680,CUST_1672,2023-09-24,183.11
TXN_18681,CUST_1672,2023-09-21,235.14
TXN_18682,CUST_1672,2023-08-11,226.02
TXN_18683,CUST_1672,2023-06-16,162.28
TXN_18684,CUST_1672,2023-09-15,78.84
TXN_18685,CUST_1672,2023-09-06,197.94
TXN_18686,CUST_1673,2023-11-23,117.41
TXN_18687,CUST_1673,2023-08-05,123.03
TXN_18688,CUST_1673,2023-05-26,137.01
TXN_18689,CUST_1673,2023-06-08,245.43
TXN_18690,CUST_1673,2023-06-19,205.61
TXN_18691,CUST_1673,2023-07-24,127.71
TXN_18692,CUST_1673,2023-06-15,95.34
TXN_18693,CUST_1673,2023-05-02,193.95
TXN_18694,CUST_1673,2023-11-19,66.22
TXN_18695,CUST_1673,2023-11-27,69.59
TXN_18696,CUST_1673,2023-06-25,95.75
TXN_18697,CUST_1673,2023-05-03,27.42
TXN_18698,CUST_1674,2023-08-23,39.49
TXN_18699,CUST_1675,2023-01-17,51.01
TXN_18700,CUST_1676,2023-12-27,174.54
TXN_18701,CUST_1676,2023-12-26,75.58
TXN_18702,CUST_1676,2023-12-27,89.97
TXN_18703,CUST_1676,2023-12-27,102.89
TXN_18704,CUST_1676,2023-12-27,129.48
TXN_18705,CUST_1676,2023-12-26,167.67
TXN_18706,CUST_1676,2023-12-26,95.3
TXN_18707,CUST_1676,2023-12-26,66.79
TXN_18708,CUST_1676,2023-12-26,234.81
TXN_18709,CUST_1677,2023-08-18,33.57
TXN_18710,CUST_1677,2023-09-22,58.86
TXN_18711,CUST_1677,2023-09-12,101.96
TXN_18712,CUST_1677,2023-10-27,90.32
TXN_18713,CUST_1677,2023-09-09,184.5
TXN_18714,CUST_1677,2023-09-06,201.41
TXN_18715,CUST_1677,2023-10-01,111.47
TXN_18716,CUST_1677,2023-09-13,242.29
TXN_18717,CUST_1677,2023-10-01,227.67
TXN_18718,CUST_1677,2023-08-20,128.56
TXN_18719,CUST_1677,2023-12-02,90.81
TXN_18720,CUST_1678,2023-12-20,157.27
TXN_18721,CUST_1678,2023-12-22,85.15
TXN_18722,CUST_1678,2023-12-27,226.83
TXN_18723,CUST_1678,2023-12-21,51.6
TXN_18724,CUST_1678,2023-12-20,128.84
TXN_18725,CUST_1678,2023-12-20,126.23
TXN_18726,CUST_1679,2023-07-14,71.36
TXN_18727,CUST_1679,2023-07-19,144.84
TXN_18728,CUST_1679,2023-11-05,135.11
TXN_18729,CUST_1679,2023-07-10,147.4
TXN_18730,CUST_1679,2023-10-09,46.06
TXN_18731,CUST_1679,2023-07-11,59.13
TXN_18732,CUST_1679,2023-09-25,154.04
TXN_18733,CUST_1679,2023-08-21,73.63
TXN_18734,CUST_1679,2023-07-30,241.98
TXN_18735,CUST_1679,2023-07-23,226.89
TXN_18736,CUST_1679,2023-08-27,43.97
TXN_18737,CUST_1679,2023-08-13,237.91
TXN_18738,CUST_1680,2023-12-10,200.69
TXN_18739,CUST_1680,2023-12-10,19.7
TXN_18740,CUST_1680,2023-12-20,143.86
TXN_18741,CUST_1680,2023-12-18,104.95
TXN_18742,CUST_1680,2023-12-10,92.79
TXN_18743,CUST_1680,2023-12-16,68.04
TXN_18744,CUST_1680,2023-12-18,201.68
TXN_18745,CUST_1680,2023-12-14,220.79
TXN_18746,CUST_1681,2023-12-31,126.87
TXN_18747,CUST_1681,2023-12-31,167.06
TXN_18748,CUST_1681,2023-12-31,28.06
TXN_18749,CUST_1681,2023-12-31,183.49
TXN_18750,CUST_1681,2023-12-31,38.47
TXN_18751,CUST_1681,2023-12-31,47.97
TXN_18752,CUST_1681,2023-12-31,52.53
TXN_18753,CUST_1681,2023-12-31,233.29
TXN_18754,CUST_1681,2023-12-31,175.56
TXN_18755,CUST_1682,2023-06-12,224.06
TXN_18756,CUST_1682,2023-07-27,142.67
TXN_18757,CUST_1682,2023-07-04,142.55
TXN_18758,CUST_1683,2023-12-09,208.49
TXN_18759,CUST_1684,2023-05-06,108.13
TXN_18760,CUST_1684,2023-07-06,188.9
TXN_18761,CUST_1684,2023-05-23,242.78
TXN_18762,CUST_1684,2023-12-31,111.92
TXN_18763,CUST_1684,2023-08-28,142.67
TXN_18764,CUST_1684,2023-05-23,27.92
TXN_18765,CUST_1684,2023-06-05,226.64
TXN_18766,CUST_1684,2023-08-08,199.78
TXN_18767,CUST_1684,2023-03-31,99.24
TXN_18768,CUST_1685,2023-09-06,151.19
TXN_18769,CUST_1686,2023-09-19,118.05
TXN_18770,CUST_1687,2023-11-16,224.58
TXN_18771,CUST_1688,2023-03-01,209.3
TXN_18772,CUST_1689,2023-12-09,213.02
TXN_18773,CUST_1689,2023-12-03,214.28
TXN_18774,CUST_1689,2023-12-09,77.56
TXN_18775,CUST_1689,2023-12-04,106.74
TXN_18776,CUST_1689,2023-12-07,34.39
TXN_18777,CUST_1689,2023-12-19,43.56
TXN_18778,CUST_1689,2023-12-07,105.0
TXN_18779,CUST_1689,2023-12-08,223.56
TXN_18780,CUST_1689,2023-12-31,19.76
TXN_18781,CUST_1689,2023-12-05,207.14
TXN_18782,CUST_1690,2023-09-28,248.18
TXN_18783,CUST_1691,2023-02-14,43.43
TXN_18784,CUST_1691,2023-12-31,129.59
TXN_18785,CUST_1691,2023-03-07,195.87
TXN_18786,CUST_1691,2023-03-11,185.9
TXN_18787,CUST_1692,2023-11-04,57.23
TXN_18788,CUST_1692,2023-10-27,190.71
TXN_18789,CUST_1692,2023-12-09,217.71
TXN_18790,CUST_1692,2023-10-09,129.69
TXN_18791,CUST_1692,2023-10-23,226.2
TXN_18792,CUST_1692,2023-10-05,188.6
TXN_18793,CUST_1692,2023-11-01,231.57
TXN_18794,CUST_1692,2023-10-22,169.55
TXN_18795,CUST_1692,2023-12-31,189.82
TXN_18796,CUST_1692,2023-10-07,54.37
TXN_18797,CUST_1692,2023-11-23,93.68
TXN_18798,CUST_1693,2023-08-21,146.97
TXN_18799,CUST_1693,2023-08-14,31.92
TXN_18800,CUST_1693,2023-08-14,200.8
TXN_18801,CUST_1693,2023-10-15,224.71
TXN_18802,CUST_1693,2023-07-17,138.88
TXN_18803,CUST_1693,2023-07-21,62.17
TXN_18804,CUST_1693,2023-11-21,131.75
TXN_18805,CUST_1693,2023-10-03,30.13
TXN_18806,CUST_1693,2023-08-14,173.45
TXN_18807,CUST_1693,2023-07-23,91.57
TXN_18808,CUST_1694,2023-12-22,243.16
TXN_18809,CUST_1695,2023-09-19,105.24
TXN_18810,CUST_1695,2023-09-03,206.8
TXN_18811,CUST_1695,2023-10-29,163.11
TXN_18812,CUST_1695,2023-09-03,76.65
TXN_18813,CUST_1695,2023-09-24,77.5
TXN_18814,CUST_1695,2023-09-22,68.1
TXN_18815,CUST_1695,2023-09-16,168.29
TXN_18816,CUST_1695,2023-11-29,105.48
TXN_18817,CUST_1695,2023-10-17,46.68
TXN_18818,CUST_1695,2023-09-30,231.6
TXN_18819,CUST_1696,2023-11-24,46.14
TXN_18820,CUST_1697,2023-08-30,222.83
TXN_18821,CUST_1697,2023-08-21,121.51
TXN_18822,CUST_1697,2023-09-25,221.2
TXN_18823,CUST_1697,2023-09-12,102.78
TXN_18824,CUST_1697,2023-11-13,87.91
TXN_18825,CUST_1697,2023-08-11,119.58
TXN_18826,CUST_1697,2023-10-20,22.23
TXN_18827,CUST_1697,2023-09-18,154.7
TXN_18828,CUST_1697,2023-12-13,82.32
TXN_18829,CUST_1697,2023-08-22,118.51
TXN_18830,CUST_1698,2023-09-25,165.81
TXN_18831,CUST_1699,2023-01-26,161.27
TXN_18832,CUST_1699,2023-01-23,104.86
TXN_18833,CUST_1699,2023-03-16,249.75
TXN_18834,CUST_1699,2023-02-27,207.81
TXN_18835,CUST_1699,2023-01-23,139.5
TXN_18836,CUST_1700,2023-07-07,30.79
TXN_18837,CUST_1700,2023-02-07,243.96
TXN_18838,CUST_1700,2023-05-31,146.94
TXN_18839,CUST_1700,2023-03-06,25.43
TXN_18840,CUST_1700,2023-03-07,132.24
TXN_18841,CUST_1700,2023-02-08,55.69
TXN_18842,CUST_1700,2023-04-05,152.69
TXN_18843,CUST_1700,2023-02-13,153.04
TXN_18844,CUST_1700,2023-10-10,126.2
TXN_18845,CUST_1700,2023-08-29,232.91
TXN_18846,CUST_1700,2023-01-23,37.52
TXN_18847,CUST_1700,2023-03-29,153.2
TXN_18848,CUST_1700,2023-03-18,91.72
TXN_18849,CUST_1701,2023-11-01,84.33
TXN_18850,CUST_1701,2023-12-13,31.64
TXN_18851,CUST_1701,2023-08-03,165.39
TXN_18852,CUST_1701,2023-08-23,142.47
TXN_18853,CUST_1701,2023-10-10,60.76
TXN_18854,CUST_1701,2023-12-31,117.8
TXN_18855,CUST_1701,2023-12-30,105.03
TXN_18856,CUST_1701,2023-09-02,120.82
TXN_18857,CUST_1701,2023-09-14,58.15
TXN_18858,CUST_1701,2023-08-10,31.07
TXN_18859,CUST_1701,2023-09-02,241.23
TXN_18860,CUST_1701,2023-07-14,170.01
TXN_18861,CUST_1701,2023-10-05,65.08
TXN_18862,CUST_1701,2023-07-30,62.37
TXN_18863,CUST_1702,2023-02-04,102.03
TXN_18864,CUST_1703,2023-09-11,203.23
TXN_18865,CUST_1704,2023-08-18,111.58
TXN_18866,CUST_1704,2023-08-17,151.75
TXN_18867,CUST_1704,2023-12-19,81.86
TXN_18868,CUST_1705,2023-12-26,229.88
TXN_18869,CUST_1705,2023-11-07,109.43
TXN_18870,CUST_1705,2023-11-22,136.74
TXN_18871,CUST_1705,2023-11-03,248.52
TXN_18872,CUST_1706,2023-10-11,75.46
TXN_18873,CUST_1706,2023-10-23,163.72
TXN_18874,CUST_1706,2023-12-31,135.5
TXN_18875,CUST_1706,2023-10-22,112.36
TXN_18876,CUST_1706,2023-10-02,86.28
TXN_18877,CUST_1706,2023-10-05,203.29
TXN_18878,CUST_1706,2023-10-21,84.61
TXN_18879,CUST_1706,2023-10-18,66.43
TXN_18880,CUST_1706,2023-10-03,217.09
TXN_18881,CUST_1706,2023-12-27,33.8
TXN_18882,CUST_1706,2023-11-11,121.53
TXN_18883,CUST_1706,2023-10-12,177.01
TXN_18884,CUST_1706,2023-10-06,19.84
TXN_18885,CUST_1706,2023-10-04,58.46
TXN_18886,CUST_1707,2023-08-02,126.51
TXN_18887,CUST_1708,2023-07-08,123.36
TXN_18888,CUST_1708,2023-08-02,205.53
TXN_18889,CUST_1708,2023-10-12,193.43
TXN_18890,CUST_1708,2023-07-22,31.93
TXN_18891,CUST_1708,2023-07-21,174.75
TXN_18892,CUST_1708,2023-09-08,241.78
TXN_18893,CUST_1709,2023-10-13,162.28
TXN_18894,CUST_1709,2023-12-23,240.03
TXN_18895,CUST_1709,2023-11-05,19.67
TXN_18896,CUST_1709,2023-10-14,210.99
TXN_18897,CUST_1709,2023-11-28,237.31
TXN_18898,CUST_1709,2023-11-03,218.0
TXN_18899,CUST_1709,2023-11-27,153.51
TXN_18900,CUST_1709,2023-11-21,44.54
TXN_18901,CUST_1709,2023-11-08,239.06
TXN_18902,CUST_1709,2023-10-16,189.85
TXN_18903,CUST_1709,2023-10-22,207.02
TXN_18904,CUST_1709,2023-11-12,232.65
TXN_18905,CUST_1709,2023-11-14,111.42
TXN_18906,CUST_1710,2023-10-15,110.99
TXN_18907,CUST_1711,2023-11-08,117.38
TXN_18908,CUST_1711,2023-11-28,181.15
TXN_18909,CUST_1711,2023-06-21,151.11
TXN_18910,CUST_1711,2023-11-21,202.99
TXN_18911,CUST_1711,2023-07-19,239.44
TXN_18912,CUST_1712,2023-09-25,191.18
TXN_18913,CUST_1713,2023-09-17,186.27
TXN_18914,CUST_1714,2023-09-10,24.97
TXN_18915,CUST_1714,2023-12-31,248.43
TXN_18916,CUST_1714,2023-04-25,92.91
TXN_18917,CUST_1714,2023-02-06,79.98
TXN_18918,CUST_1714,2023-01-13,126.65
TXN_18919,CUST_1715,2023-06-19,102.4
TXN_18920,CUST_1716,2023-04-30,243.83
TXN_18921,CUST_1717,2023-12-31,37.71
TXN_18922,CUST_1717,2023-07-08,146.65
TXN_18923,CUST_1717,2023-05-25,230.16
TXN_18924,CUST_1717,2023-07-02,48.63
TXN_18925,CUST_1718,2023-12-31,49.19
TXN_18926,CUST_1718,2023-12-31,35.14
TXN_18927,CUST_1718,2023-04-12,119.38
TXN_18928,CUST_1718,2023-12-31,129.81
TXN_18929,CUST_1718,2023-06-04,178.19
TXN_18930,CUST_1718,2023-12-31,199.09
TXN_18931,CUST_1719,2023-04-04,37.94
TXN_18932,CUST_1720,2023-03-07,87.33
TXN_18933,CUST_1720,2023-01-26,98.23
TXN_18934,CUST_1720,2023-02-08,115.98
TXN_18935,CUST_1720,2023-02-19,208.2
TXN_18936,CUST_1720,2023-02-04,218.43
TXN_18937,CUST_1720,2023-05-04,122.78
TXN_18938,CUST_1720,2023-04-26,103.39
TXN_18939,CUST_1720,2023-02-10,194.98
TXN_18940,CUST_1720,2023-11-19,238.27
TXN_18941,CUST_1720,2023-05-31,111.43
TXN_18942,CUST_1720,2023-04-09,169.39
TXN_18943,CUST_1720,2023-08-09,103.02
TXN_18944,CUST_1720,2023-11-02,91.2
TXN_18945,CUST_1721,2023-09-23,212.52
TXN_18946,CUST_1721,2023-08-23,226.89
TXN_18947,CUST_1722,2023-11-13,133.31
TXN_18948,CUST_1722,2023-11-03,126.01
TXN_18949,CUST_1722,2023-10-29,149.25
TXN_18950,CUST_1722,2023-12-16,21.9
TXN_18951,CUST_1722,2023-11-24,106.77
TXN_18952,CUST_1722,2023-11-17,237.9
TXN_18953,CUST_1722,2023-10-21,36.05
TXN_18954,CUST_1722,2023-10-19,67.19
TXN_18955,CUST_1722,2023-11-17,29.54
TXN_18956,CUST_1723,2023-05-26,145.83
TXN_18957,CUST_1724,2023-05-16,122.13
TXN_18958,CUST_1724,2023-06-20,176.26
TXN_18959,CUST_1724,2023-05-03,211.45
TXN_18960,CUST_1724,2023-07-31,70.01
TXN_18961,CUST_1724,2023-12-31,171.23
TXN_18962,CUST_1724,2023-06-01,52.02
TXN_18963,CUST_1724,2023-06-15,53.72
TXN_18964,CUST_1724,2023-05-28,111.05
TXN_18965,CUST_1724,2023-07-30,60.21
TXN_18966,CUST_1724,2023-09-08,91.64
TXN_18967,CUST_1724,2023-05-31,196.5
TXN_18968,CUST_1724,2023-07-05,87.39
TXN_18969,CUST_1724,2023-05-22,86.86
TXN_18970,CUST_1725,2023-08-06,49.94
TXN_18971,CUST_1725,2023-04-01,31.19
TXN_18972,CUST_1725,2023-04-29,155.3
TXN_18973,CUST_1725,2023-07-02,94.77
TXN_18974,CUST_1725,2023-05-16,187.52
TXN_18975,CUST_1725,2023-07-14,85.89
TXN_18976,CUST_1725,2023-02-15,23.84
TXN_18977,CUST_1725,2023-07-16,105.58
TXN_18978,CUST_1725,2023-02-23,58.35
TXN_18979,CUST_1725,2023-07-15,155.74
TXN_18980,CUST_1726,2023-11-01,193.61
TXN_18981,CUST_1726,2023-12-31,116.31
TXN_18982,CUST_1726,2023-09-30,123.31
TXN_18983,CUST_1726,2023-09-29,84.15
TXN_18984,CUST_1726,2023-10-25,87.76
TXN_18985,CUST_1726,2023-11-03,208.17
TXN_18986,CUST_1726,2023-10-15,226.53
TXN_18987,CUST_1726,2023-09-30,212.43
TXN_18988,CUST_1726,2023-11-22,90.67
TXN_18989,CUST_1726,2023-10-09,86.7
TXN_18990,CUST_1726,2023-11-19,210.44
TXN_18991,CUST_1726,2023-10-10,154.26
TXN_18992,CUST_1727,2023-10-28,249.72
TXN_18993,CUST_1728,2023-12-27,208.7
TXN_18994,CUST_1729,2023-04-12,173.23
TXN_18995,CUST_1729,2023-08-23,204.65
TXN_18996,CUST_1729,2023-04-29,148.31
TXN_18997,CUST_1729,2023-08-15,29.29
TXN_18998,CUST_1729,2023-06-13,211.58
TXN_18999,CUST_1729,2023-04-30,122.02
TXN_19000,CUST_1729,2023-07-09,30.95
TXN_19001,CUST_1730,2023-10-23,18.99
TXN_19002,CUST_1731,2023-06-18,61.4
TXN_19003,CUST_1732,2023-08-23,175.5
TXN_19004,CUST_1732,2023-07-24,219.23
TXN_19005,CUST_1733,2023-10-12,95.44
TXN_19006,CUST_1734,2023-05-06,103.36
TXN_19007,CUST_1735,2023-08-22,63.62
TXN_19008,CUST_1735,2023-12-31,226.52
TXN_19009,CUST_1736,2023-11-17,192.18
TXN_19010,CUST_1737,2023-12-13,233.91
TXN_19011,CUST_1737,2023-12-04,29.42
TXN_19012,CUST_1737,2023-12-06,47.1
TXN_19013,CUST_1737,2023-12-09,136.96
TXN_19014,CUST_1737,2023-12-10,190.13
TXN_19015,CUST_1737,2023-12-31,221.39
TXN_19016,CUST_1737,2023-12-04,94.55
TXN_19017,CUST_1737,2023-12-05,56.55
TXN_19018,CUST_1737,2023-12-10,145.02
TXN_19019,CUST_1737,2023-12-05,182.3
TXN_19020,CUST_1737,2023-12-15,19.93
TXN_19021,CUST_1737,2023-12-07,224.18
TXN_19022,CUST_1737,2023-12-09,96.69
TXN_19023,CUST_1737,2023-12-05,72.19
TXN_19024,CUST_1738,2023-11-05,35.36
TXN_19025,CUST_1739,2023-04-06,198.63
TXN_19026,CUST_1740,2023-03-04,149.72
TXN_19027,CUST_1741,2023-11-07,31.84
TXN_19028,CUST_1741,2023-11-06,25.43
TXN_19029,CUST_1741,2023-11-25,226.03
TXN_19030,CUST_1741,2023-11-19,169.33
TXN_19031,CUST_1741,2023-11-12,51.67
TXN_19032,CUST_1741,2023-10-30,95.83
TXN_19033,CUST_1741,2023-11-27,240.7
TXN_19034,CUST_1742,2023-12-24,132.99
TXN_19035,CUST_1742,2023-12-25,58.73
TXN_19036,CUST_1742,2023-12-25,122.3
TXN_19037,CUST_1742,2023-12-25,71.31
TXN_19038,CUST_1742,2023-12-24,64.4
TXN_19039,CUST_1742,2023-12-28,129.67
TXN_19040,CUST_1742,2023-12-23,24.68
TXN_19041,CUST_1743,2023-09-12,137.74
TXN_19042,CUST_1743,2023-06-08,221.96
TXN_19043,CUST_1743,2023-11-17,208.69
TXN_19044,CUST_1743,2023-03-31,119.22
TXN_19045,CUST_1743,2023-05-03,65.18
TXN_19046,CUST_1743,2023-11-04,224.17
TXN_19047,CUST_1743,2023-05-22,46.62
TXN_19048,CUST_1743,2023-03-26,118.04
TXN_19049,CUST_1743,2023-03-28,158.25
TXN_19050,CUST_1744,2023-09-26,111.12
TXN_19051,CUST_1744,2023-09-26,241.2
TXN_19052,CUST_1744,2023-09-24,229.63
TXN_19053,CUST_1744,2023-10-08,103.8
TXN_19054,CUST_1744,2023-09-28,164.4
TXN_19055,CUST_1744,2023-10-28,124.88
TXN_19056,CUST_1744,2023-09-20,230.85
TXN_19057,CUST_1744,2023-12-31,116.3
TXN_19058,CUST_1744,2023-10-21,120.82
TXN_19059,CUST_1744,2023-10-02,33.17
TXN_19060,CUST_1744,2023-10-09,207.32
TXN_19061,CUST_1744,2023-09-19,151.8
TXN_19062,CUST_1744,2023-12-01,66.12
TXN_19063,CUST_1745,2023-09-11,74.95
TXN_19064,CUST_1746,2023-10-01,107.24
TXN_19065,CUST_1747,2023-06-29,91.49
TXN_19066,CUST_1747,2023-04-26,63.86
TXN_19067,CUST_1747,2023-06-20,108.11
TXN_19068,CUST_1747,2023-03-13,44.91
TXN_19069,CUST_1747,2023-04-07,190.62
TXN_19070,CUST_1747,2023-03-01,75.58
TXN_19071,CUST_1748,2023-12-31,180.74
TXN_19072,CUST_1749,2023-06-26,216.64
TXN_19073,CUST_1750,2023-12-31,81.34
TXN_19074,CUST_1751,2023-12-03,158.27
TXN_19075,CUST_1752,2023-10-16,52.73
TXN_19076,CUST_1752,2023-10-18,134.54
TXN_19077,CUST_1752,2023-10-09,51.13
TXN_19078,CUST_1753,2023-11-29,104.4
TXN_19079,CUST_1753,2023-10-16,204.38
TXN_19080,CUST_1753,2023-10-07,154.58
TXN_19081,CUST_1753,2023-12-04,111.37
TXN_19082,CUST_1753,2023-10-15,130.55
TXN_19083,CUST_1753,2023-11-11,136.4
TXN_19084,CUST_1754,2023-01-21,184.51
TXN_19085,CUST_1755,2023-11-16,167.63
TXN_19086,CUST_1756,2023-10-04,75.83
TXN_19087,CUST_1756,2023-11-10,53.53
TXN_19088,CUST_1756,2023-11-25,46.0
TXN_19089,CUST_1756,2023-09-29,107.84
TXN_19090,CUST_1756,2023-12-31,40.93
TXN_19091,CUST_1756,2023-10-01,191.52
TXN_19092,CUST_1756,2023-10-09,183.56
TXN_19093,CUST_1756,2023-10-04,123.12
TXN_19094,CUST_1756,2023-10-07,121.11
TXN_19095,CUST_1756,2023-11-12,194.07
TXN_19096,CUST_1756,2023-10-20,233.17
TXN_19097,CUST_1757,2023-08-10,159.24
TXN_19098,CUST_1758,2023-03-20,176.12
TXN_19099,CUST_1758,2023-03-11,146.39
TXN_19100,CUST_1758,2023-03-04,54.04
TXN_19101,CUST_1758,2023-04-05,66.1
TXN_19102,CUST_1759,2023-05-13,241.95
TXN_19103,CUST_1759,2023-04-16,67.44
TXN_19104,CUST_1759,2023-04-05,146.32
TXN_19105,CUST_1759,2023-12-30,158.04
TXN_19106,CUST_1759,2023-04-17,165.06
TXN_19107,CUST_1759,2023-06-16,155.28
TXN_19108,CUST_1759,2023-03-29,164.12
TXN_19109,CUST_1759,2023-05-06,19.37
TXN_19110,CUST_1760,2023-11-25,79.56
TXN_19111,CUST_1760,2023-05-17,30.63
TXN_19112,CUST_1760,2023-04-26,44.59
TXN_19113,CUST_1761,2023-12-31,186.57
TXN_19114,CUST_1762,2023-11-29,125.33
TXN_19115,CUST_1762,2023-09-23,17.96
TXN_19116,CUST_1762,2023-05-05,249.07
TXN_19117,CUST_1762,2023-05-23,223.8
TXN_19118,CUST_1762,2023-05-09,138.45
TXN_19119,CUST_1762,2023-09-24,157.37
TXN_19120,CUST_1762,2023-07-29,68.78
TXN_19121,CUST_1762,2023-04-18,69.12
TXN_19122,CUST_1762,2023-06-03,203.23
TXN_19123,CUST_1762,2023-05-12,147.73
TXN_19124,CUST_1762,2023-08-29,71.11
TXN_19125,CUST_1762,2023-10-14,238.97
TXN_19126,CUST_1762,2023-04-06,28.89
TXN_19127,CUST_1762,2023-04-11,197.54
TXN_19128,CUST_1763,2023-11-29,118.7
TXN_19129,CUST_1764,2023-03-24,164.32
TXN_19130,CUST_1764,2023-11-25,155.03
TXN_19131,CUST_1764,2023-08-27,217.75
TXN_19132,CUST_1764,2023-04-05,96.66
TXN_19133,CUST_1764,2023-05-09,119.78
TXN_19134,CUST_1764,2023-01-18,103.79
TXN_19135,CUST_1764,2023-12-31,26.4
TXN_19136,CUST_1764,2023-05-29,212.68
TXN_19137,CUST_1764,2023-05-12,148.89
TXN_19138,CUST_1764,2023-06-03,115.9
TXN_19139,CUST_1765,2023-12-31,116.59
TXN_19140,CUST_1766,2023-06-12,133.35
TXN_19141,CUST_1766,2023-02-13,213.45
TXN_19142,CUST_1766,2023-05-23,219.25
TXN_19143,CUST_1766,2023-11-27,204.34
TXN_19144,CUST_1766,2023-12-31,239.25
TXN_19145,CUST_1766,2023-05-15,186.12
TXN_19146,CUST_1766,2023-06-11,160.97
TXN_19147,CUST_1766,2023-01-29,98.64
TXN_19148,CUST_1766,2023-02-07,85.56
TXN_19149,CUST_1766,2023-02-04,231.21
TXN_19150,CUST_1766,2023-04-04,59.5
TXN_19151,CUST_1766,2023-05-06,61.17
TXN_19152,CUST_1767,2023-08-04,53.52
TXN_19153,CUST_1767,2023-09-01,175.77
TXN_19154,CUST_1767,2023-07-14,21.46
TXN_19155,CUST_1767,2023-07-07,108.95
TXN_19156,CUST_1767,2023-07-04,60.6
TXN_19157,CUST_1767,2023-07-24,241.02
TXN_19158,CUST_1767,2023-09-22,90.14
TXN_19159,CUST_1767,2023-12-31,166.73
TXN_19160,CUST_1768,2023-07-04,76.44
TXN_19161,CUST_1768,2023-12-02,111.49
TXN_19162,CUST_1768,2023-03-26,94.16
TXN_19163,CUST_1768,2023-04-05,61.75
TXN_19164,CUST_1768,2023-11-22,56.1
TXN_19165,CUST_1768,2023-10-02,110.16
TXN_19166,CUST_1768,2023-03-23,61.65
TXN_19167,CUST_1768,2023-05-03,172.28
TXN_19168,CUST_1768,2023-10-16,168.32
TXN_19169,CUST_1768,2023-04-29,22.87
TXN_19170,CUST_1768,2023-11-05,227.06
TXN_19171,CUST_1768,2023-04-09,21.82
TXN_19172,CUST_1768,2023-07-07,201.05
TXN_19173,CUST_1768,2023-05-12,109.68
TXN_19174,CUST_1769,2023-08-19,20.75
TXN_19175,CUST_1769,2023-07-27,236.1
TXN_19176,CUST_1769,2023-09-03,204.31
TXN_19177,CUST_1770,2023-12-17,31.35
TXN_19178,CUST_1770,2023-12-19,157.77
TXN_19179,CUST_1770,2023-12-15,109.54
TXN_19180,CUST_1770,2023-12-17,93.45
TXN_19181,CUST_1770,2023-12-19,96.3
TXN_19182,CUST_1770,2023-12-17,202.42
TXN_19183,CUST_1770,2023-12-15,160.49
TXN_19184,CUST_1770,2023-12-18,86.69
TXN_19185,CUST_1770,2023-12-21,144.53
TXN_19186,CUST_1770,2023-12-18,171.9
TXN_19187,CUST_1770,2023-12-23,243.58
TXN_19188,CUST_1770,2023-12-20,220.49
TXN_19189,CUST_1771,2023-08-15,65.44
TXN_19190,CUST_1772,2023-04-20,190.5
TXN_19191,CUST_1773,2023-11-19,157.97
TXN_19192,CUST_1773,2023-12-15,206.81
TXN_19193,CUST_1773,2023-11-17,209.95
TXN_19194,CUST_1773,2023-12-01,247.61
TXN_19195,CUST_1773,2023-12-26,140.29
TXN_19196,CUST_1773,2023-12-04,148.99
TXN_19197,CUST_1773,2023-11-26,38.85
TXN_19198,CUST_1773,2023-11-12,26.32
TXN_19199,CUST_1773,2023-12-31,44.67
TXN_19200,CUST_1773,2023-11-12,87.77
TXN_19201,CUST_1773,2023-11-26,237.89
TXN_19202,CUST_1773,2023-12-01,79.94
TXN_19203,CUST_1773,2023-12-27,23.47
TXN_19204,CUST_1774,2023-06-01,164.6
TXN_19205,CUST_1774,2023-07-31,82.47
TXN_19206,CUST_1774,2023-07-21,118.44
TXN_19207,CUST_1774,2023-06-12,122.09
TXN_19208,CUST_1774,2023-12-27,57.14
TXN_19209,CUST_1775,2023-02-06,30.51
TXN_19210,CUST_1775,2023-07-21,52.0
TXN_19211,CUST_1775,2023-02-08,244.93
TXN_19212,CUST_1775,2023-06-11,73.86
TXN_19213,CUST_1775,2023-04-29,140.52
TXN_19214,CUST_1775,2023-08-20,186.39
TXN_19215,CUST_1775,2023-08-10,64.7
TXN_19216,CUST_1775,2023-05-14,24.46
TXN_19217,CUST_1775,2023-01-23,182.68
TXN_19218,CUST_1775,2023-01-17,151.24
TXN_19219,CUST_1775,2023-08-17,104.29
TXN_19220,CUST_1775,2023-01-20,182.75
TXN_19221,CUST_1776,2023-10-04,185.07
TXN_19222,CUST_1776,2023-11-28,91.57
TXN_19223,CUST_1776,2023-06-09,116.13
TXN_19224,CUST_1776,2023-09-18,120.85
TXN_19225,CUST_1776,2023-06-23,21.49
TXN_19226,CUST_1776,2023-06-28,182.64
TXN_19227,CUST_1776,2023-06-13,95.11
TXN_19228,CUST_1776,2023-06-03,184.61
TXN_19229,CUST_1776,2023-10-30,148.6
TXN_19230,CUST_1777,2023-08-21,118.04
TXN_19231,CUST_1778,2023-08-02,226.89
TXN_19232,CUST_1778,2023-10-19,31.83
TXN_19233,CUST_1778,2023-08-09,207.48
TXN_19234,CUST_1778,2023-10-19,237.18
TXN_19235,CUST_1778,2023-12-31,244.42
TXN_19236,CUST_1778,2023-08-21,73.83
TXN_19237,CUST_1778,2023-10-08,85.33
TXN_19238,CUST_1779,2023-11-13,33.63
TXN_19239,CUST_1779,2023-11-01,28.06
TXN_19240,CUST_1779,2023-10-03,40.35
TXN_19241,CUST_1779,2023-10-01,90.47
TXN_19242,CUST_1779,2023-12-31,96.83
TXN_19243,CUST_1779,2023-11-12,46.09
TXN_19244,CUST_1779,2023-10-18,58.5
TXN_19245,CUST_1780,2023-08-28,116.53
TXN_19246,CUST_1781,2023-12-26,120.26
TXN_19247,CUST_1782,2023-08-20,124.74
TXN_19248,CUST_1782,2023-09-25,26.02
TXN_19249,CUST_1782,2023-09-08,75.55
TXN_19250,CUST_1782,2023-08-17,44.53
TXN_19251,CUST_1783,2023-02-01,203.79
TXN_19252,CUST_1784,2023-09-03,21.19
TXN_19253,CUST_1784,2023-07-24,209.87
TXN_19254,CUST_1784,2023-09-11,111.78
TXN_19255,CUST_1784,2023-09-11,144.53
TXN_19256,CUST_1784,2023-11-23,152.97
TXN_19257,CUST_1784,2023-07-18,217.79
TXN_19258,CUST_1784,2023-06-18,226.62
TXN_19259,CUST_1784,2023-09-02,236.04
TXN_19260,CUST_1784,2023-07-04,178.31
TXN_19261,CUST_1784,2023-10-02,179.99
TXN_19262,CUST_1785,2023-11-19,148.18
TXN_19263,CUST_1786,2023-11-03,56.16
TXN_19264,CUST_1786,2023-11-28,118.61
TXN_19265,CUST_1786,2023-10-05,206.31
TXN_19266,CUST_1786,2023-09-06,108.79
TXN_19267,CUST_1786,2023-12-04,69.25
TXN_19268,CUST_1786,2023-08-16,99.98
TXN_19269,CUST_1786,2023-11-08,235.62
TXN_19270,CUST_1786,2023-08-14,218.01
TXN_19271,CUST_1786,2023-08-17,243.1
TXN_19272,CUST_1786,2023-09-16,16.67
TXN_19273,CUST_1786,2023-08-03,49.66
TXN_19274,CUST_1787,2023-08-25,67.35
TXN_19275,CUST_1788,2023-12-10,177.67
TXN_19276,CUST_1788,2023-12-12,73.54
TXN_19277,CUST_1788,2023-12-18,242.85
TXN_19278,CUST_1788,2023-12-19,130.47
TXN_19279,CUST_1788,2023-12-16,48.44
TXN_19280,CUST_1788,2023-12-21,157.01
TXN_19281,CUST_1788,2023-12-31,245.18
TXN_19282,CUST_1788,2023-12-13,247.31
TXN_19283,CUST_1789,2023-05-16,239.8
TXN_19284,CUST_1789,2023-09-07,236.28
TXN_19285,CUST_1789,2023-08-20,98.37
TXN_19286,CUST_1789,2023-08-23,231.89
TXN_19287,CUST_1790,2023-04-08,181.34
TXN_19288,CUST_1790,2023-07-03,58.41
TXN_19289,CUST_1790,2023-06-04,216.9
TXN_19290,CUST_1791,2023-09-28,173.49
TXN_19291,CUST_1792,2023-12-05,147.43
TXN_19292,CUST_1793,2023-03-30,126.26
TXN_19293,CUST_1794,2023-10-07,174.74
TXN_19294,CUST_1794,2023-10-14,201.92
TXN_19295,CUST_1794,2023-10-19,171.36
TXN_19296,CUST_1794,2023-12-22,19.85
TXN_19297,CUST_1794,2023-10-04,196.02
TXN_19298,CUST_1794,2023-11-03,83.85
TXN_19299,CUST_1794,2023-10-24,24.85
TXN_19300,CUST_1794,2023-10-10,114.76
TXN_19301,CUST_1794,2023-11-25,127.72
TXN_19302,CUST_1794,2023-10-29,220.33
TXN_19303,CUST_1795,2023-11-06,217.49
TXN_19304,CUST_1796,2023-11-22,245.26
TXN_19305,CUST_1797,2023-12-10,46.99
TXN_19306,CUST_1797,2023-12-13,201.18
TXN_19307,CUST_1797,2023-12-13,201.73
TXN_19308,CUST_1797,2023-12-12,59.61
TXN_19309,CUST_1797,2023-12-08,239.86
TXN_19310,CUST_1797,2023-12-07,29.77
TXN_19311,CUST_1798,2023-05-16,125.52
TXN_19312,CUST_1799,2023-06-18,145.82
TXN_19313,CUST_1799,2023-10-12,111.23
TXN_19314,CUST_1799,2023-08-17,226.51
TXN_19315,CUST_1799,2023-09-26,60.56
TXN_19316,CUST_1799,2023-09-10,132.94
TXN_19317,CUST_1799,2023-09-13,131.21
TXN_19318,CUST_1799,2023-06-24,148.93
TXN_19319,CUST_1799,2023-07-29,136.71
TXN_19320,CUST_1799,2023-11-02,225.29
TXN_19321,CUST_1799,2023-07-25,122.1
TXN_19322,CUST_1799,2023-08-02,137.1
TXN_19323,CUST_1800,2023-03-09,139.91
TXN_19324,CUST_1800,2023-05-21,165.35
TXN_19325,CUST_1800,2023-05-09,56.77
TXN_19326,CUST_1800,2023-02-04,94.39
TXN_19327,CUST_1800,2023-04-03,29.52
TXN_19328,CUST_1801,2023-11-03,113.34
TXN_19329,CUST_1801,2023-08-26,147.52
TXN_19330,CUST_1801,2023-06-05,223.42
TXN_19331,CUST_1801,2023-12-31,186.82
TXN_19332,CUST_1801,2023-02-24,85.27
TXN_19333,CUST_1801,2023-02-23,38.01
TXN_19334,CUST_1801,2023-01-17,151.5
TXN_19335,CUST_1801,2023-07-26,23.49
TXN_19336,CUST_1801,2023-04-19,102.36
TXN_19337,CUST_1801,2023-10-01,49.17
TXN_19338,CUST_1802,2023-11-25,222.38
TXN_19339,CUST_1802,2023-11-01,248.24
TXN_19340,CUST_1802,2023-12-02,47.33
TXN_19341,CUST_1802,2023-11-04,161.87
TXN_19342,CUST_1802,2023-12-13,60.79
TXN_19343,CUST_1802,2023-11-25,78.6
TXN_19344,CUST_1802,2023-12-01,175.61
TXN_19345,CUST_1802,2023-11-12,167.72
TXN_19346,CUST_1802,2023-12-11,105.81
TXN_19347,CUST_1802,2023-11-28,52.34
TXN_19348,CUST_1802,2023-11-22,191.4
TXN_19349,CUST_1802,2023-11-09,201.5
TXN_19350,CUST_1802,2023-11-14,235.02
TXN_19351,CUST_1802,2023-10-30,45.74
TXN_19352,CUST_1803,2023-09-01,128.87
TXN_19353,CUST_1803,2023-10-01,196.78
TXN_19354,CUST_1803,2023-10-10,95.27
TXN_19355,CUST_1803,2023-12-31,214.44
TXN_19356,CUST_1803,2023-08-19,60.85
TXN_19357,CUST_1803,2023-08-23,121.3
TXN_19358,CUST_1803,2023-11-06,197.92
TXN_19359,CUST_1803,2023-11-07,78.91
TXN_19360,CUST_1803,2023-09-18,81.56
TXN_19361,CUST_1803,2023-08-10,175.79
TXN_19362,CUST_1803,2023-08-12,171.91
TXN_19363,CUST_1804,2023-10-25,239.77
TXN_19364,CUST_1804,2023-10-31,239.72
TXN_19365,CUST_1804,2023-12-08,195.4
TXN_19366,CUST_1804,2023-10-31,152.93
TXN_19367,CUST_1804,2023-12-01,142.85
TXN_19368,CUST_1804,2023-11-18,200.8
TXN_19369,CUST_1804,2023-11-03,141.02
TXN_19370,CUST_1804,2023-10-21,72.51
TXN_19371,CUST_1804,2023-12-14,212.48
TXN_19372,CUST_1804,2023-10-16,219.31
TXN_19373,CUST_1804,2023-10-16,122.7
TXN_19374,CUST_1804,2023-10-17,242.67
TXN_19375,CUST_1804,2023-12-31,158.55
TXN_19376,CUST_1804,2023-10-28,135.32
TXN_19377,CUST_1805,2023-12-31,56.74
TXN_19378,CUST_1805,2023-06-17,25.24
TXN_19379,CUST_1805,2023-06-11,44.48
TXN_19380,CUST_1805,2023-09-18,41.76
TXN_19381,CUST_1805,2023-06-14,137.46
TXN_19382,CUST_1805,2023-12-31,168.92
TXN_19383,CUST_1805,2023-05-11,71.59
TXN_19384,CUST_1805,2023-04-24,192.78
TXN_19385,CUST_1805,2023-07-23,158.32
TXN_19386,CUST_1805,2023-04-15,194.26
TXN_19387,CUST_1805,2023-07-11,241.51
TXN_19388,CUST_1805,2023-06-28,86.43
TXN_19389,CUST_1806,2023-09-30,184.88
TXN_19390,CUST_1807,2023-08-13,219.4
TXN_19391,CUST_1807,2023-08-11,87.4
TXN_19392,CUST_1808,2023-10-08,110.72
TXN_19393,CUST_1808,2023-08-14,241.88
TXN_19394,CUST_1808,2023-07-19,73.3
TXN_19395,CUST_1808,2023-09-12,196.22
TXN_19396,CUST_1808,2023-07-31,65.05
TXN_19397,CUST_1808,2023-09-29,172.57
TXN_19398,CUST_1808,2023-11-04,213.42
TXN_19399,CUST_1808,2023-07-12,210.6
TXN_19400,CUST_1809,2023-09-29,196.03
TXN_19401,CUST_1810,2023-03-06,78.15
TXN_19402,CUST_1810,2023-04-13,119.84
TXN_19403,CUST_1811,2023-04-10,211.12
TXN_19404,CUST_1811,2023-04-11,206.64
TXN_19405,CUST_1811,2023-05-14,123.92
TXN_19406,CUST_1811,2023-04-16,226.54
TXN_19407,CUST_1812,2023-03-03,164.43
TXN_19408,CUST_1813,2023-12-12,210.42
TXN_19409,CUST_1813,2023-12-31,161.43
TXN_19410,CUST_1813,2023-09-20,142.57
TXN_19411,CUST_1813,2023-06-29,98.37
TXN_19412,CUST_1813,2023-11-09,28.15
TXN_19413,CUST_1813,2023-08-09,102.53
TXN_19414,CUST_1813,2023-07-12,222.87
TXN_19415,CUST_1813,2023-10-18,155.73
TXN_19416,CUST_1813,2023-06-30,126.73
TXN_19417,CUST_1813,2023-07-14,98.1
TXN_19418,CUST_1813,2023-06-16,142.63
TXN_19419,CUST_1814,2023-07-01,90.01
TXN_19420,CUST_1815,2023-11-17,178.61
TXN_19421,CUST_1815,2023-11-13,207.91
TXN_19422,CUST_1815,2023-11-13,95.49
TXN_19423,CUST_1815,2023-11-10,175.71
TXN_19424,CUST_1815,2023-11-07,100.32
TXN_19425,CUST_1815,2023-11-11,68.89
TXN_19426,CUST_1815,2023-11-07,59.74
TXN_19427,CUST_1815,2023-11-16,133.38
TXN_19428,CUST_1815,2023-11-11,167.81
TXN_19429,CUST_1816,2023-05-08,198.92
TXN_19430,CUST_1817,2023-11-11,226.85
TXN_19431,CUST_1817,2023-06-07,145.01
TXN_19432,CUST_1817,2023-05-08,72.28
TXN_19433,CUST_1817,2023-09-02,39.98
TXN_19434,CUST_1817,2023-06-01,164.08
TXN_19435,CUST_1817,2023-04-11,137.11
TXN_19436,CUST_1817,2023-06-19,189.49
TXN_19437,CUST_1817,2023-04-26,83.93
TXN_19438,CUST_1817,2023-06-17,246.03
TXN_19439,CUST_1817,2023-04-24,246.69
TXN_19440,CUST_1817,2023-07-25,209.13
TXN_19441,CUST_1818,2023-06-22,28.57
TXN_19442,CUST_1819,2023-12-31,39.74
TXN_19443,CUST_1820,2023-08-02,98.21
TXN_19444,CUST_1820,2023-07-29,51.85
TXN_19445,CUST_1820,2023-07-23,216.33
TXN_19446,CUST_1820,2023-08-03,208.15
TXN_19447,CUST_1820,2023-08-21,163.62
TXN_19448,CUST_1820,2023-07-25,152.14
TXN_19449,CUST_1820,2023-08-08,37.37
TXN_19450,CUST_1821,2023-09-10,113.62
TXN_19451,CUST_1821,2023-09-17,179.64
TXN_19452,CUST_1821,2023-10-07,19.65
TXN_19453,CUST_1821,2023-09-08,127.36
TXN_19454,CUST_1821,2023-09-23,136.42
TXN_19455,CUST_1821,2023-10-20,175.27
TXN_19456,CUST_1821,2023-09-18,221.23
TXN_19457,CUST_1821,2023-09-01,152.36
TXN_19458,CUST_1821,2023-12-30,144.03
TXN_19459,CUST_1822,2023-12-21,160.17
TXN_19460,CUST_1822,2023-12-27,188.98
TXN_19461,CUST_1822,2023-12-21,246.32
TXN_19462,CUST_1822,2023-12-21,41.43
TXN_19463,CUST_1822,2023-12-31,20.36
TXN_19464,CUST_1822,2023-12-22,87.64
TXN_19465,CUST_1822,2023-12-21,146.3
TXN_19466,CUST_1822,2023-12-20,145.86
TXN_19467,CUST_1823,2023-08-15,125.27
TXN_19468,CUST_1823,2023-08-03,198.66
TXN_19469,CUST_1823,2023-05-16,119.61
TXN_19470,CUST_1823,2023-02-09,217.3
TXN_19471,CUST_1823,2023-05-08,202.53
TXN_19472,CUST_1823,2023-04-09,55.39
TXN_19473,CUST_1823,2023-12-31,57.94
TXN_19474,CUST_1823,2023-10-22,63.91
TXN_19475,CUST_1823,2023-02-27,118.42
TXN_19476,CUST_1823,2023-11-05,223.73
TXN_19477,CUST_1824,2023-08-13,175.17
TXN_19478,CUST_1824,2023-09-06,192.91
TXN_19479,CUST_1824,2023-10-25,118.33
TXN_19480,CUST_1824,2023-10-16,212.39
TXN_19481,CUST_1824,2023-12-14,151.88
TXN_19482,CUST_1824,2023-10-22,131.22
TXN_19483,CUST_1824,2023-08-14,51.48
TXN_19484,CUST_1824,2023-08-19,55.36
TXN_19485,CUST_1824,2023-08-13,216.8
TXN_19486,CUST_1824,2023-09-20,105.04
TXN_19487,CUST_1824,2023-09-06,123.89
TXN_19488,CUST_1824,2023-08-16,79.55
TXN_19489,CUST_1824,2023-11-10,189.76
TXN_19490,CUST_1824,2023-09-20,127.97
TXN_19491,CUST_1825,2023-11-01,155.5
TXN_19492,CUST_1826,2023-11-02,96.27
TXN_19493,CUST_1826,2023-09-20,157.86
TXN_19494,CUST_1826,2023-09-19,149.41
TXN_19495,CUST_1826,2023-08-26,116.56
TXN_19496,CUST_1826,2023-09-04,35.22
TXN_19497,CUST_1826,2023-08-30,156.57
TXN_19498,CUST_1827,2023-04-06,144.92
TXN_19499,CUST_1828,2023-06-22,27.11
TXN_19500,CUST_1828,2023-05-16,72.53
TXN_19501,CUST_1828,2023-05-30,25.25
TXN_19502,CUST_1828,2023-11-07,136.16
TXN_19503,CUST_1828,2023-07-27,30.79
TXN_19504,CUST_1829,2023-08-04,223.51
TXN_19505,CUST_1830,2023-12-10,37.87
TXN_19506,CUST_1830,2023-08-27,100.7
TXN_19507,CUST_1830,2023-07-25,233.72
TXN_19508,CUST_1830,2023-06-15,20.32
TXN_19509,CUST_1830,2023-04-15,92.68
TXN_19510,CUST_1830,2023-08-23,82.74
TXN_19511,CUST_1831,2023-10-08,42.3
TXN_19512,CUST_1832,2023-08-08,65.45
TXN_19513,CUST_1832,2023-07-24,177.94
TXN_19514,CUST_1832,2023-10-13,240.54
TXN_19515,CUST_1832,2023-08-15,138.83
TXN_19516,CUST_1832,2023-06-16,31.94
TXN_19517,CUST_1832,2023-06-26,27.87
TXN_19518,CUST_1832,2023-07-18,94.17
TXN_19519,CUST_1832,2023-08-21,140.88
TXN_19520,CUST_1832,2023-08-14,125.91
TXN_19521,CUST_1832,2023-07-06,238.91
TXN_19522,CUST_1832,2023-06-20,235.64
TXN_19523,CUST_1832,2023-07-09,135.48
TXN_19524,CUST_1833,2023-12-25,115.94
TXN_19525,CUST_1834,2023-05-24,249.65
TXN_19526,CUST_1834,2023-06-25,39.48
TXN_19527,CUST_1834,2023-05-19,30.58
TXN_19528,CUST_1834,2023-04-30,95.68
TXN_19529,CUST_1834,2023-09-22,211.93
TXN_19530,CUST_1834,2023-04-01,140.09
TXN_19531,CUST_1834,2023-04-23,90.22
TXN_19532,CUST_1834,2023-04-02,191.19
TXN_19533,CUST_1834,2023-12-31,66.53
TXN_19534,CUST_1834,2023-05-08,63.51
TXN_19535,CUST_1834,2023-11-29,17.2
TXN_19536,CUST_1834,2023-06-19,219.63
TXN_19537,CUST_1834,2023-04-18,153.65
TXN_19538,CUST_1835,2023-10-08,79.49
TXN_19539,CUST_1836,2023-06-20,63.9
TXN_19540,CUST_1836,2023-06-26,227.32
TXN_19541,CUST_1836,2023-07-18,216.03
TXN_19542,CUST_1836,2023-05-16,226.71
TXN_19543,CUST_1836,2023-07-15,22.46
TXN_19544,CUST_1837,2023-11-06,235.05
TXN_19545,CUST_1837,2023-07-12,40.8
TXN_19546,CUST_1838,2023-06-10,96.54
TXN_19547,CUST_1838,2023-07-10,27.38
TXN_19548,CUST_1838,2023-08-14,16.05
TXN_19549,CUST_1838,2023-05-17,133.43
TXN_19550,CUST_1838,2023-05-26,87.26
TXN_19551,CUST_1838,2023-09-16,234.69
TXN_19552,CUST_1839,2023-12-12,196.76
TXN_19553,CUST_1839,2023-11-02,217.59
TXN_19554,CUST_1839,2023-11-07,171.44
TXN_19555,CUST_1839,2023-11-04,173.54
TXN_19556,CUST_1839,2023-11-01,156.15
TXN_19557,CUST_1839,2023-11-21,72.46
TXN_19558,CUST_1839,2023-12-26,25.8
TXN_19559,CUST_1839,2023-12-15,104.75
TXN_19560,CUST_1839,2023-11-26,168.11
TXN_19561,CUST_1839,2023-11-04,89.96
TXN_19562,CUST_1839,2023-11-16,213.93
TXN_19563,CUST_1839,2023-12-31,19.84
TXN_19564,CUST_1839,2023-11-09,172.01
TXN_19565,CUST_1839,2023-11-16,236.61
TXN_19566,CUST_1840,2023-12-26,172.17
TXN_19567,CUST_1841,2023-12-03,34.09
TXN_19568,CUST_1842,2023-05-28,32.35
TXN_19569,CUST_1842,2023-12-31,229.75
TXN_19570,CUST_1842,2023-11-29,244.95
TXN_19571,CUST_1842,2023-05-19,52.08
TXN_19572,CUST_1842,2023-05-05,224.58
TXN_19573,CUST_1842,2023-08-23,163.82
TXN_19574,CUST_1842,2023-11-30,150.14
TXN_19575,CUST_1842,2023-05-14,56.56
TXN_19576,CUST_1843,2023-02-21,104.18
TXN_19577,CUST_1844,2023-11-02,130.44
TXN_19578,CUST_1844,2023-12-31,197.5
TXN_19579,CUST_1844,2023-12-31,95.45
TXN_19580,CUST_1844,2023-09-23,133.89
TXN_19581,CUST_1844,2023-09-23,130.73
TXN_19582,CUST_1844,2023-09-29,130.4
TXN_19583,CUST_1844,2023-12-30,82.92
TXN_19584,CUST_1844,2023-12-31,68.89
TXN_19585,CUST_1845,2023-05-29,212.88
TXN_19586,CUST_1846,2023-12-25,20.29
TXN_19587,CUST_1846,2023-12-25,97.13
TXN_19588,CUST_1846,2023-12-31,231.15
TXN_19589,CUST_1846,2023-12-25,185.52
TXN_19590,CUST_1846,2023-12-26,26.71
TXN_19591,CUST_1846,2023-12-25,129.23
TXN_19592,CUST_1847,2023-09-29,192.61
TXN_19593,CUST_1847,2023-08-29,130.07
TXN_19594,CUST_1847,2023-12-26,237.2
TXN_19595,CUST_1848,2023-08-08,154.58
TXN_19596,CUST_1849,2023-08-03,177.4
TXN_19597,CUST_1849,2023-08-13,91.67
TXN_19598,CUST_1849,2023-08-08,121.41
TXN_19599,CUST_1849,2023-10-10,211.37
TXN_19600,CUST_1849,2023-10-18,160.98
TXN_19601,CUST_1849,2023-08-09,187.69
TXN_19602,CUST_1849,2023-07-25,202.57
TXN_19603,CUST_1849,2023-10-12,172.45
TXN_19604,CUST_1849,2023-07-28,249.38
TXN_19605,CUST_1849,2023-10-06,187.68
TXN_19606,CUST_1849,2023-07-26,108.7
TXN_19607,CUST_1849,2023-07-27,99.84
TXN_19608,CUST_1849,2023-09-06,221.53
TXN_19609,CUST_1849,2023-08-09,161.5
TXN_19610,CUST_1850,2023-10-05,237.6
TXN_19611,CUST_1851,2023-12-05,138.99
TXN_19612,CUST_1851,2023-11-28,76.67
TXN_19613,CUST_1851,2023-12-04,181.02
TXN_19614,CUST_1851,2023-11-24,148.34
TXN_19615,CUST_1851,2023-11-26,47.99
TXN_19616,CUST_1851,2023-12-06,88.05
TXN_19617,CUST_1851,2023-12-01,99.6
TXN_19618,CUST_1851,2023-12-06,125.48
TXN_19619,CUST_1851,2023-12-31,97.81
TXN_19620,CUST_1851,2023-12-10,75.46
TXN_19621,CUST_1851,2023-12-02,144.85
TXN_19622,CUST_1851,2023-11-28,125.87
TXN_19623,CUST_1851,2023-11-28,16.41
TXN_19624,CUST_1852,2023-09-10,196.18
TXN_19625,CUST_1853,2023-12-16,23.78
TXN_19626,CUST_1854,2023-12-07,157.41
TXN_19627,CUST_1855,2023-04-21,206.95
TXN_19628,CUST_1856,2023-11-20,171.12
TXN_19629,CUST_1857,2023-09-28,19.59
TXN_19630,CUST_1857,2023-05-02,72.73
TXN_19631,CUST_1858,2023-09-15,161.72
TXN_19632,CUST_1859,2023-01-27,227.87
TXN_19633,CUST_1860,2023-11-16,150.45
TXN_19634,CUST_1860,2023-04-13,44.83
TXN_19635,CUST_1860,2023-04-22,39.33
TXN_19636,CUST_1860,2023-05-31,31.38
TXN_19637,CUST_1861,2023-08-26,126.37
TXN_19638,CUST_1862,2023-11-10,33.95
TXN_19639,CUST_1862,2023-11-11,114.44
TXN_19640,CUST_1862,2023-11-10,190.33
TXN_19641,CUST_1862,2023-11-14,235.71
TXN_19642,CUST_1862,2023-11-21,119.89
TXN_19643,CUST_1863,2023-03-27,172.43
TXN_19644,CUST_1863,2023-02-25,164.61
TXN_19645,CUST_1863,2023-04-20,157.61
TXN_19646,CUST_1863,2023-06-02,55.76
TXN_19647,CUST_1864,2023-06-12,53.5
TXN_19648,CUST_1865,2023-08-02,235.35
TXN_19649,CUST_1866,2023-11-09,34.25
TXN_19650,CUST_1867,2023-07-18,167.62
TXN_19651,CUST_1868,2023-12-28,124.57
TXN_19652,CUST_1868,2023-12-29,105.47
TXN_19653,CUST_1868,2023-12-29,188.55
TXN_19654,CUST_1868,2023-12-29,246.52
TXN_19655,CUST_1868,2023-12-28,166.51
TXN_19656,CUST_1868,2023-12-29,151.19
TXN_19657,CUST_1868,2023-12-29,112.4
TXN_19658,CUST_1868,2023-12-28,28.08
TXN_19659,CUST_1868,2023-12-31,203.0
TXN_19660,CUST_1868,2023-12-30,178.16
TXN_19661,CUST_1868,2023-12-28,22.29
TXN_19662,CUST_1868,2023-12-29,108.14
TXN_19663,CUST_1868,2023-12-28,146.99
TXN_19664,CUST_1869,2023-03-06,147.15
TXN_19665,CUST_1869,2023-12-31,75.12
TXN_19666,CUST_1869,2023-06-05,193.13
TXN_19667,CUST_1869,2023-04-26,37.91
TXN_19668,CUST_1869,2023-04-23,239.06
TXN_19669,CUST_1869,2023-03-03,165.33
TXN_19670,CUST_1870,2023-04-06,166.52
TXN_19671,CUST_1870,2023-01-19,178.5
TXN_19672,CUST_1870,2023-06-05,99.41
TXN_19673,CUST_1870,2023-02-10,230.04
TXN_19674,CUST_1870,2023-03-18,168.62
TXN_19675,CUST_1871,2023-05-16,207.06
TXN_19676,CUST_1872,2023-04-30,64.32
TXN_19677,CUST_1873,2023-04-29,226.95
TXN_19678,CUST_1873,2023-10-15,236.87
TXN_19679,CUST_1873,2023-10-07,15.77
TXN_19680,CUST_1874,2023-11-16,182.25
TXN_19681,CUST_1874,2023-11-03,245.06
TXN_19682,CUST_1874,2023-12-08,190.25
TXN_19683,CUST_1874,2023-10-28,153.74
TXN_19684,CUST_1874,2023-11-23,215.71
TXN_19685,CUST_1874,2023-12-29,230.23
TXN_19686,CUST_1874,2023-11-08,225.68
TXN_19687,CUST_1874,2023-10-28,97.6
TXN_19688,CUST_1874,2023-10-30,222.52
TXN_19689,CUST_1875,2023-09-10,207.24
TXN_19690,CUST_1875,2023-10-20,16.31
TXN_19691,CUST_1875,2023-12-31,192.76
TXN_19692,CUST_1875,2023-10-16,110.25
TXN_19693,CUST_1875,2023-10-02,74.52
TXN_19694,CUST_1876,2023-09-25,225.67
TXN_19695,CUST_1877,2023-09-16,189.17
TXN_19696,CUST_1878,2023-04-21,114.35
TXN_19697,CUST_1879,2023-10-04,124.06
TXN_19698,CUST_1879,2023-10-08,147.82
TXN_19699,CUST_1879,2023-09-10,157.82
TXN_19700,CUST_1879,2023-09-14,60.74
TXN_19701,CUST_1879,2023-10-12,86.99
TXN_19702,CUST_1880,2023-12-27,88.12
TXN_19703,CUST_1880,2023-12-22,70.03
TXN_19704,CUST_1880,2023-12-22,36.71
TXN_19705,CUST_1880,2023-12-25,65.28
TXN_19706,CUST_1880,2023-12-30,136.36
TXN_19707,CUST_1881,2023-06-30,117.84
TXN_19708,CUST_1881,2023-07-29,163.65
TXN_19709,CUST_1881,2023-07-18,113.36
TXN_19710,CUST_1881,2023-06-22,43.77
TXN_19711,CUST_1882,2023-10-25,172.4
TXN_19712,CUST_1882,2023-09-28,113.89
TXN_19713,CUST_1882,2023-12-31,79.43
TXN_19714,CUST_1882,2023-09-19,87.63
TXN_19715,CUST_1882,2023-10-13,26.23
TXN_19716,CUST_1882,2023-08-11,205.55
TXN_19717,CUST_1882,2023-09-05,95.18
TXN_19718,CUST_1882,2023-09-22,179.95
TXN_19719,CUST_1882,2023-08-19,58.58
TXN_19720,CUST_1882,2023-12-31,153.57
TXN_19721,CUST_1882,2023-09-01,203.34
TXN_19722,CUST_1882,2023-09-13,71.79
TXN_19723,CUST_1883,2023-06-09,217.08
TXN_19724,CUST_1884,2023-11-09,224.89
TXN_19725,CUST_1885,2023-08-31,65.18
TXN_19726,CUST_1886,2023-12-04,21.83
TXN_19727,CUST_1886,2023-10-20,165.53
TXN_19728,CUST_1886,2023-10-25,25.24
TXN_19729,CUST_1886,2023-11-06,107.37
TXN_19730,CUST_1886,2023-10-26,77.13
TXN_19731,CUST_1886,2023-10-15,57.85
TXN_19732,CUST_1886,2023-10-31,79.8
TXN_19733,CUST_1886,2023-12-07,48.6
TXN_19734,CUST_1886,2023-12-07,110.13
TXN_19735,CUST_1886,2023-10-23,86.51
TXN_19736,CUST_1886,2023-10-25,134.04
TXN_19737,CUST_1886,2023-10-26,167.09
TXN_19738,CUST_1887,2023-11-28,159.37
TXN_19739,CUST_1887,2023-12-02,32.47
TXN_19740,CUST_1887,2023-11-10,90.04
TXN_19741,CUST_1887,2023-11-10,133.08
TXN_19742,CUST_1887,2023-11-09,119.43
TXN_19743,CUST_1887,2023-11-11,187.79
TXN_19744,CUST_1887,2023-11-20,168.6
TXN_19745,CUST_1888,2023-11-04,19.97
TXN_19746,CUST_1889,2023-04-21,30.38
TXN_19747,CUST_1890,2023-08-25,245.23
TXN_19748,CUST_1890,2023-08-18,192.99
TXN_19749,CUST_1890,2023-09-09,68.7
TXN_19750,CUST_1890,2023-07-30,105.18
TXN_19751,CUST_1890,2023-09-08,58.05
TXN_19752,CUST_1890,2023-08-26,159.57
TXN_19753,CUST_1890,2023-10-02,27.39
TXN_19754,CUST_1891,2023-07-11,50.18
TXN_19755,CUST_1891,2023-10-07,80.72
TXN_19756,CUST_1891,2023-06-02,44.62
TXN_19757,CUST_1891,2023-08-05,157.66
TXN_19758,CUST_1891,2023-06-20,185.89
TXN_19759,CUST_1891,2023-09-13,231.32
TXN_19760,CUST_1891,2023-08-01,198.16
TXN_19761,CUST_1891,2023-09-07,75.59
TXN_19762,CUST_1891,2023-06-25,127.44
TXN_19763,CUST_1891,2023-05-31,84.89
TXN_19764,CUST_1891,2023-07-15,40.4
TXN_19765,CUST_1891,2023-06-08,123.86
TXN_19766,CUST_1891,2023-09-01,210.93
TXN_19767,CUST_1892,2023-04-18,206.11
TXN_19768,CUST_1892,2023-03-31,21.79
TXN_19769,CUST_1892,2023-05-05,174.91
TXN_19770,CUST_1892,2023-07-03,109.45
TXN_19771,CUST_1892,2023-02-17,152.32
TXN_19772,CUST_1892,2023-03-21,237.52
TXN_19773,CUST_1892,2023-04-23,125.98
TXN_19774,CUST_1893,2023-12-19,135.5
TXN_19775,CUST_1894,2023-12-17,118.17
TXN_19776,CUST_1895,2023-12-27,173.0
TXN_19777,CUST_1896,2023-04-29,144.28
TXN_19778,CUST_1897,2023-08-27,173.78
TXN_19779,CUST_1898,2023-11-14,172.65
TXN_19780,CUST_1898,2023-11-11,248.7
TXN_19781,CUST_1898,2023-08-29,36.92
TXN_19782,CUST_1898,2023-07-30,91.05
TXN_19783,CUST_1898,2023-07-26,206.61
TXN_19784,CUST_1898,2023-08-09,244.33
TXN_19785,CUST_1898,2023-09-24,55.76
TXN_19786,CUST_1898,2023-08-25,124.72
TXN_19787,CUST_1898,2023-08-26,140.89
TXN_19788,CUST_1898,2023-07-22,176.28
TXN_19789,CUST_1898,2023-08-26,200.88
TXN_19790,CUST_1898,2023-10-20,69.18
TXN_19791,CUST_1898,2023-07-23,180.26
TXN_19792,CUST_1899,2023-09-06,123.89
TXN_19793,CUST_1899,2023-10-23,16.26
TXN_19794,CUST_1899,2023-09-06,19.78
TXN_19795,CUST_1899,2023-12-31,193.75
TXN_19796,CUST_1899,2023-09-19,51.73
TXN_19797,CUST_1899,2023-09-03,140.0
TXN_19798,CUST_1899,2023-12-31,173.53
TXN_19799,CUST_1899,2023-09-18,132.7
TXN_19800,CUST_1899,2023-12-31,136.91
TXN_19801,CUST_1899,2023-12-31,18.85
TXN_19802,CUST_1899,2023-10-21,162.38
TXN_19803,CUST_1899,2023-10-17,149.08
TXN_19804,CUST_1900,2023-02-21,231.73
TXN_19805,CUST_1901,2023-12-31,174.7
TXN_19806,CUST_1902,2023-08-04,102.71
TXN_19807,CUST_1902,2023-11-21,63.42
TXN_19808,CUST_1902,2023-08-23,88.23
TXN_19809,CUST_1902,2023-10-15,26.78
TXN_19810,CUST_1902,2023-08-06,64.5
TXN_19811,CUST_1902,2023-12-31,149.13
TXN_19812,CUST_1902,2023-08-02,78.97
TXN_19813,CUST_1902,2023-08-04,44.28
TXN_19814,CUST_1902,2023-10-18,131.5
TXN_19815,CUST_1902,2023-09-16,92.84
TXN_19816,CUST_1902,2023-09-06,75.53
TXN_19817,CUST_1903,2023-12-23,50.33
TXN_19818,CUST_1904,2023-12-14,206.86
TXN_19819,CUST_1904,2023-11-28,181.65
TXN_19820,CUST_1904,2023-12-12,65.31
TXN_19821,CUST_1904,2023-11-29,191.18
TXN_19822,CUST_1904,2023-12-01,15.39
TXN_19823,CUST_1904,2023-11-30,22.3
TXN_19824,CUST_1904,2023-12-01,93.73
TXN_19825,CUST_1904,2023-12-01,231.19
TXN_19826,CUST_1904,2023-11-30,124.87
TXN_19827,CUST_1904,2023-12-31,221.61
TXN_19828,CUST_1904,2023-12-02,91.73
TXN_19829,CUST_1905,2023-11-12,209.24
TXN_19830,CUST_1905,2023-11-09,36.06
TXN_19831,CUST_1905,2023-12-19,106.03
TXN_19832,CUST_1905,2023-11-09,63.03
TXN_19833,CUST_1905,2023-12-16,66.11
TXN_19834,CUST_1905,2023-11-21,221.98
TXN_19835,CUST_1905,2023-11-01,209.77
TXN_19836,CUST_1905,2023-11-11,169.62
TXN_19837,CUST_1905,2023-11-10,178.45
TXN_19838,CUST_1905,2023-11-06,20.15
TXN_19839,CUST_1905,2023-12-30,18.85
TXN_19840,CUST_1905,2023-12-05,54.75
TXN_19841,CUST_1905,2023-11-10,208.29
TXN_19842,CUST_1906,2023-12-26,131.97
TXN_19843,CUST_1907,2023-09-25,95.23
TXN_19844,CUST_1908,2023-09-06,87.81
TXN_19845,CUST_1909,2023-07-30,204.26
TXN_19846,CUST_1910,2023-11-17,134.68
TXN_19847,CUST_1910,2023-11-01,248.8
TXN_19848,CUST_1910,2023-10-23,154.29
TXN_19849,CUST_1910,2023-12-11,176.5
TXN_19850,CUST_1910,2023-12-10,94.04
TXN_19851,CUST_1910,2023-10-27,215.05
TXN_19852,CUST_1910,2023-11-01,181.78
TXN_19853,CUST_1910,2023-10-23,192.62
TXN_19854,CUST_1910,2023-11-08,78.12
TXN_19855,CUST_1910,2023-11-05,178.78
TXN_19856,CUST_1910,2023-10-20,164.8
TXN_19857,CUST_1910,2023-11-07,66.77
TXN_19858,CUST_1911,2023-10-01,62.97
TXN_19859,CUST_1911,2023-01-30,162.06
TXN_19860,CUST_1911,2023-04-08,17.24
TXN_19861,CUST_1911,2023-03-04,228.07
TXN_19862,CUST_1911,2023-10-06,62.92
TXN_19863,CUST_1912,2023-09-16,215.4
TXN_19864,CUST_1913,2023-12-30,135.86
TXN_19865,CUST_1913,2023-12-30,156.04
TXN_19866,CUST_1913,2023-12-30,243.5
TXN_19867,CUST_1913,2023-12-30,73.58
TXN_19868,CUST_1913,2023-12-30,142.41
TXN_19869,CUST_1913,2023-12-30,107.42
TXN_19870,CUST_1913,2023-12-30,140.72
TXN_19871,CUST_1914,2023-10-29,215.04
TXN_19872,CUST_1915,2023-12-31,30.69
TXN_19873,CUST_1915,2023-07-06,211.26
TXN_19874,CUST_1915,2023-07-10,76.54
TXN_19875,CUST_1915,2023-12-31,220.18
TXN_19876,CUST_1915,2023-07-27,147.0
TXN_19877,CUST_1915,2023-06-01,245.53
TXN_19878,CUST_1915,2023-09-25,23.63
TXN_19879,CUST_1915,2023-06-14,207.94
TXN_19880,CUST_1915,2023-06-07,236.32
TXN_19881,CUST_1915,2023-12-31,223.31
TXN_19882,CUST_1915,2023-09-04,129.51
TXN_19883,CUST_1915,2023-06-07,186.65
TXN_19884,CUST_1915,2023-07-06,149.0
TXN_19885,CUST_1915,2023-06-25,71.91
TXN_19886,CUST_1916,2023-08-14,115.23
TXN_19887,CUST_1917,2023-07-31,22.59
TXN_19888,CUST_1918,2023-04-15,82.78
TXN_19889,CUST_1918,2023-12-31,154.37
TXN_19890,CUST_1918,2023-05-06,115.19
TXN_19891,CUST_1918,2023-05-02,22.47
TXN_19892,CUST_1918,2023-09-18,83.73
TXN_19893,CUST_1918,2023-09-16,127.46
TXN_19894,CUST_1918,2023-04-24,203.44
TXN_19895,CUST_1918,2023-05-18,181.32
TXN_19896,CUST_1918,2023-09-15,241.3
TXN_19897,CUST_1918,2023-04-14,16.97
TXN_19898,CUST_1918,2023-06-16,77.1
TXN_19899,CUST_1919,2023-11-09,70.03
TXN_19900,CUST_1919,2023-04-23,164.01
TXN_19901,CUST_1919,2023-04-23,102.69
TXN_19902,CUST_1919,2023-06-01,143.67
TXN_19903,CUST_1920,2023-11-15,110.11
TXN_19904,CUST_1920,2023-09-08,242.07
TXN_19905,CUST_1920,2023-09-18,235.0
TXN_19906,CUST_1920,2023-09-20,210.39
TXN_19907,CUST_1920,2023-10-18,217.4
TXN_19908,CUST_1920,2023-12-31,219.8
TXN_19909,CUST_1920,2023-09-26,206.41
TXN_19910,CUST_1920,2023-10-24,29.48
TXN_19911,CUST_1920,2023-12-17,124.5
TXN_19912,CUST_1920,2023-09-12,114.96
TXN_19913,CUST_1920,2023-10-12,149.64
TXN_19914,CUST_1921,2023-07-18,228.24
TXN_19915,CUST_1921,2023-06-06,163.19
TXN_19916,CUST_1921,2023-05-20,26.35
TXN_19917,CUST_1921,2023-07-08,26.17
TXN_19918,CUST_1921,2023-08-11,172.53
TXN_19919,CUST_1921,2023-06-04,111.65
TXN_19920,CUST_1921,2023-11-19,18.09
TXN_19921,CUST_1921,2023-07-04,231.99
TXN_19922,CUST_1921,2023-11-15,152.39
TXN_19923,CUST_1921,2023-06-05,38.24
TXN_19924,CUST_1921,2023-05-12,174.72
TXN_19925,CUST_1921,2023-04-28,222.62
TXN_19926,CUST_1921,2023-07-09,25.61
TXN_19927,CUST_1922,2023-12-23,23.37
TXN_19928,CUST_1923,2023-10-17,84.62
TXN_19929,CUST_1923,2023-08-28,247.32
TXN_19930,CUST_1923,2023-08-19,213.24
TXN_19931,CUST_1923,2023-09-05,113.43
TXN_19932,CUST_1923,2023-11-05,36.29
TXN_19933,CUST_1924,2023-12-31,179.28
TXN_19934,CUST_1925,2023-12-06,237.55
TXN_19935,CUST_1925,2023-12-07,34.06
TXN_19936,CUST_1925,2023-12-15,107.02
TXN_19937,CUST_1925,2023-12-13,151.2
TXN_19938,CUST_1925,2023-12-13,29.57
TXN_19939,CUST_1925,2023-12-01,103.96
TXN_19940,CUST_1925,2023-12-12,67.57
TXN_19941,CUST_1925,2023-12-06,245.49
TXN_19942,CUST_1925,2023-12-03,214.27
TXN_19943,CUST_1925,2023-12-18,224.47
TXN_19944,CUST_1925,2023-12-25,134.22
TXN_19945,CUST_1925,2023-12-12,160.44
TXN_19946,CUST_1925,2023-12-04,80.75
TXN_19947,CUST_1925,2023-12-05,66.34
TXN_19948,CUST_1926,2023-12-03,158.85
TXN_19949,CUST_1926,2023-11-29,138.85
TXN_19950,CUST_1926,2023-09-22,123.87
TXN_19951,CUST_1926,2023-11-17,60.61
TXN_19952,CUST_1926,2023-09-22,92.42
TXN_19953,CUST_1926,2023-10-05,86.97
TXN_19954,CUST_1926,2023-09-23,73.95
TXN_19955,CUST_1926,2023-10-28,105.69
TXN_19956,CUST_1926,2023-10-23,141.03
TXN_19957,CUST_1926,2023-10-16,73.41
TXN_19958,CUST_1926,2023-10-14,20.54
TXN_19959,CUST_1927,2023-10-26,75.29
TXN_19960,CUST_1927,2023-10-27,31.58
TXN_19961,CUST_1927,2023-10-31,245.06
TXN_19962,CUST_1927,2023-11-01,123.23
TXN_19963,CUST_1927,2023-11-15,167.4
TXN_19964,CUST_1927,2023-12-30,216.53
TXN_19965,CUST_1928,2023-09-06,189.04
TXN_19966,CUST_1928,2023-09-02,89.82
TXN_19967,CUST_1928,2023-10-03,109.57
TXN_19968,CUST_1928,2023-09-12,232.61
TXN_19969,CUST_1929,2023-09-23,22.14
TXN_19970,CUST_1929,2023-09-13,234.64
TXN_19971,CUST_1929,2023-08-02,20.01
TXN_19972,CUST_1929,2023-07-06,224.63
TXN_19973,CUST_1929,2023-09-19,40.07
TXN_19974,CUST_1929,2023-07-08,204.13
TXN_19975,CUST_1929,2023-10-12,43.32
TXN_19976,CUST_1930,2023-11-02,138.47
TXN_19977,CUST_1931,2023-05-31,92.93
TXN_19978,CUST_1931,2023-05-15,112.11
TXN_19979,CUST_1931,2023-07-14,42.38
TXN_19980,CUST_1931,2023-07-20,108.48
TXN_19981,CUST_1931,2023-08-03,88.99
TXN_19982,CUST_1931,2023-07-11,159.01
TXN_19983,CUST_1932,2023-10-25,182.24
TXN_19984,CUST_1932,2023-11-20,232.77
TXN_19985,CUST_1932,2023-10-12,189.02
TXN_19986,CUST_1932,2023-09-27,28.52
TXN_19987,CUST_1932,2023-09-29,120.41
TXN_19988,CUST_1932,2023-10-02,82.43
TXN_19989,CUST_1932,2023-10-28,99.25
TXN_19990,CUST_1933,2023-06-02,150.76
TXN_19991,CUST_1933,2023-11-22,151.9
TXN_19992,CUST_1933,2023-11-23,195.96
TXN_19993,CUST_1933,2023-07-21,20.12
TXN_19994,CUST_1933,2023-06-11,28.5
TXN_19995,CUST_1933,2023-06-10,29.65
TXN_19996,CUST_1933,2023-05-25,111.51
TXN_19997,CUST_1933,2023-07-06,66.03
TXN_19998,CUST_1933,2023-08-21,153.74
TXN_19999,CUST_1933,2023-08-10,187.2
TXN_20000,CUST_1933,2023-08-20,235.01
TXN_20001,CUST_1933,2023-06-01,78.49
TXN_20002,CUST_1933,2023-05-18,154.26
TXN_20003,CUST_1933,2023-06-19,131.61
TXN_20004,CUST_1934,2023-10-08,160.47
TXN_20005,CUST_1935,2023-03-31,225.16
TXN_20006,CUST_1936,2023-04-30,142.9
TXN_20007,CUST_1936,2023-03-28,177.21
TXN_20008,CUST_1936,2023-04-19,92.33
TXN_20009,CUST_1936,2023-03-14,232.53
TXN_20010,CUST_1936,2023-03-18,117.55
TXN_20011,CUST_1936,2023-03-27,35.25
TXN_20012,CUST_1936,2023-03-03,59.53
TXN_20013,CUST_1936,2023-06-17,110.55
TXN_20014,CUST_1937,2023-02-14,147.29
TXN_20015,CUST_1937,2023-06-25,163.77
TXN_20016,CUST_1937,2023-05-06,188.81
TXN_20017,CUST_1937,2023-01-27,186.88
TXN_20018,CUST_1937,2023-02-26,149.39
TXN_20019,CUST_1937,2023-02-21,212.12
TXN_20020,CUST_1937,2023-04-06,166.09
TXN_20021,CUST_1937,2023-07-21,225.4
TXN_20022,CUST_1937,2023-06-21,49.96
TXN_20023,CUST_1937,2023-08-30,160.37
TXN_20024,CUST_1937,2023-05-08,231.52
TXN_20025,CUST_1938,2023-08-25,135.6
TXN_20026,CUST_1939,2023-12-25,50.28
TXN_20027,CUST_1939,2023-12-22,147.84
TXN_20028,CUST_1939,2023-12-21,39.97
TXN_20029,CUST_1939,2023-12-30,180.13
TXN_20030,CUST_1939,2023-12-22,91.93
TXN_20031,CUST_1939,2023-12-22,32.64
TXN_20032,CUST_1939,2023-12-25,56.56
TXN_20033,CUST_1939,2023-12-26,213.78
TXN_20034,CUST_1939,2023-12-24,195.92
TXN_20035,CUST_1939,2023-12-21,150.35
TXN_20036,CUST_1939,2023-12-24,170.47
TXN_20037,CUST_1939,2023-12-21,95.93
TXN_20038,CUST_1939,2023-12-22,149.54
TXN_20039,CUST_1939,2023-12-25,149.09
TXN_20040,CUST_1940,2023-12-31,239.92
TXN_20041,CUST_1940,2023-12-01,17.57
TXN_20042,CUST_1940,2023-12-08,32.64
TXN_20043,CUST_1940,2023-11-30,80.84
TXN_20044,CUST_1940,2023-11-04,23.95
TXN_20045,CUST_1940,2023-11-18,41.25
TXN_20046,CUST_1940,2023-10-23,207.1
TXN_20047,CUST_1940,2023-11-10,16.42
TXN_20048,CUST_1940,2023-10-23,24.85
TXN_20049,CUST_1940,2023-11-08,242.7
TXN_20050,CUST_1940,2023-11-07,67.73
TXN_20051,CUST_1940,2023-10-21,244.51
TXN_20052,CUST_1941,2023-04-16,109.11
TXN_20053,CUST_1942,2023-05-21,151.54
TXN_20054,CUST_1942,2023-06-12,138.25
TXN_20055,CUST_1942,2023-09-13,180.45
TXN_20056,CUST_1943,2023-11-05,31.22
TXN_20057,CUST_1943,2023-09-01,95.42
TXN_20058,CUST_1943,2023-09-02,126.79
TXN_20059,CUST_1943,2023-09-18,184.63
TXN_20060,CUST_1943,2023-12-31,192.09
TXN_20061,CUST_1943,2023-09-05,234.85
TXN_20062,CUST_1943,2023-09-17,126.43
TXN_20063,CUST_1943,2023-09-19,80.93
TXN_20064,CUST_1943,2023-11-29,93.08
TXN_20065,CUST_1944,2023-08-22,196.94
TXN_20066,CUST_1944,2023-04-29,175.17
TXN_20067,CUST_1944,2023-07-18,147.19
TXN_20068,CUST_1944,2023-06-21,150.0
TXN_20069,CUST_1944,2023-04-04,172.51
TXN_20070,CUST_1944,2023-05-25,118.04
TXN_20071,CUST_1944,2023-09-26,20.46
TXN_20072,CUST_1944,2023-04-23,43.53
TXN_20073,CUST_1944,2023-03-31,79.78
TXN_20074,CUST_1944,2023-12-31,78.5
TXN_20075,CUST_1944,2023-07-06,42.8
TXN_20076,CUST_1945,2023-12-21,95.84
TXN_20077,CUST_1945,2023-11-05,59.8
TXN_20078,CUST_1945,2023-11-14,188.94
TXN_20079,CUST_1945,2023-11-06,191.31
TXN_20080,CUST_1945,2023-11-02,181.14
TXN_20081,CUST_1945,2023-10-31,198.45
TXN_20082,CUST_1945,2023-12-03,202.47
TXN_20083,CUST_1945,2023-10-30,178.15
TXN_20084,CUST_1945,2023-11-11,246.72
TXN_20085,CUST_1945,2023-11-04,196.24
TXN_20086,CUST_1945,2023-11-04,108.26
TXN_20087,CUST_1945,2023-10-27,71.32
TXN_20088,CUST_1945,2023-10-29,52.41
TXN_20089,CUST_1946,2023-07-17,124.96
TXN_20090,CUST_1947,2023-12-18,133.38
TXN_20091,CUST_1947,2023-12-01,159.94
TXN_20092,CUST_1947,2023-12-11,162.23
TXN_20093,CUST_1947,2023-12-16,186.9
TXN_20094,CUST_1947,2023-12-05,207.49
TXN_20095,CUST_1947,2023-12-12,43.29
TXN_20096,CUST_1947,2023-12-08,186.21
TXN_20097,CUST_1947,2023-12-08,238.02
TXN_20098,CUST_1947,2023-12-01,184.75
TXN_20099,CUST_1947,2023-12-17,180.12
TXN_20100,CUST_1947,2023-12-05,105.59
TXN_20101,CUST_1947,2023-12-09,108.32
TXN_20102,CUST_1947,2023-12-22,40.83
TXN_20103,CUST_1947,2023-12-10,46.52
TXN_20104,CUST_1948,2023-01-27,57.28
TXN_20105,CUST_1948,2023-03-09,192.31
TXN_20106,CUST_1948,2023-08-11,245.12
TXN_20107,CUST_1948,2023-01-11,65.92
TXN_20108,CUST_1948,2023-06-21,142.04
TXN_20109,CUST_1949,2023-10-25,80.91
TXN_20110,CUST_1950,2023-11-23,32.96
TXN_20111,CUST_1950,2023-12-02,20.92
TXN_20112,CUST_1950,2023-11-21,180.02
TXN_20113,CUST_1951,2023-05-04,154.04
TXN_20114,CUST_1951,2023-05-10,166.0
TXN_20115,CUST_1951,2023-12-11,106.36
TXN_20116,CUST_1952,2023-11-14,49.56
TXN_20117,CUST_1953,2023-11-18,158.35
TXN_20118,CUST_1954,2023-08-09,108.4
TXN_20119,CUST_1955,2023-01-17,107.86
TXN_20120,CUST_1955,2023-01-26,37.78
TXN_20121,CUST_1955,2023-07-17,115.09
TXN_20122,CUST_1955,2023-07-21,79.1
TXN_20123,CUST_1955,2023-02-17,74.04
TXN_20124,CUST_1955,2023-05-06,206.52
TXN_20125,CUST_1955,2023-03-25,104.12
TXN_20126,CUST_1955,2023-12-31,42.44
TXN_20127,CUST_1955,2023-04-02,110.99
TXN_20128,CUST_1955,2023-01-26,78.03
TXN_20129,CUST_1955,2023-01-17,221.08
TXN_20130,CUST_1955,2023-05-03,206.53
TXN_20131,CUST_1955,2023-04-10,155.88
TXN_20132,CUST_1956,2023-10-03,232.07
TXN_20133,CUST_1956,2023-10-02,110.94
TXN_20134,CUST_1956,2023-08-28,169.5
TXN_20135,CUST_1956,2023-08-24,209.7
TXN_20136,CUST_1956,2023-08-31,138.18
TXN_20137,CUST_1956,2023-09-28,100.19
TXN_20138,CUST_1956,2023-10-06,73.8
TXN_20139,CUST_1956,2023-08-20,240.43
TXN_20140,CUST_1956,2023-09-05,182.66
TXN_20141,CUST_1956,2023-09-19,172.21
TXN_20142,CUST_1956,2023-08-24,136.93
TXN_20143,CUST_1956,2023-09-10,121.18
TXN_20144,CUST_1956,2023-12-31,47.03
TXN_20145,CUST_1956,2023-10-20,92.63
TXN_20146,CUST_1957,2023-04-23,96.96
TXN_20147,CUST_1958,2023-06-03,171.86
TXN_20148,CUST_1959,2023-09-06,80.85
TXN_20149,CUST_1960,2023-12-09,243.21
TXN_20150,CUST_1960,2023-12-07,39.07
TXN_20151,CUST_1960,2023-11-25,154.85
TXN_20152,CUST_1961,2023-12-31,110.26
TXN_20153,CUST_1962,2023-12-30,213.65
TXN_20154,CUST_1962,2023-12-14,128.27
TXN_20155,CUST_1962,2023-12-26,153.97
TXN_20156,CUST_1962,2023-12-25,130.58
TXN_20157,CUST_1962,2023-12-12,185.59
TXN_20158,CUST_1962,2023-12-15,172.08
TXN_20159,CUST_1962,2023-12-12,167.19
TXN_20160,CUST_1962,2023-12-14,93.02
TXN_20161,CUST_1962,2023-12-18,154.18
TXN_20162,CUST_1962,2023-12-17,241.85
TXN_20163,CUST_1963,2023-05-09,81.61
TXN_20164,CUST_1963,2023-06-01,48.27
TXN_20165,CUST_1963,2023-06-26,166.73
TXN_20166,CUST_1964,2023-03-20,164.12
TXN_20167,CUST_1964,2023-04-15,79.64
TXN_20168,CUST_1965,2023-06-20,152.4
TXN_20169,CUST_1965,2023-11-22,228.03
TXN_20170,CUST_1965,2023-06-23,105.37
TXN_20171,CUST_1965,2023-06-14,125.28
TXN_20172,CUST_1966,2023-09-17,133.09
TXN_20173,CUST_1966,2023-12-11,83.13
TXN_20174,CUST_1966,2023-09-04,169.24
TXN_20175,CUST_1966,2023-10-25,179.34
TXN_20176,CUST_1966,2023-10-26,150.15
TXN_20177,CUST_1966,2023-11-15,144.28
TXN_20178,CUST_1966,2023-08-28,142.3
TXN_20179,CUST_1966,2023-10-12,168.59
TXN_20180,CUST_1966,2023-08-29,24.65
TXN_20181,CUST_1966,2023-08-30,246.25
TXN_20182,CUST_1966,2023-08-26,124.13
TXN_20183,CUST_1967,2023-11-02,20.09
TXN_20184,CUST_1967,2023-10-28,60.2
TXN_20185,CUST_1967,2023-10-07,161.81
TXN_20186,CUST_1967,2023-11-28,122.18
TXN_20187,CUST_1967,2023-11-14,199.0
TXN_20188,CUST_1967,2023-10-06,132.73
TXN_20189,CUST_1967,2023-10-29,22.32
TXN_20190,CUST_1967,2023-12-03,195.91
TXN_20191,CUST_1967,2023-09-27,245.58
TXN_20192,CUST_1967,2023-09-24,229.81
TXN_20193,CUST_1968,2023-09-17,122.25
TXN_20194,CUST_1969,2023-11-27,138.6
TXN_20195,CUST_1969,2023-11-05,151.64
TXN_20196,CUST_1969,2023-11-18,170.64
TXN_20197,CUST_1969,2023-11-17,171.18
TXN_20198,CUST_1969,2023-11-04,119.84
TXN_20199,CUST_1969,2023-11-20,192.28
TXN_20200,CUST_1970,2023-11-04,130.6
TXN_20201,CUST_1970,2023-11-10,230.86
TXN_20202,CUST_1970,2023-11-08,235.19
TXN_20203,CUST_1971,2023-11-22,92.88
TXN_20204,CUST_1971,2023-11-09,173.37
TXN_20205,CUST_1971,2023-10-29,34.05
TXN_20206,CUST_1971,2023-11-14,32.66
TXN_20207,CUST_1971,2023-10-16,61.06
TXN_20208,CUST_1971,2023-10-22,213.92
TXN_20209,CUST_1971,2023-11-12,106.0
TXN_20210,CUST_1972,2023-06-28,150.46
TXN_20211,CUST_1972,2023-08-09,66.24
TXN_20212,CUST_1972,2023-08-09,37.22
TXN_20213,CUST_1972,2023-03-12,61.88
TXN_20214,CUST_1972,2023-09-14,180.66
TXN_20215,CUST_1972,2023-01-13,17.24
TXN_20216,CUST_1972,2023-02-19,48.67
TXN_20217,CUST_1972,2023-05-07,170.99
TXN_20218,CUST_1972,2023-12-12,238.73
TXN_20219,CUST_1972,2023-05-17,16.33
TXN_20220,CUST_1973,2023-08-23,132.31
TXN_20221,CUST_1974,2023-07-23,239.76
TXN_20222,CUST_1974,2023-09-12,208.96
TXN_20223,CUST_1975,2023-10-17,238.09
TXN_20224,CUST_1976,2023-05-20,62.34
TXN_20225,CUST_1976,2023-10-15,174.3
TXN_20226,CUST_1976,2023-04-07,180.63
TXN_20227,CUST_1976,2023-07-27,223.42
TXN_20228,CUST_1976,2023-04-13,247.36
TXN_20229,CUST_1976,2023-04-05,156.16
TXN_20230,CUST_1976,2023-06-30,113.45
TXN_20231,CUST_1976,2023-05-21,224.36
TXN_20232,CUST_1976,2023-06-27,131.8
TXN_20233,CUST_1976,2023-04-03,16.72
TXN_20234,CUST_1976,2023-04-02,239.7
TXN_20235,CUST_1976,2023-08-05,242.27
TXN_20236,CUST_1976,2023-03-24,174.85
TXN_20237,CUST_1976,2023-03-25,198.78
TXN_20238,CUST_1977,2023-04-12,148.49
TXN_20239,CUST_1978,2023-10-28,169.67
TXN_20240,CUST_1979,2023-12-31,27.21
TXN_20241,CUST_1979,2023-12-15,116.95
TXN_20242,CUST_1979,2023-12-04,54.98
TXN_20243,CUST_1979,2023-12-05,34.91
TXN_20244,CUST_1979,2023-12-08,71.77
TXN_20245,CUST_1980,2023-12-16,118.97
TXN_20246,CUST_1980,2023-12-17,44.74
TXN_20247,CUST_1980,2023-12-21,68.14
TXN_20248,CUST_1980,2023-12-16,113.33
TXN_20249,CUST_1980,2023-12-17,89.87
TXN_20250,CUST_1980,2023-12-18,172.19
TXN_20251,CUST_1980,2023-12-20,235.26
TXN_20252,CUST_1981,2023-12-28,160.05
TXN_20253,CUST_1981,2023-12-27,212.62
TXN_20254,CUST_1981,2023-12-28,67.53
TXN_20255,CUST_1981,2023-12-27,217.48
TXN_20256,CUST_1982,2023-09-24,205.73
TXN_20257,CUST_1982,2023-10-10,121.46
TXN_20258,CUST_1982,2023-10-28,156.45
TXN_20259,CUST_1982,2023-12-31,152.23
TXN_20260,CUST_1982,2023-10-06,142.56
TXN_20261,CUST_1982,2023-11-12,158.98
TXN_20262,CUST_1982,2023-10-21,243.29
TXN_20263,CUST_1982,2023-10-18,104.37
TXN_20264,CUST_1982,2023-10-26,169.97
TXN_20265,CUST_1982,2023-09-14,124.82
TXN_20266,CUST_1982,2023-11-01,132.27
TXN_20267,CUST_1983,2023-06-12,186.13
TXN_20268,CUST_1983,2023-08-02,53.26
TXN_20269,CUST_1984,2023-10-15,71.94
TXN_20270,CUST_1984,2023-11-05,103.62
TXN_20271,CUST_1984,2023-11-01,198.08
TXN_20272,CUST_1985,2023-12-31,20.86
TXN_20273,CUST_1985,2023-10-01,144.05
TXN_20274,CUST_1985,2023-10-23,79.47
TXN_20275,CUST_1985,2023-11-19,53.62
TXN_20276,CUST_1985,2023-09-21,238.81
TXN_20277,CUST_1985,2023-10-07,240.01
TXN_20278,CUST_1985,2023-10-01,29.91
TXN_20279,CUST_1985,2023-11-09,211.42
TXN_20280,CUST_1985,2023-10-13,32.35
TXN_20281,CUST_1985,2023-10-26,57.8
TXN_20282,CUST_1985,2023-11-23,79.4
TXN_20283,CUST_1985,2023-11-23,115.33
TXN_20284,CUST_1985,2023-10-21,200.55
TXN_20285,CUST_1986,2023-10-09,47.58
TXN_20286,CUST_1987,2023-03-19,225.43
TXN_20287,CUST_1988,2023-11-23,165.99
TXN_20288,CUST_1989,2023-04-08,130.26
TXN_20289,CUST_1990,2023-10-28,194.78
TXN_20290,CUST_1991,2023-12-31,115.73
TXN_20291,CUST_1991,2023-10-16,240.02
TXN_20292,CUST_1991,2023-05-16,127.67
TXN_20293,CUST_1991,2023-05-06,160.87
TXN_20294,CUST_1991,2023-07-10,62.97
TXN_20295,CUST_1991,2023-09-08,23.76
TXN_20296,CUST_1991,2023-09-11,21.26
TXN_20297,CUST_1992,2023-05-05,113.16
TXN_20298,CUST_1992,2023-06-26,44.61
TXN_20299,CUST_1992,2023-07-02,83.37
TXN_20300,CUST_1992,2023-05-09,48.35
TXN_20301,CUST_1992,2023-05-24,233.31
TXN_20302,CUST_1992,2023-04-19,215.26
TXN_20303,CUST_1992,2023-05-30,146.98
TXN_20304,CUST_1993,2023-08-26,198.09
TXN_20305,CUST_1993,2023-07-25,53.03
TXN_20306,CUST_1993,2023-07-30,196.39
TXN_20307,CUST_1993,2023-09-28,69.18
TXN_20308,CUST_1993,2023-07-06,231.33
TXN_20309,CUST_1993,2023-06-26,187.66
TXN_20310,CUST_1993,2023-06-27,211.91
TXN_20311,CUST_1993,2023-11-20,84.89
TXN_20312,CUST_1993,2023-06-28,127.96
TXN_20313,CUST_1993,2023-07-16,113.03
TXN_20314,CUST_1993,2023-09-01,64.31
TXN_20315,CUST_1993,2023-07-21,198.9
TXN_20316,CUST_1993,2023-08-28,91.67
TXN_20317,CUST_1994,2023-09-29,143.84
TXN_20318,CUST_1994,2023-09-29,93.78
TXN_20319,CUST_1994,2023-07-26,196.21
TXN_20320,CUST_1994,2023-08-05,159.83
TXN_20321,CUST_1995,2023-07-16,61.53
TXN_20322,CUST_1995,2023-08-12,209.18
TXN_20323,CUST_1995,2023-06-17,155.28
TXN_20324,CUST_1996,2023-11-12,67.12
TXN_20325,CUST_1996,2023-11-08,53.64
TXN_20326,CUST_1996,2023-11-12,23.35
TXN_20327,CUST_1996,2023-12-14,53.42
TXN_20328,CUST_1996,2023-12-14,217.94
TXN_20329,CUST_1996,2023-11-13,131.97
TXN_20330,CUST_1997,2023-12-31,172.63
TXN_20331,CUST_1998,2023-02-16,33.28
TXN_20332,CUST_1998,2023-02-22,197.89
TXN_20333,CUST_1998,2023-03-31,68.49
TXN_20334,CUST_1999,2023-11-18,175.72
TXN_20335,CUST_1999,2023-11-12,155.02
TXN_20336,CUST_1999,2023-11-22,89.81
TXN_20337,CUST_1999,2023-12-04,34.0
TXN_20338,CUST_1999,2023-11-11,125.72
TXN_20339,CUST_1999,2023-12-17,150.16
TXN_20340,CUST_1999,2023-12-10,136.63
TXN_20341,CUST_1999,2023-12-05,91.56
TXN_20342,CUST_1999,2023-12-07,109.4
TXN_20343,CUST_1999,2023-11-22,56.33
TXN_20344,CUST_1999,2023-12-22,179.84
TXN_20345,CUST_1999,2023-12-12,63.85
TXN_20346,CUST_2000,2023-07-03,136.42
TXN_20347,CUST_2001,2023-08-19,180.35
TXN_20348,CUST_2001,2023-08-16,245.1
TXN_20349,CUST_2001,2023-08-05,191.98
TXN_20350,CUST_2001,2023-09-10,69.78
TXN_20351,CUST_2001,2023-10-07,120.17
TXN_20352,CUST_2001,2023-09-24,170.63
TXN_20353,CUST_2001,2023-08-01,212.4
TXN_20354,CUST_2001,2023-09-24,198.44
TXN_20355,CUST_2001,2023-08-26,60.84
TXN_20356,CUST_2001,2023-08-15,226.85
TXN_20357,CUST_2001,2023-12-19,128.24
TXN_20358,CUST_2001,2023-08-13,186.62
TXN_20359,CUST_2002,2023-07-29,121.4
TXN_20360,CUST_2002,2023-05-11,243.04
TXN_20361,CUST_2002,2023-06-28,45.78
TXN_20362,CUST_2002,2023-06-01,92.39
TXN_20363,CUST_2002,2023-05-08,234.36
TXN_20364,CUST_2002,2023-10-17,61.8
TXN_20365,CUST_2002,2023-05-25,194.14
TXN_20366,CUST_2002,2023-05-08,154.02
TXN_20367,CUST_2002,2023-07-30,168.68
TXN_20368,CUST_2002,2023-07-31,181.07
TXN_20369,CUST_2003,2023-10-24,156.54
TXN_20370,CUST_2003,2023-09-26,235.93
TXN_20371,CUST_2003,2023-10-05,242.92
TXN_20372,CUST_2003,2023-10-09,201.45
TXN_20373,CUST_2003,2023-10-29,170.29
TXN_20374,CUST_2003,2023-09-08,33.2
TXN_20375,CUST_2003,2023-10-11,229.27
TXN_20376,CUST_2003,2023-10-12,70.46
TXN_20377,CUST_2003,2023-09-22,161.44
TXN_20378,CUST_2003,2023-10-12,239.59
TXN_20379,CUST_2004,2023-12-20,21.18
TXN_20380,CUST_2004,2023-12-24,86.85
TXN_20381,CUST_2004,2023-12-07,46.09
TXN_20382,CUST_2004,2023-12-24,191.21
TXN_20383,CUST_2004,2023-12-26,175.56
TXN_20384,CUST_2004,2023-12-02,87.44
TXN_20385,CUST_2004,2023-12-06,157.71
TXN_20386,CUST_2004,2023-12-26,105.23
TXN_20387,CUST_2004,2023-12-12,240.84
TXN_20388,CUST_2004,2023-12-01,217.74
TXN_20389,CUST_2004,2023-12-05,187.12
TXN_20390,CUST_2005,2023-06-10,21.38
TXN_20391,CUST_2006,2023-11-04,233.85
TXN_20392,CUST_2006,2023-11-15,207.86
TXN_20393,CUST_2007,2023-02-13,95.87
TXN_20394,CUST_2008,2023-12-13,65.97
TXN_20395,CUST_2009,2023-10-21,242.27
TXN_20396,CUST_2009,2023-10-21,65.16
TXN_20397,CUST_2010,2023-06-06,192.25
TXN_20398,CUST_2010,2023-01-05,107.53
TXN_20399,CUST_2010,2023-06-30,227.64
TXN_20400,CUST_2010,2023-04-22,27.29
TXN_20401,CUST_2010,2023-03-03,32.44
TXN_20402,CUST_2010,2023-06-17,29.92
TXN_20403,CUST_2010,2023-01-25,112.99
TXN_20404,CUST_2010,2023-03-17,110.52
TXN_20405,CUST_2010,2023-03-17,182.61
TXN_20406,CUST_2011,2023-07-03,86.29
TXN_20407,CUST_2012,2023-05-19,130.27
TXN_20408,CUST_2013,2023-09-30,19.68
TXN_20409,CUST_2013,2023-12-07,210.08
TXN_20410,CUST_2013,2023-08-03,144.89
TXN_20411,CUST_2013,2023-09-08,46.01
TXN_20412,CUST_2013,2023-08-02,20.46
TXN_20413,CUST_2013,2023-11-05,20.85
TXN_20414,CUST_2013,2023-08-07,33.39
TXN_20415,CUST_2013,2023-10-09,232.37
TXN_20416,CUST_2013,2023-09-01,47.8
TXN_20417,CUST_2013,2023-08-31,196.03
TXN_20418,CUST_2013,2023-09-25,189.3
TXN_20419,CUST_2014,2023-09-05,50.01
TXN_20420,CUST_2015,2023-04-28,88.12
TXN_20421,CUST_2015,2023-08-30,124.07
TXN_20422,CUST_2015,2023-03-06,79.62
TXN_20423,CUST_2015,2023-03-26,223.56
TXN_20424,CUST_2015,2023-06-14,146.69
TXN_20425,CUST_2015,2023-05-11,167.78
TXN_20426,CUST_2015,2023-07-21,145.28
TXN_20427,CUST_2016,2023-12-31,172.31
TXN_20428,CUST_2016,2023-12-26,110.05
TXN_20429,CUST_2016,2023-12-17,228.66
TXN_20430,CUST_2016,2023-12-22,210.25
TXN_20431,CUST_2016,2023-11-27,52.34
TXN_20432,CUST_2016,2023-11-26,195.31
TXN_20433,CUST_2016,2023-11-24,127.39
TXN_20434,CUST_2016,2023-12-02,156.91
TXN_20435,CUST_2016,2023-12-27,170.45
TXN_20436,CUST_2017,2023-10-07,133.24
TXN_20437,CUST_2017,2023-06-17,73.59
TXN_20438,CUST_2017,2023-07-08,164.49
TXN_20439,CUST_2017,2023-06-29,69.97
TXN_20440,CUST_2017,2023-07-02,154.24
TXN_20441,CUST_2017,2023-07-26,212.78
TXN_20442,CUST_2017,2023-08-30,171.7
TXN_20443,CUST_2018,2023-07-01,134.85
TXN_20444,CUST_2019,2023-08-17,21.14
TXN_20445,CUST_2020,2023-01-25,203.23
TXN_20446,CUST_2021,2023-10-05,77.39
TXN_20447,CUST_2022,2023-07-07,197.96
TXN_20448,CUST_2022,2023-07-28,174.65
TXN_20449,CUST_2022,2023-09-06,201.49
TXN_20450,CUST_2022,2023-09-11,24.13
TXN_20451,CUST_2022,2023-08-13,54.05
TXN_20452,CUST_2022,2023-12-31,75.12
TXN_20453,CUST_2022,2023-08-02,61.23
TXN_20454,CUST_2022,2023-07-08,156.22
TXN_20455,CUST_2022,2023-08-10,103.05
TXN_20456,CUST_2022,2023-07-05,187.95
TXN_20457,CUST_2022,2023-06-30,122.55
TXN_20458,CUST_2023,2023-09-02,141.9
TXN_20459,CUST_2023,2023-09-12,230.03
TXN_20460,CUST_2023,2023-09-23,226.14
TXN_20461,CUST_2023,2023-09-13,106.03
TXN_20462,CUST_2023,2023-12-28,62.31
TXN_20463,CUST_2023,2023-10-04,106.3
TXN_20464,CUST_2023,2023-10-30,45.38
TXN_20465,CUST_2023,2023-09-22,179.25
TXN_20466,CUST_2023,2023-09-20,28.75
TXN_20467,CUST_2023,2023-10-19,133.25
TXN_20468,CUST_2023,2023-08-30,158.97
TXN_20469,CUST_2023,2023-12-11,41.09
TXN_20470,CUST_2023,2023-10-05,186.24
TXN_20471,CUST_2023,2023-09-02,20.31
TXN_20472,CUST_2024,2023-08-12,211.61
TXN_20473,CUST_2024,2023-09-26,93.06
TXN_20474,CUST_2024,2023-09-09,241.91
TXN_20475,CUST_2024,2023-08-16,132.39
TXN_20476,CUST_2024,2023-09-21,47.43
TXN_20477,CUST_2024,2023-08-06,18.16
TXN_20478,CUST_2024,2023-08-23,32.38
TXN_20479,CUST_2024,2023-10-23,249.37
TXN_20480,CUST_2024,2023-08-07,116.69
TXN_20481,CUST_2024,2023-08-05,46.49
TXN_20482,CUST_2024,2023-08-23,107.52
TXN_20483,CUST_2024,2023-12-21,108.02
TXN_20484,CUST_2025,2023-10-26,212.3
TXN_20485,CUST_2025,2023-10-03,22.87
TXN_20486,CUST_2025,2023-10-20,103.02
TXN_20487,CUST_2025,2023-09-27,118.7
TXN_20488,CUST_2025,2023-10-03,170.55
TXN_20489,CUST_2025,2023-10-27,197.56
TXN_20490,CUST_2025,2023-10-20,203.82
TXN_20491,CUST_2025,2023-09-12,211.65
TXN_20492,CUST_2025,2023-09-26,139.26
TXN_20493,CUST_2026,2023-11-04,110.34
TXN_20494,CUST_2026,2023-10-28,190.84
TXN_20495,CUST_2026,2023-11-15,100.59
TXN_20496,CUST_2026,2023-10-30,154.46
TXN_20497,CUST_2026,2023-11-28,88.41
TXN_20498,CUST_2026,2023-10-26,65.37
TXN_20499,CUST_2026,2023-11-20,247.44
TXN_20500,CUST_2026,2023-10-26,86.95
TXN_20501,CUST_2026,2023-10-27,89.34
TXN_20502,CUST_2026,2023-11-06,231.4
TXN_20503,CUST_2027,2023-09-02,107.95
TXN_20504,CUST_2028,2023-11-11,16.12
TXN_20505,CUST_2028,2023-08-08,20.26
TXN_20506,CUST_2028,2023-10-17,33.75
TXN_20507,CUST_2028,2023-08-05,49.64
TXN_20508,CUST_2028,2023-08-23,124.2
TXN_20509,CUST_2028,2023-08-08,132.26
TXN_20510,CUST_2028,2023-08-19,79.48
TXN_20511,CUST_2028,2023-10-29,246.93
TXN_20512,CUST_2028,2023-09-04,90.62
TXN_20513,CUST_2028,2023-12-15,132.61
TXN_20514,CUST_2029,2023-12-26,227.18
TXN_20515,CUST_2029,2023-12-19,226.1
TXN_20516,CUST_2029,2023-12-05,178.32
TXN_20517,CUST_2029,2023-11-02,46.08
TXN_20518,CUST_2029,2023-11-04,20.53
TXN_20519,CUST_2029,2023-11-04,231.14
TXN_20520,CUST_2029,2023-11-23,88.34
TXN_20521,CUST_2029,2023-12-03,129.77
TXN_20522,CUST_2029,2023-11-05,222.86
TXN_20523,CUST_2029,2023-11-10,179.23
TXN_20524,CUST_2030,2023-10-30,206.82
TXN_20525,CUST_2031,2023-12-31,31.5
TXN_20526,CUST_2032,2023-12-31,158.92
TXN_20527,CUST_2032,2023-05-31,25.52
TXN_20528,CUST_2032,2023-09-08,242.97
TXN_20529,CUST_2032,2023-12-31,66.96
TXN_20530,CUST_2032,2023-03-07,101.02
TXN_20531,CUST_2032,2023-03-20,86.82
TXN_20532,CUST_2032,2023-05-19,204.32
TXN_20533,CUST_2032,2023-12-05,30.95
TXN_20534,CUST_2032,2023-03-15,74.93
TXN_20535,CUST_2032,2023-03-28,114.72
TXN_20536,CUST_2032,2023-04-02,238.75
TXN_20537,CUST_2032,2023-04-11,144.62
TXN_20538,CUST_2032,2023-07-08,185.39
TXN_20539,CUST_2033,2023-09-02,49.33
TXN_20540,CUST_2033,2023-08-13,52.46
TXN_20541,CUST_2033,2023-12-31,185.98
TXN_20542,CUST_2033,2023-09-15,236.26
TXN_20543,CUST_2033,2023-09-25,185.53
TXN_20544,CUST_2033,2023-08-26,153.41
TXN_20545,CUST_2033,2023-08-18,110.05
TXN_20546,CUST_2033,2023-08-12,65.91
TXN_20547,CUST_2033,2023-08-14,106.13
TXN_20548,CUST_2033,2023-11-06,103.81
TXN_20549,CUST_2033,2023-11-03,169.28
TXN_20550,CUST_2033,2023-09-13,70.67
TXN_20551,CUST_2034,2023-08-04,20.91
TXN_20552,CUST_2034,2023-12-31,31.67
TXN_20553,CUST_2034,2023-08-28,39.02
TXN_20554,CUST_2034,2023-07-23,58.67
TXN_20555,CUST_2034,2023-08-20,223.46
TXN_20556,CUST_2034,2023-09-01,171.08
TXN_20557,CUST_2034,2023-11-24,191.11
TXN_20558,CUST_2034,2023-11-01,112.85
TXN_20559,CUST_2034,2023-10-31,166.78
TXN_20560,CUST_2034,2023-07-11,24.1
TXN_20561,CUST_2034,2023-07-19,103.91
TXN_20562,CUST_2034,2023-10-20,189.19
TXN_20563,CUST_2035,2023-06-29,158.3
TXN_20564,CUST_2035,2023-08-12,199.11
TXN_20565,CUST_2035,2023-06-28,198.5
TXN_20566,CUST_2035,2023-08-11,102.07
TXN_20567,CUST_2035,2023-12-31,52.63
TXN_20568,CUST_2035,2023-08-14,90.43
TXN_20569,CUST_2035,2023-08-12,144.78
TXN_20570,CUST_2035,2023-07-02,170.37
TXN_20571,CUST_2035,2023-08-28,195.82
TXN_20572,CUST_2035,2023-07-02,84.86
TXN_20573,CUST_2035,2023-08-31,47.13
TXN_20574,CUST_2035,2023-09-05,28.87
TXN_20575,CUST_2036,2023-12-04,196.96
TXN_20576,CUST_2037,2023-12-16,137.05
TXN_20577,CUST_2037,2023-12-31,178.29
TXN_20578,CUST_2037,2023-12-13,111.08
TXN_20579,CUST_2037,2023-12-25,84.49
TXN_20580,CUST_2037,2023-12-06,61.23
TXN_20581,CUST_2037,2023-12-06,89.96
TXN_20582,CUST_2037,2023-12-20,168.11
TXN_20583,CUST_2037,2023-12-07,200.37
TXN_20584,CUST_2037,2023-12-11,135.49
TXN_20585,CUST_2037,2023-12-09,218.18
TXN_20586,CUST_2037,2023-12-09,37.12
TXN_20587,CUST_2038,2023-08-28,169.53
TXN_20588,CUST_2039,2023-05-15,170.3
TXN_20589,CUST_2040,2023-11-08,215.34
TXN_20590,CUST_2040,2023-12-31,171.38
TXN_20591,CUST_2040,2023-12-21,46.03
TXN_20592,CUST_2040,2023-12-31,22.87
TXN_20593,CUST_2040,2023-11-12,83.39
TXN_20594,CUST_2040,2023-12-02,66.12
TXN_20595,CUST_2040,2023-10-28,112.43
TXN_20596,CUST_2040,2023-10-29,83.17
TXN_20597,CUST_2040,2023-11-19,84.26
TXN_20598,CUST_2040,2023-11-03,51.54
TXN_20599,CUST_2040,2023-10-31,138.58
TXN_20600,CUST_2040,2023-11-21,121.39
TXN_20601,CUST_2041,2023-11-23,145.92
TXN_20602,CUST_2042,2023-12-05,58.04
TXN_20603,CUST_2043,2023-09-09,24.78
TXN_20604,CUST_2044,2023-01-09,106.96
TXN_20605,CUST_2044,2023-04-02,40.43
TXN_20606,CUST_2044,2023-04-09,207.57
TXN_20607,CUST_2044,2023-03-05,97.87
TXN_20608,CUST_2044,2023-02-26,231.93
TXN_20609,CUST_2044,2023-01-13,119.59
TXN_20610,CUST_2044,2023-02-13,225.04
TXN_20611,CUST_2044,2023-01-20,111.69
TXN_20612,CUST_2045,2023-12-08,166.55
TXN_20613,CUST_2045,2023-12-08,239.18
TXN_20614,CUST_2045,2023-12-14,162.17
TXN_20615,CUST_2046,2023-05-11,54.0
TXN_20616,CUST_2046,2023-05-13,178.64
TXN_20617,CUST_2046,2023-06-19,29.99
TXN_20618,CUST_2046,2023-08-09,166.44
TXN_20619,CUST_2046,2023-08-17,155.96
TXN_20620,CUST_2046,2023-05-22,29.43
TXN_20621,CUST_2046,2023-09-19,65.72
TXN_20622,CUST_2046,2023-07-09,129.03
TXN_20623,CUST_2047,2023-10-18,146.2
TXN_20624,CUST_2047,2023-11-01,183.5
TXN_20625,CUST_2047,2023-09-30,195.99
TXN_20626,CUST_2047,2023-09-21,183.3
TXN_20627,CUST_2047,2023-09-24,186.47
TXN_20628,CUST_2047,2023-10-16,117.75
TXN_20629,CUST_2047,2023-10-30,23.55
TXN_20630,CUST_2047,2023-09-29,159.86
TXN_20631,CUST_2047,2023-11-23,104.56
TXN_20632,CUST_2047,2023-10-01,136.9
TXN_20633,CUST_2047,2023-10-23,113.72
TXN_20634,CUST_2048,2023-06-25,140.15
TXN_20635,CUST_2048,2023-06-07,160.64
TXN_20636,CUST_2048,2023-12-07,222.91
TXN_20637,CUST_2048,2023-07-24,167.67
TXN_20638,CUST_2048,2023-08-03,30.74
TXN_20639,CUST_2048,2023-06-17,241.5
TXN_20640,CUST_2048,2023-06-26,105.35
TXN_20641,CUST_2048,2023-07-25,245.1
TXN_20642,CUST_2048,2023-08-26,162.96
TXN_20643,CUST_2049,2023-12-31,57.91
TXN_20644,CUST_2049,2023-12-19,164.51
TXN_20645,CUST_2049,2023-12-23,140.63
TXN_20646,CUST_2049,2023-12-18,212.77
TXN_20647,CUST_2049,2023-12-31,110.3
TXN_20648,CUST_2049,2023-12-19,19.54
TXN_20649,CUST_2049,2023-12-19,179.48
TXN_20650,CUST_2049,2023-12-28,36.98
TXN_20651,CUST_2049,2023-12-21,178.45
TXN_20652,CUST_2049,2023-12-19,148.93
TXN_20653,CUST_2049,2023-12-23,211.86
TXN_20654,CUST_2049,2023-12-20,190.75
TXN_20655,CUST_2049,2023-12-19,65.07
TXN_20656,CUST_2050,2023-12-25,23.43
TXN_20657,CUST_2051,2023-05-11,167.26
TXN_20658,CUST_2052,2023-04-27,148.85
TXN_20659,CUST_2053,2023-07-28,182.51
TXN_20660,CUST_2054,2023-10-25,48.46
TXN_20661,CUST_2055,2023-12-31,103.49
TXN_20662,CUST_2056,2023-11-17,79.64
TXN_20663,CUST_2056,2023-12-28,103.71
TXN_20664,CUST_2056,2023-11-26,67.62
TXN_20665,CUST_2057,2023-05-14,117.18
TXN_20666,CUST_2058,2023-08-30,27.27
TXN_20667,CUST_2058,2023-09-06,188.9
TXN_20668,CUST_2058,2023-09-10,31.9
TXN_20669,CUST_2058,2023-09-03,181.59
TXN_20670,CUST_2059,2023-04-29,102.09
TXN_20671,CUST_2060,2023-12-11,151.62
TXN_20672,CUST_2061,2023-06-12,103.11
TXN_20673,CUST_2062,2023-06-05,166.05
TXN_20674,CUST_2063,2023-11-05,63.95
TXN_20675,CUST_2064,2023-10-09,209.07
TXN_20676,CUST_2065,2023-04-26,164.22
TXN_20677,CUST_2065,2023-06-21,80.37
TXN_20678,CUST_2065,2023-06-22,104.52
TXN_20679,CUST_2065,2023-04-25,82.98
TXN_20680,CUST_2065,2023-04-26,199.89
TXN_20681,CUST_2065,2023-04-13,175.27
TXN_20682,CUST_2065,2023-10-25,97.35
TXN_20683,CUST_2065,2023-03-19,20.78
TXN_20684,CUST_2065,2023-03-31,40.86
TXN_20685,CUST_2066,2023-12-07,24.98
TXN_20686,CUST_2066,2023-11-28,70.02
TXN_20687,CUST_2066,2023-11-27,59.82
TXN_20688,CUST_2066,2023-12-05,170.73
TXN_20689,CUST_2066,2023-11-25,189.17
TXN_20690,CUST_2066,2023-11-27,81.49
TXN_20691,CUST_2066,2023-12-15,226.77
TXN_20692,CUST_2066,2023-12-15,49.72
TXN_20693,CUST_2066,2023-12-31,172.96
TXN_20694,CUST_2066,2023-12-02,239.39
TXN_20695,CUST_2066,2023-12-14,177.56
TXN_20696,CUST_2066,2023-12-16,105.58
TXN_20697,CUST_2066,2023-12-08,59.79
TXN_20698,CUST_2066,2023-12-31,153.41
TXN_20699,CUST_2067,2023-12-20,106.04
TXN_20700,CUST_2067,2023-12-16,197.86
TXN_20701,CUST_2067,2023-12-11,98.84
TXN_20702,CUST_2067,2023-12-16,93.49
TXN_20703,CUST_2067,2023-12-13,81.19
TXN_20704,CUST_2067,2023-12-12,214.49
TXN_20705,CUST_2067,2023-12-28,179.54
TXN_20706,CUST_2067,2023-12-11,199.76
TXN_20707,CUST_2067,2023-12-16,193.16
TXN_20708,CUST_2067,2023-12-14,24.7
TXN_20709,CUST_2067,2023-12-18,119.37
TXN_20710,CUST_2067,2023-12-24,188.46
TXN_20711,CUST_2067,2023-12-13,185.16
TXN_20712,CUST_2067,2023-12-15,61.87
TXN_20713,CUST_2068,2023-12-23,61.88
TXN_20714,CUST_2068,2023-10-29,92.77
TXN_20715,CUST_2068,2023-10-29,209.57
TXN_20716,CUST_2068,2023-11-12,165.84
TXN_20717,CUST_2069,2023-12-31,156.88
TXN_20718,CUST_2069,2023-11-27,131.59
TXN_20719,CUST_2069,2023-11-17,242.9
TXN_20720,CUST_2069,2023-10-26,133.5
TXN_20721,CUST_2069,2023-11-03,248.12
TXN_20722,CUST_2070,2023-05-17,47.48
TXN_20723,CUST_2071,2023-09-28,150.42
TXN_20724,CUST_2071,2023-06-03,167.49
TXN_20725,CUST_2071,2023-07-06,205.68
TXN_20726,CUST_2071,2023-11-25,156.11
TXN_20727,CUST_2071,2023-08-30,28.3
TXN_20728,CUST_2071,2023-07-25,192.5
TXN_20729,CUST_2071,2023-07-15,154.48
TXN_20730,CUST_2071,2023-11-09,61.55
TXN_20731,CUST_2071,2023-06-03,177.3
TXN_20732,CUST_2071,2023-09-29,214.87
TXN_20733,CUST_2071,2023-08-09,210.81
TXN_20734,CUST_2071,2023-08-22,35.53
TXN_20735,CUST_2072,2023-10-21,107.74
TXN_20736,CUST_2072,2023-10-23,90.59
TXN_20737,CUST_2072,2023-10-18,84.06
TXN_20738,CUST_2072,2023-10-14,126.13
TXN_20739,CUST_2072,2023-11-21,217.63
TXN_20740,CUST_2072,2023-11-27,112.87
TXN_20741,CUST_2072,2023-11-17,82.65
TXN_20742,CUST_2072,2023-10-15,173.85
TXN_20743,CUST_2072,2023-11-10,203.38
TXN_20744,CUST_2072,2023-11-07,51.87
TXN_20745,CUST_2072,2023-12-02,162.4
TXN_20746,CUST_2073,2023-12-01,185.9
TXN_20747,CUST_2073,2023-11-09,195.95
TXN_20748,CUST_2074,2023-04-26,228.1
TXN_20749,CUST_2074,2023-09-23,183.87
TXN_20750,CUST_2074,2023-02-24,95.23
TXN_20751,CUST_2074,2023-06-21,45.32
TXN_20752,CUST_2074,2023-08-08,229.92
TXN_20753,CUST_2074,2023-04-08,180.87
TXN_20754,CUST_2074,2023-03-10,177.34
TXN_20755,CUST_2075,2023-11-03,181.82
TXN_20756,CUST_2076,2023-06-28,196.84
TXN_20757,CUST_2076,2023-12-31,223.83
TXN_20758,CUST_2076,2023-08-13,178.27
TXN_20759,CUST_2076,2023-06-02,43.34
TXN_20760,CUST_2076,2023-03-27,207.77
TXN_20761,CUST_2076,2023-08-17,159.4
TXN_20762,CUST_2076,2023-05-06,21.12
TXN_20763,CUST_2076,2023-04-18,113.85
TXN_20764,CUST_2076,2023-05-14,233.39
TXN_20765,CUST_2077,2023-12-27,101.46
TXN_20766,CUST_2078,2023-04-10,117.1
TXN_20767,CUST_2078,2023-05-13,247.58
TXN_20768,CUST_2078,2023-12-31,59.58
TXN_20769,CUST_2078,2023-12-24,177.68
TXN_20770,CUST_2078,2023-05-18,188.81
TXN_20771,CUST_2078,2023-10-28,57.33
TXN_20772,CUST_2078,2023-04-19,111.05
TXN_20773,CUST_2078,2023-04-16,99.69
TXN_20774,CUST_2079,2023-08-10,94.89
TXN_20775,CUST_2079,2023-08-24,39.51
TXN_20776,CUST_2079,2023-08-29,85.34
TXN_20777,CUST_2079,2023-09-25,222.58
TXN_20778,CUST_2079,2023-09-06,190.47
TXN_20779,CUST_2079,2023-08-15,225.32
TXN_20780,CUST_2079,2023-08-16,60.14
TXN_20781,CUST_2079,2023-08-13,87.77
TXN_20782,CUST_2079,2023-09-15,247.18
TXN_20783,CUST_2079,2023-10-23,104.4
TXN_20784,CUST_2079,2023-09-18,161.48
TXN_20785,CUST_2080,2023-08-28,172.26
TXN_20786,CUST_2080,2023-09-28,46.29
TXN_20787,CUST_2080,2023-07-23,176.82
TXN_20788,CUST_2080,2023-10-28,111.18
TXN_20789,CUST_2080,2023-12-31,65.78
TXN_20790,CUST_2081,2023-10-11,140.0
TXN_20791,CUST_2081,2023-04-01,154.16
TXN_20792,CUST_2081,2023-05-25,67.39
TXN_20793,CUST_2081,2023-06-05,202.36
TXN_20794,CUST_2081,2023-08-16,29.03
TXN_20795,CUST_2081,2023-03-26,172.03
TXN_20796,CUST_2082,2023-06-11,180.82
TXN_20797,CUST_2082,2023-05-01,24.21
TXN_20798,CUST_2082,2023-11-01,186.73
TXN_20799,CUST_2082,2023-04-13,131.76
TXN_20800,CUST_2082,2023-03-16,94.73
TXN_20801,CUST_2083,2023-07-25,92.61
TXN_20802,CUST_2083,2023-09-04,227.12
TXN_20803,CUST_2083,2023-08-14,65.1
TXN_20804,CUST_2084,2023-09-09,224.27
TXN_20805,CUST_2084,2023-12-31,133.93
TXN_20806,CUST_2084,2023-10-03,148.21
TXN_20807,CUST_2085,2023-05-29,113.94
TXN_20808,CUST_2085,2023-07-26,73.67
TXN_20809,CUST_2085,2023-06-26,182.55
TXN_20810,CUST_2085,2023-10-20,92.99
TXN_20811,CUST_2085,2023-09-27,237.14
TXN_20812,CUST_2085,2023-07-04,196.29
TXN_20813,CUST_2085,2023-05-16,238.75
TXN_20814,CUST_2085,2023-07-10,87.89
TXN_20815,CUST_2085,2023-05-16,160.17
TXN_20816,CUST_2085,2023-04-23,192.17
TXN_20817,CUST_2085,2023-04-22,154.07
TXN_20818,CUST_2085,2023-07-17,217.04
TXN_20819,CUST_2085,2023-07-29,202.72
TXN_20820,CUST_2086,2023-10-07,81.47
TXN_20821,CUST_2086,2023-06-27,40.83
TXN_20822,CUST_2086,2023-09-19,76.59
TXN_20823,CUST_2086,2023-08-30,179.31
TXN_20824,CUST_2086,2023-07-21,126.61
TXN_20825,CUST_2086,2023-07-27,237.63
TXN_20826,CUST_2087,2023-10-02,100.91
TXN_20827,CUST_2088,2023-11-19,222.21
TXN_20828,CUST_2088,2023-04-16,121.96
TXN_20829,CUST_2088,2023-07-25,230.39
TXN_20830,CUST_2088,2023-04-23,119.44
TXN_20831,CUST_2088,2023-10-23,99.24
TXN_20832,CUST_2088,2023-05-16,227.56
TXN_20833,CUST_2088,2023-08-18,72.21
TXN_20834,CUST_2089,2023-09-19,229.49
TXN_20835,CUST_2090,2023-05-20,17.39
TXN_20836,CUST_2090,2023-07-10,106.5
TXN_20837,CUST_2090,2023-06-22,157.57
TXN_20838,CUST_2090,2023-05-19,236.93
TXN_20839,CUST_2090,2023-03-20,182.35
TXN_20840,CUST_2090,2023-05-07,182.74
TXN_20841,CUST_2090,2023-07-03,17.41
TXN_20842,CUST_2090,2023-04-19,59.44
TXN_20843,CUST_2090,2023-04-04,186.19
TXN_20844,CUST_2090,2023-04-13,126.56
TXN_20845,CUST_2090,2023-04-14,151.35
TXN_20846,CUST_2090,2023-07-18,92.8
TXN_20847,CUST_2090,2023-06-14,208.84
TXN_20848,CUST_2091,2023-09-01,90.94
TXN_20849,CUST_2092,2023-11-30,68.17
TXN_20850,CUST_2093,2023-06-11,155.55
TXN_20851,CUST_2093,2023-05-13,58.02
TXN_20852,CUST_2093,2023-09-02,227.82
TXN_20853,CUST_2093,2023-06-10,86.68
TXN_20854,CUST_2094,2023-06-16,31.32
TXN_20855,CUST_2094,2023-05-16,35.56
TXN_20856,CUST_2094,2023-12-31,68.82
TXN_20857,CUST_2094,2023-07-09,81.82
TXN_20858,CUST_2094,2023-07-13,64.44
TXN_20859,CUST_2094,2023-08-24,41.04
TXN_20860,CUST_2094,2023-10-26,212.5
TXN_20861,CUST_2095,2023-05-19,41.67
TXN_20862,CUST_2095,2023-11-10,119.85
TXN_20863,CUST_2095,2023-08-10,47.64
TXN_20864,CUST_2095,2023-05-13,224.26
TXN_20865,CUST_2095,2023-07-17,19.7
TXN_20866,CUST_2095,2023-12-31,130.67
TXN_20867,CUST_2095,2023-07-01,160.91
TXN_20868,CUST_2095,2023-05-12,148.75
TXN_20869,CUST_2095,2023-07-28,84.78
TXN_20870,CUST_2096,2023-09-23,91.71
TXN_20871,CUST_2096,2023-07-21,237.68
TXN_20872,CUST_2096,2023-06-23,108.33
TXN_20873,CUST_2096,2023-05-09,234.5
TXN_20874,CUST_2096,2023-07-21,171.34
TXN_20875,CUST_2096,2023-05-30,213.59
TXN_20876,CUST_2096,2023-07-30,81.55
TXN_20877,CUST_2096,2023-07-01,116.1
TXN_20878,CUST_2096,2023-04-12,204.79
TXN_20879,CUST_2096,2023-04-23,134.84
TXN_20880,CUST_2096,2023-05-17,95.39
TXN_20881,CUST_2096,2023-06-07,249.3
TXN_20882,CUST_2097,2023-12-31,151.16
TXN_20883,CUST_2097,2023-03-05,90.66
TXN_20884,CUST_2097,2023-03-14,158.98
TXN_20885,CUST_2097,2023-04-06,168.6
TXN_20886,CUST_2097,2023-01-23,39.88
TXN_20887,CUST_2097,2023-12-31,248.92
TXN_20888,CUST_2097,2023-06-26,75.25
TXN_20889,CUST_2097,2023-12-31,65.22
TXN_20890,CUST_2097,2023-06-19,42.09
TXN_20891,CUST_2097,2023-05-19,193.49
TXN_20892,CUST_2097,2023-09-02,187.56
TXN_20893,CUST_2097,2023-11-11,137.42
TXN_20894,CUST_2097,2023-05-29,101.84
TXN_20895,CUST_2097,2023-01-20,192.82
TXN_20896,CUST_2098,2023-04-07,159.93
TXN_20897,CUST_2098,2023-12-31,212.71
TXN_20898,CUST_2098,2023-03-29,90.18
TXN_20899,CUST_2098,2023-04-06,238.07
TXN_20900,CUST_2098,2023-12-31,70.22
TXN_20901,CUST_2098,2023-07-05,212.78
TXN_20902,CUST_2098,2023-04-17,59.1
TXN_20903,CUST_2098,2023-03-24,111.81
TXN_20904,CUST_2098,2023-10-25,227.2
TXN_20905,CUST_2098,2023-04-04,63.02
TXN_20906,CUST_2098,2023-05-11,198.45
TXN_20907,CUST_2098,2023-06-20,135.75
TXN_20908,CUST_2098,2023-06-15,37.61
TXN_20909,CUST_2099,2023-11-15,224.74
TXN_20910,CUST_2099,2023-10-18,58.36
TXN_20911,CUST_2099,2023-10-06,75.04
TXN_20912,CUST_2099,2023-10-19,237.33
TXN_20913,CUST_2099,2023-10-25,145.76
TXN_20914,CUST_2099,2023-12-05,222.99
TXN_20915,CUST_2099,2023-10-27,41.72
TXN_20916,CUST_2099,2023-10-15,122.37
TXN_20917,CUST_2099,2023-11-14,182.25
TXN_20918,CUST_2099,2023-11-04,221.86
TXN_20919,CUST_2100,2023-12-11,65.23
TXN_20920,CUST_2100,2023-12-11,48.08
TXN_20921,CUST_2100,2023-12-09,155.51
TXN_20922,CUST_2100,2023-12-05,108.71
TXN_20923,CUST_2100,2023-12-08,71.48
TXN_20924,CUST_2100,2023-12-13,153.31
TXN_20925,CUST_2100,2023-12-13,52.34
TXN_20926,CUST_2100,2023-12-07,64.27
TXN_20927,CUST_2100,2023-12-11,123.35
TXN_20928,CUST_2100,2023-12-08,199.71
TXN_20929,CUST_2100,2023-12-05,244.1
TXN_20930,CUST_2100,2023-12-06,196.67
TXN_20931,CUST_2100,2023-12-08,218.34
TXN_20932,CUST_2100,2023-12-05,103.06
TXN_20933,CUST_2101,2023-12-31,248.39
TXN_20934,CUST_2102,2023-11-28,208.98
TXN_20935,CUST_2102,2023-12-17,75.57
TXN_20936,CUST_2102,2023-12-31,112.9
TXN_20937,CUST_2102,2023-11-28,154.05
TXN_20938,CUST_2102,2023-12-31,226.33
TXN_20939,CUST_2102,2023-11-30,150.59
TXN_20940,CUST_2102,2023-11-28,123.53
TXN_20941,CUST_2102,2023-12-05,89.09
TXN_20942,CUST_2102,2023-12-04,231.19
TXN_20943,CUST_2102,2023-12-04,210.28
TXN_20944,CUST_2102,2023-12-01,243.28
TXN_20945,CUST_2102,2023-11-28,152.61
TXN_20946,CUST_2102,2023-12-14,206.3
TXN_20947,CUST_2103,2023-06-18,161.69
TXN_20948,CUST_2104,2023-12-17,104.01
TXN_20949,CUST_2105,2023-11-08,24.22
TXN_20950,CUST_2106,2023-05-31,36.52
TXN_20951,CUST_2106,2023-12-31,171.41
TXN_20952,CUST_2106,2023-04-08,208.37
TXN_20953,CUST_2106,2023-05-04,155.25
TXN_20954,CUST_2106,2023-04-28,187.35
TXN_20955,CUST_2106,2023-07-26,144.73
TXN_20956,CUST_2106,2023-04-24,74.62
TXN_20957,CUST_2106,2023-05-13,49.08
TXN_20958,CUST_2106,2023-05-06,175.82
TXN_20959,CUST_2106,2023-09-09,93.16
TXN_20960,CUST_2106,2023-04-23,210.67
TXN_20961,CUST_2107,2023-08-18,109.81
TXN_20962,CUST_2107,2023-10-22,164.69
TXN_20963,CUST_2107,2023-08-19,67.97
TXN_20964,CUST_2107,2023-12-31,35.63
TXN_20965,CUST_2107,2023-08-01,173.14
TXN_20966,CUST_2107,2023-09-18,188.34
TXN_20967,CUST_2107,2023-10-06,217.87
TXN_20968,CUST_2107,2023-12-08,197.13
TXN_20969,CUST_2107,2023-08-14,123.92
TXN_20970,CUST_2107,2023-09-22,141.75
TXN_20971,CUST_2107,2023-08-09,153.48
TXN_20972,CUST_2107,2023-11-19,113.35
TXN_20973,CUST_2107,2023-09-26,159.74
TXN_20974,CUST_2107,2023-08-24,147.84
TXN_20975,CUST_2108,2023-07-20,202.72
TXN_20976,CUST_2109,2023-04-26,20.02
TXN_20977,CUST_2109,2023-06-08,114.44
TXN_20978,CUST_2109,2023-11-13,165.82
TXN_20979,CUST_2109,2023-04-25,76.94
TXN_20980,CUST_2109,2023-10-27,18.82
TXN_20981,CUST_2110,2023-12-18,168.7
TXN_20982,CUST_2111,2023-08-16,196.64
TXN_20983,CUST_2111,2023-08-02,242.66
TXN_20984,CUST_2111,2023-08-26,81.29
TXN_20985,CUST_2111,2023-08-05,19.3
TXN_20986,CUST_2111,2023-09-21,197.35
TXN_20987,CUST_2111,2023-07-19,152.69
TXN_20988,CUST_2111,2023-10-10,103.42
TXN_20989,CUST_2111,2023-08-18,99.98
TXN_20990,CUST_2112,2023-07-11,54.03
TXN_20991,CUST_2113,2023-11-12,53.71
TXN_20992,CUST_2113,2023-12-06,46.03
TXN_20993,CUST_2113,2023-11-17,121.89
TXN_20994,CUST_2113,2023-12-28,58.12
TXN_20995,CUST_2113,2023-12-23,183.85
TXN_20996,CUST_2113,2023-11-30,185.03
TXN_20997,CUST_2113,2023-11-12,38.24
TXN_20998,CUST_2113,2023-11-18,32.38
TXN_20999,CUST_2113,2023-12-31,151.4
TXN_21000,CUST_2114,2023-04-11,35.44
TXN_21001,CUST_2114,2023-06-15,248.34
TXN_21002,CUST_2114,2023-04-17,38.41
TXN_21003,CUST_2114,2023-05-25,147.38
TXN_21004,CUST_2114,2023-05-04,86.09
TXN_21005,CUST_2114,2023-05-23,88.82
TXN_21006,CUST_2114,2023-11-12,24.86
TXN_21007,CUST_2115,2023-12-04,210.98
TXN_21008,CUST_2116,2023-12-31,177.94
TXN_21009,CUST_2117,2023-11-02,84.83
TXN_21010,CUST_2118,2023-05-12,151.32
TXN_21011,CUST_2119,2023-10-16,94.91
TXN_21012,CUST_2119,2023-11-15,61.27
TXN_21013,CUST_2119,2023-09-26,25.74
TXN_21014,CUST_2119,2023-09-25,129.89
TXN_21015,CUST_2119,2023-10-03,177.24
TXN_21016,CUST_2119,2023-10-28,142.37
TXN_21017,CUST_2120,2023-12-27,181.78
TXN_21018,CUST_2121,2023-06-18,51.72
TXN_21019,CUST_2122,2023-12-31,67.6
TXN_21020,CUST_2123,2023-12-30,105.17
TXN_21021,CUST_2123,2023-11-20,231.55
TXN_21022,CUST_2123,2023-10-14,186.34
TXN_21023,CUST_2123,2023-10-07,52.34
TXN_21024,CUST_2123,2023-10-21,61.17
TXN_21025,CUST_2123,2023-10-12,220.13
TXN_21026,CUST_2123,2023-09-24,22.15
TXN_21027,CUST_2123,2023-10-23,92.8
TXN_21028,CUST_2123,2023-10-10,110.34
TXN_21029,CUST_2123,2023-09-25,15.84
TXN_21030,CUST_2123,2023-12-07,66.18
TXN_21031,CUST_2123,2023-10-10,243.4
TXN_21032,CUST_2123,2023-11-19,40.36
TXN_21033,CUST_2123,2023-10-15,186.57
TXN_21034,CUST_2124,2023-07-14,118.89
TXN_21035,CUST_2124,2023-09-13,69.68
TXN_21036,CUST_2124,2023-04-18,48.59
TXN_21037,CUST_2124,2023-08-07,45.69
TXN_21038,CUST_2124,2023-01-06,79.26
TXN_21039,CUST_2124,2023-10-08,45.42
TXN_21040,CUST_2124,2023-02-20,89.36
TXN_21041,CUST_2124,2023-07-17,114.06
TXN_21042,CUST_2124,2023-04-27,110.03
TXN_21043,CUST_2124,2023-04-09,29.67
TXN_21044,CUST_2124,2023-02-28,215.95
TXN_21045,CUST_2124,2023-05-24,245.73
TXN_21046,CUST_2124,2023-07-09,121.1
TXN_21047,CUST_2125,2023-07-08,41.64
TXN_21048,CUST_2125,2023-11-14,68.06
TXN_21049,CUST_2125,2023-04-06,62.63
TXN_21050,CUST_2125,2023-04-12,36.31
TXN_21051,CUST_2125,2023-08-22,131.45
TXN_21052,CUST_2125,2023-05-10,238.4
TXN_21053,CUST_2125,2023-05-08,54.24
TXN_21054,CUST_2125,2023-04-24,71.16
TXN_21055,CUST_2125,2023-05-29,83.5
TXN_21056,CUST_2125,2023-06-01,172.28
TXN_21057,CUST_2125,2023-08-13,181.89
TXN_21058,CUST_2125,2023-04-16,42.24
TXN_21059,CUST_2125,2023-06-06,61.74
TXN_21060,CUST_2126,2023-10-29,91.8
TXN_21061,CUST_2127,2023-12-31,193.25
TXN_21062,CUST_2127,2023-11-24,134.59
TXN_21063,CUST_2127,2023-12-04,178.4
TXN_21064,CUST_2127,2023-12-02,128.61
TXN_21065,CUST_2127,2023-11-29,78.79
TXN_21066,CUST_2127,2023-12-30,89.64
TXN_21067,CUST_2127,2023-11-24,54.31
TXN_21068,CUST_2128,2023-11-01,237.78
TXN_21069,CUST_2128,2023-11-17,127.26
TXN_21070,CUST_2128,2023-12-09,235.13
TXN_21071,CUST_2128,2023-11-05,205.38
TXN_21072,CUST_2128,2023-12-06,27.78
TXN_21073,CUST_2129,2023-04-29,22.72
TXN_21074,CUST_2129,2023-08-10,60.38
TXN_21075,CUST_2129,2023-07-23,143.45
TXN_21076,CUST_2129,2023-12-31,211.32
TXN_21077,CUST_2129,2023-06-10,159.86
TXN_21078,CUST_2130,2023-09-01,187.46
TXN_21079,CUST_2131,2023-06-16,203.74
TXN_21080,CUST_2131,2023-06-25,207.81
TXN_21081,CUST_2131,2023-08-08,102.59
TXN_21082,CUST_2131,2023-06-05,69.62
TXN_21083,CUST_2131,2023-11-04,207.22
TXN_21084,CUST_2131,2023-08-02,124.59
TXN_21085,CUST_2131,2023-08-15,124.57
TXN_21086,CUST_2131,2023-08-14,87.24
TXN_21087,CUST_2131,2023-10-09,179.95
TXN_21088,CUST_2131,2023-07-01,210.21
TXN_21089,CUST_2131,2023-07-19,56.04
TXN_21090,CUST_2131,2023-06-08,179.41
TXN_21091,CUST_2131,2023-10-21,204.75
TXN_21092,CUST_2132,2023-09-10,64.22
TXN_21093,CUST_2132,2023-06-08,97.67
TXN_21094,CUST_2132,2023-06-12,147.94
TXN_21095,CUST_2132,2023-07-10,123.67
TXN_21096,CUST_2133,2023-07-23,79.89
TXN_21097,CUST_2133,2023-10-06,70.52
TXN_21098,CUST_2133,2023-01-21,52.59
TXN_21099,CUST_2133,2023-08-13,113.07
TXN_21100,CUST_2133,2023-07-18,139.84
TXN_21101,CUST_2133,2023-03-30,204.62
TXN_21102,CUST_2133,2023-03-17,203.48
TXN_21103,CUST_2133,2023-01-24,164.53
TXN_21104,CUST_2133,2023-06-03,226.29
TXN_21105,CUST_2133,2023-02-10,156.99
TXN_21106,CUST_2133,2023-03-19,104.95
TXN_21107,CUST_2133,2023-01-25,46.54
TXN_21108,CUST_2133,2023-08-13,191.19
TXN_21109,CUST_2134,2023-09-26,33.98
TXN_21110,CUST_2135,2023-11-07,59.53
TXN_21111,CUST_2135,2023-11-01,152.71
TXN_21112,CUST_2135,2023-11-06,163.17
TXN_21113,CUST_2135,2023-11-01,103.28
TXN_21114,CUST_2135,2023-11-06,102.03
TXN_21115,CUST_2135,2023-11-01,185.18
TXN_21116,CUST_2135,2023-11-02,18.38
TXN_21117,CUST_2135,2023-12-29,60.33
TXN_21118,CUST_2135,2023-12-05,241.65
TXN_21119,CUST_2135,2023-11-15,138.64
TXN_21120,CUST_2135,2023-11-09,115.01
TXN_21121,CUST_2135,2023-11-13,50.74
TXN_21122,CUST_2135,2023-11-09,206.79
TXN_21123,CUST_2135,2023-11-04,186.52
TXN_21124,CUST_2136,2023-10-25,194.38
TXN_21125,CUST_2136,2023-10-28,246.66
TXN_21126,CUST_2136,2023-11-05,136.39
TXN_21127,CUST_2136,2023-10-20,239.78
TXN_21128,CUST_2136,2023-10-24,141.51
TXN_21129,CUST_2136,2023-11-01,112.66
TXN_21130,CUST_2136,2023-11-13,170.59
TXN_21131,CUST_2136,2023-10-24,132.4
TXN_21132,CUST_2136,2023-11-26,119.17
TXN_21133,CUST_2136,2023-10-24,88.61
TXN_21134,CUST_2136,2023-10-25,44.57
TXN_21135,CUST_2136,2023-10-31,142.12
TXN_21136,CUST_2136,2023-10-21,156.9
TXN_21137,CUST_2136,2023-12-31,241.57
TXN_21138,CUST_2137,2023-10-27,177.01
TXN_21139,CUST_2137,2023-11-13,235.86
TXN_21140,CUST_2137,2023-12-17,151.2
TXN_21141,CUST_2138,2023-09-13,185.41
TXN_21142,CUST_2139,2023-10-05,186.29
TXN_21143,CUST_2139,2023-10-11,171.71
TXN_21144,CUST_2139,2023-10-02,180.81
TXN_21145,CUST_2139,2023-12-31,25.25
TXN_21146,CUST_2139,2023-10-01,44.05
TXN_21147,CUST_2139,2023-10-15,83.33
TXN_21148,CUST_2139,2023-11-18,126.34
TXN_21149,CUST_2139,2023-10-18,183.5
TXN_21150,CUST_2139,2023-10-12,98.0
TXN_21151,CUST_2139,2023-11-11,198.31
TXN_21152,CUST_2140,2023-02-28,65.08
TXN_21153,CUST_2141,2023-12-11,172.1
TXN_21154,CUST_2142,2023-11-27,166.17
TXN_21155,CUST_2142,2023-12-02,76.42
TXN_21156,CUST_2142,2023-11-24,110.11
TXN_21157,CUST_2142,2023-12-31,117.39
TXN_21158,CUST_2142,2023-12-09,28.39
TXN_21159,CUST_2142,2023-11-28,151.38
TXN_21160,CUST_2142,2023-12-10,139.17
TXN_21161,CUST_2143,2023-11-03,162.78
TXN_21162,CUST_2143,2023-11-03,131.11
TXN_21163,CUST_2143,2023-11-11,121.59
TXN_21164,CUST_2143,2023-12-01,65.9
TXN_21165,CUST_2143,2023-12-17,200.97
TXN_21166,CUST_2143,2023-11-06,57.44
TXN_21167,CUST_2143,2023-11-04,93.17
TXN_21168,CUST_2143,2023-11-15,25.9
TXN_21169,CUST_2143,2023-12-19,38.19
TXN_21170,CUST_2143,2023-11-04,40.68
TXN_21171,CUST_2143,2023-11-04,211.85
TXN_21172,CUST_2143,2023-11-18,68.42
TXN_21173,CUST_2143,2023-12-11,203.17
TXN_21174,CUST_2143,2023-11-27,214.19
TXN_21175,CUST_2144,2023-12-30,163.6
TXN_21176,CUST_2144,2023-12-30,73.77
TXN_21177,CUST_2144,2023-12-30,60.1
TXN_21178,CUST_2144,2023-12-30,116.17
TXN_21179,CUST_2145,2023-12-21,91.24
TXN_21180,CUST_2146,2023-10-09,45.33
TXN_21181,CUST_2147,2023-12-05,154.03
TXN_21182,CUST_2148,2023-11-18,52.54
TXN_21183,CUST_2149,2023-07-04,66.03
TXN_21184,CUST_2150,2023-12-31,33.77
TXN_21185,CUST_2150,2023-06-22,108.12
TXN_21186,CUST_2150,2023-09-20,226.57
TXN_21187,CUST_2150,2023-11-10,103.16
TXN_21188,CUST_2150,2023-06-02,120.55
TXN_21189,CUST_2150,2023-06-06,183.93
TXN_21190,CUST_2150,2023-05-23,169.79
TXN_21191,CUST_2151,2023-10-20,170.82
TXN_21192,CUST_2151,2023-10-31,232.13
TXN_21193,CUST_2151,2023-10-11,66.85
TXN_21194,CUST_2151,2023-11-17,101.66
TXN_21195,CUST_2151,2023-10-13,133.28
TXN_21196,CUST_2151,2023-11-06,25.53
TXN_21197,CUST_2151,2023-10-17,205.21
TXN_21198,CUST_2151,2023-10-28,23.31
TXN_21199,CUST_2152,2023-11-12,61.85
TXN_21200,CUST_2153,2023-09-07,155.43
TXN_21201,CUST_2153,2023-08-10,33.59
TXN_21202,CUST_2153,2023-12-30,140.86
TXN_21203,CUST_2153,2023-09-06,159.53
TXN_21204,CUST_2153,2023-11-18,29.16
TXN_21205,CUST_2153,2023-11-19,71.32
TXN_21206,CUST_2153,2023-07-26,169.46
TXN_21207,CUST_2154,2023-03-01,78.03
TXN_21208,CUST_2154,2023-04-01,143.71
TXN_21209,CUST_2154,2023-07-25,107.99
TXN_21210,CUST_2154,2023-12-20,209.43
TXN_21211,CUST_2154,2023-12-31,220.91
TXN_21212,CUST_2154,2023-05-31,155.64
TXN_21213,CUST_2155,2023-11-07,156.05
TXN_21214,CUST_2156,2023-11-28,138.11
TXN_21215,CUST_2156,2023-11-26,183.58
TXN_21216,CUST_2156,2023-12-18,212.6
TXN_21217,CUST_2156,2023-12-11,18.24
TXN_21218,CUST_2156,2023-12-23,79.6
TXN_21219,CUST_2156,2023-12-19,61.29
TXN_21220,CUST_2156,2023-11-27,191.11
TXN_21221,CUST_2156,2023-12-03,112.74
TXN_21222,CUST_2156,2023-12-05,144.0
TXN_21223,CUST_2156,2023-11-24,166.89
TXN_21224,CUST_2156,2023-11-23,178.09
TXN_21225,CUST_2156,2023-11-20,143.96
TXN_21226,CUST_2156,2023-11-27,86.23
TXN_21227,CUST_2157,2023-10-09,57.7
TXN_21228,CUST_2157,2023-10-07,236.6
TXN_21229,CUST_2158,2023-05-23,99.39
TXN_21230,CUST_2158,2023-10-08,105.25
TXN_21231,CUST_2158,2023-07-06,78.88
TXN_21232,CUST_2158,2023-06-13,29.54
TXN_21233,CUST_2158,2023-07-31,120.3
TXN_21234,CUST_2158,2023-07-29,143.52
TXN_21235,CUST_2158,2023-09-17,191.49
TXN_21236,CUST_2158,2023-09-08,132.32
TXN_21237,CUST_2159,2023-12-22,27.75
TXN_21238,CUST_2160,2023-10-30,159.28
TXN_21239,CUST_2161,2023-12-13,146.3
TXN_21240,CUST_2162,2023-11-26,44.54
TXN_21241,CUST_2162,2023-06-28,168.38
TXN_21242,CUST_2162,2023-04-05,58.56
TXN_21243,CUST_2162,2023-03-13,152.55
TXN_21244,CUST_2162,2023-05-14,220.84
TXN_21245,CUST_2162,2023-06-07,207.53
TXN_21246,CUST_2162,2023-02-24,172.68
TXN_21247,CUST_2162,2023-03-20,74.42
TXN_21248,CUST_2162,2023-07-04,201.46
TXN_21249,CUST_2163,2023-07-21,119.28
TXN_21250,CUST_2164,2023-09-02,180.43
TXN_21251,CUST_2164,2023-08-28,230.2
TXN_21252,CUST_2164,2023-07-05,146.87
TXN_21253,CUST_2164,2023-08-11,245.18
TXN_21254,CUST_2164,2023-07-01,239.74
TXN_21255,CUST_2164,2023-06-17,194.54
TXN_21256,CUST_2164,2023-08-14,206.97
TXN_21257,CUST_2164,2023-06-08,33.36
TXN_21258,CUST_2164,2023-06-11,154.35
TXN_21259,CUST_2164,2023-08-09,227.93
TXN_21260,CUST_2164,2023-07-19,30.99
TXN_21261,CUST_2164,2023-06-22,16.9
TXN_21262,CUST_2164,2023-09-17,206.67
TXN_21263,CUST_2164,2023-12-31,111.87
TXN_21264,CUST_2165,2023-09-07,153.13
TXN_21265,CUST_2166,2023-10-14,144.74
TXN_21266,CUST_2166,2023-08-09,22.18
TXN_21267,CUST_2166,2023-10-19,105.48
TXN_21268,CUST_2166,2023-12-31,43.31
TXN_21269,CUST_2166,2023-12-23,164.06
TXN_21270,CUST_2166,2023-06-08,243.35
TXN_21271,CUST_2167,2023-11-19,224.04
TXN_21272,CUST_2168,2023-06-17,146.89
TXN_21273,CUST_2169,2023-05-29,120.56
TXN_21274,CUST_2169,2023-08-06,59.79
TXN_21275,CUST_2169,2023-07-26,140.41
TXN_21276,CUST_2169,2023-06-10,48.18
TXN_21277,CUST_2169,2023-09-05,90.81
TXN_21278,CUST_2169,2023-06-13,188.4
TXN_21279,CUST_2169,2023-08-30,79.95
TXN_21280,CUST_2169,2023-10-22,176.74
TXN_21281,CUST_2169,2023-06-24,115.46
TXN_21282,CUST_2169,2023-08-27,64.72
TXN_21283,CUST_2169,2023-07-09,168.59
TXN_21284,CUST_2170,2023-06-09,175.97
TXN_21285,CUST_2170,2023-10-03,112.69
TXN_21286,CUST_2170,2023-06-20,244.15
TXN_21287,CUST_2170,2023-04-19,120.33
TXN_21288,CUST_2170,2023-07-12,16.98
TXN_21289,CUST_2170,2023-07-03,28.21
TXN_21290,CUST_2170,2023-10-01,204.67
TXN_21291,CUST_2170,2023-04-18,26.47
TXN_21292,CUST_2171,2023-10-28,202.65
TXN_21293,CUST_2171,2023-06-20,147.87
TXN_21294,CUST_2171,2023-06-09,87.98
TXN_21295,CUST_2172,2023-07-23,158.16
TXN_21296,CUST_2172,2023-07-11,91.31
TXN_21297,CUST_2172,2023-06-06,98.32
TXN_21298,CUST_2172,2023-08-13,187.44
TXN_21299,CUST_2172,2023-07-11,166.57
TXN_21300,CUST_2172,2023-06-12,217.12
TXN_21301,CUST_2173,2023-04-08,157.57
TXN_21302,CUST_2173,2023-03-20,229.12
TXN_21303,CUST_2173,2023-06-13,173.04
TXN_21304,CUST_2173,2023-03-31,34.94
TXN_21305,CUST_2173,2023-01-15,85.27
TXN_21306,CUST_2173,2023-01-30,238.84
TXN_21307,CUST_2173,2023-03-06,221.0
TXN_21308,CUST_2173,2023-07-27,205.95
TXN_21309,CUST_2173,2023-01-31,120.12
TXN_21310,CUST_2173,2023-02-17,243.05
TXN_21311,CUST_2174,2023-12-29,134.77
TXN_21312,CUST_2174,2023-04-06,129.68
TXN_21313,CUST_2174,2023-08-11,209.33
TXN_21314,CUST_2174,2023-09-25,148.85
TXN_21315,CUST_2174,2023-09-27,134.86
TXN_21316,CUST_2174,2023-06-15,193.3
TXN_21317,CUST_2174,2023-05-10,32.29
TXN_21318,CUST_2174,2023-04-28,161.63
TXN_21319,CUST_2175,2023-05-24,83.87
TXN_21320,CUST_2176,2023-08-02,75.8
TXN_21321,CUST_2177,2023-12-19,213.09
TXN_21322,CUST_2178,2023-12-17,237.13
TXN_21323,CUST_2179,2023-12-23,79.44
TXN_21324,CUST_2180,2023-12-18,35.03
TXN_21325,CUST_2181,2023-06-25,124.98
TXN_21326,CUST_2181,2023-04-28,211.36
TXN_21327,CUST_2181,2023-06-03,76.21
TXN_21328,CUST_2181,2023-08-28,229.57
TXN_21329,CUST_2181,2023-05-19,197.35
TXN_21330,CUST_2181,2023-07-17,247.59
TXN_21331,CUST_2181,2023-05-07,240.76
TXN_21332,CUST_2181,2023-05-20,111.81
TXN_21333,CUST_2182,2023-04-14,177.91
TXN_21334,CUST_2183,2023-02-23,89.58
TXN_21335,CUST_2183,2023-04-01,104.45
TXN_21336,CUST_2183,2023-03-28,26.45
TXN_21337,CUST_2183,2023-04-16,211.51
TXN_21338,CUST_2183,2023-03-01,49.23
TXN_21339,CUST_2183,2023-04-18,102.09
TXN_21340,CUST_2183,2023-05-08,237.56
TXN_21341,CUST_2183,2023-07-13,176.46
TXN_21342,CUST_2183,2023-04-07,82.53
TXN_21343,CUST_2183,2023-05-03,223.08
TXN_21344,CUST_2183,2023-09-23,119.7
TXN_21345,CUST_2183,2023-03-10,67.96
TXN_21346,CUST_2184,2023-10-12,77.24
TXN_21347,CUST_2185,2023-08-21,43.21
TXN_21348,CUST_2186,2023-11-08,43.17
TXN_21349,CUST_2186,2023-11-19,172.09
TXN_21350,CUST_2186,2023-11-26,48.94
TXN_21351,CUST_2187,2023-11-10,79.95
TXN_21352,CUST_2187,2023-09-16,45.18
TXN_21353,CUST_2187,2023-09-02,234.05
TXN_21354,CUST_2187,2023-09-06,93.32
TXN_21355,CUST_2187,2023-09-29,96.75
TXN_21356,CUST_2187,2023-11-21,226.67
TXN_21357,CUST_2187,2023-09-14,36.63
TXN_21358,CUST_2187,2023-09-07,126.48
TXN_21359,CUST_2188,2023-11-07,193.3
TXN_21360,CUST_2189,2023-12-31,112.96
TXN_21361,CUST_2189,2023-02-10,86.9
TXN_21362,CUST_2189,2023-06-08,46.76
TXN_21363,CUST_2189,2023-03-16,28.2
TXN_21364,CUST_2189,2023-04-16,64.1
TXN_21365,CUST_2189,2023-02-15,111.64
TXN_21366,CUST_2189,2023-03-24,141.32
TXN_21367,CUST_2189,2023-07-06,41.45
TXN_21368,CUST_2189,2023-07-26,21.18
TXN_21369,CUST_2189,2023-04-10,153.05
TXN_21370,CUST_2189,2023-12-31,149.87
TXN_21371,CUST_2190,2023-06-01,108.01
TXN_21372,CUST_2191,2023-10-13,188.9
TXN_21373,CUST_2191,2023-09-30,208.75
TXN_21374,CUST_2191,2023-12-04,97.38
TXN_21375,CUST_2192,2023-11-12,25.73
TXN_21376,CUST_2192,2023-11-24,102.76
TXN_21377,CUST_2192,2023-12-19,23.2
TXN_21378,CUST_2192,2023-11-06,238.09
TXN_21379,CUST_2192,2023-12-31,21.52
TXN_21380,CUST_2192,2023-11-29,67.05
TXN_21381,CUST_2192,2023-11-28,219.15
TXN_21382,CUST_2193,2023-07-08,20.66
TXN_21383,CUST_2194,2023-06-23,203.16
TXN_21384,CUST_2195,2023-12-28,200.14
TXN_21385,CUST_2196,2023-04-09,127.96
TXN_21386,CUST_2196,2023-04-19,139.85
TXN_21387,CUST_2196,2023-05-23,181.93
TXN_21388,CUST_2196,2023-05-05,175.92
TXN_21389,CUST_2196,2023-03-31,235.12
TXN_21390,CUST_2196,2023-02-23,143.2
TXN_21391,CUST_2196,2023-02-25,119.05
TXN_21392,CUST_2196,2023-03-19,235.17
TXN_21393,CUST_2196,2023-02-17,106.93
TXN_21394,CUST_2196,2023-07-27,59.29
TXN_21395,CUST_2196,2023-08-14,217.04
TXN_21396,CUST_2196,2023-06-26,64.13
TXN_21397,CUST_2197,2023-06-03,58.25
TXN_21398,CUST_2198,2023-10-05,139.2
TXN_21399,CUST_2199,2023-10-14,143.0
TXN_21400,CUST_2200,2023-11-10,64.57
TXN_21401,CUST_2201,2023-08-20,134.35
TXN_21402,CUST_2201,2023-09-27,147.69
TXN_21403,CUST_2201,2023-08-29,165.92
TXN_21404,CUST_2201,2023-08-09,101.93
TXN_21405,CUST_2201,2023-09-13,19.84
TXN_21406,CUST_2201,2023-09-11,168.75
TXN_21407,CUST_2202,2023-05-15,236.97
TXN_21408,CUST_2202,2023-05-27,172.01
TXN_21409,CUST_2202,2023-12-31,51.07
TXN_21410,CUST_2202,2023-01-29,190.2
TXN_21411,CUST_2203,2023-03-08,82.25
TXN_21412,CUST_2203,2023-06-03,99.41
TXN_21413,CUST_2203,2023-02-03,101.81
TXN_21414,CUST_2203,2023-08-25,188.49
TXN_21415,CUST_2203,2023-02-26,228.1
TXN_21416,CUST_2204,2023-09-29,44.96
TXN_21417,CUST_2205,2023-01-20,170.42
TXN_21418,CUST_2206,2023-05-26,208.16
TXN_21419,CUST_2206,2023-08-20,132.79
TXN_21420,CUST_2206,2023-07-30,58.61
TXN_21421,CUST_2206,2023-07-29,16.87
TXN_21422,CUST_2206,2023-09-23,136.33
TXN_21423,CUST_2206,2023-12-21,127.37
TXN_21424,CUST_2206,2023-06-16,120.76
TXN_21425,CUST_2206,2023-06-06,54.17
TXN_21426,CUST_2206,2023-09-28,106.44
TXN_21427,CUST_2206,2023-07-01,19.67
TXN_21428,CUST_2206,2023-05-06,155.34
TXN_21429,CUST_2207,2023-05-19,42.29
TXN_21430,CUST_2207,2023-11-05,179.88
TXN_21431,CUST_2207,2023-12-31,34.35
TXN_21432,CUST_2207,2023-11-07,213.72
TXN_21433,CUST_2207,2023-10-30,16.35
TXN_21434,CUST_2207,2023-08-21,144.0
TXN_21435,CUST_2207,2023-07-12,125.26
TXN_21436,CUST_2207,2023-08-21,249.96
TXN_21437,CUST_2207,2023-08-12,174.34
TXN_21438,CUST_2207,2023-07-29,178.37
TXN_21439,CUST_2207,2023-06-07,90.25
TXN_21440,CUST_2207,2023-09-04,27.48
TXN_21441,CUST_2208,2023-08-04,30.3
TXN_21442,CUST_2208,2023-08-04,240.42
TXN_21443,CUST_2208,2023-12-31,139.94
TXN_21444,CUST_2208,2023-08-05,82.09
TXN_21445,CUST_2208,2023-12-31,79.44
TXN_21446,CUST_2208,2023-07-28,15.69
TXN_21447,CUST_2208,2023-07-16,31.79
TXN_21448,CUST_2208,2023-09-15,146.84
TXN_21449,CUST_2208,2023-08-13,82.33
TXN_21450,CUST_2208,2023-10-06,15.77
TXN_21451,CUST_2208,2023-07-15,169.98
TXN_21452,CUST_2208,2023-11-21,70.13
TXN_21453,CUST_2208,2023-08-08,141.43
TXN_21454,CUST_2209,2023-04-01,20.06
TXN_21455,CUST_2209,2023-03-28,244.47
TXN_21456,CUST_2209,2023-04-05,234.73
TXN_21457,CUST_2209,2023-04-04,233.85
TXN_21458,CUST_2209,2023-06-24,41.61
TXN_21459,CUST_2209,2023-06-06,89.85
TXN_21460,CUST_2209,2023-04-29,118.44
TXN_21461,CUST_2209,2023-05-05,171.07
TXN_21462,CUST_2209,2023-08-02,92.36
TXN_21463,CUST_2209,2023-11-20,235.54
TXN_21464,CUST_2209,2023-03-17,18.5
TXN_21465,CUST_2210,2023-08-12,203.81
TXN_21466,CUST_2210,2023-06-24,120.54
TXN_21467,CUST_2210,2023-06-02,203.91
TXN_21468,CUST_2210,2023-08-26,69.38
TXN_21469,CUST_2210,2023-07-06,178.4
TXN_21470,CUST_2210,2023-07-02,53.17
TXN_21471,CUST_2210,2023-07-22,185.04
TXN_21472,CUST_2210,2023-06-28,43.62
TXN_21473,CUST_2210,2023-10-04,74.41
TXN_21474,CUST_2210,2023-07-22,177.47
TXN_21475,CUST_2210,2023-06-28,167.43
TXN_21476,CUST_2210,2023-07-14,149.05
TXN_21477,CUST_2210,2023-08-03,208.68
TXN_21478,CUST_2211,2023-10-01,72.94
TXN_21479,CUST_2211,2023-08-08,143.58
TXN_21480,CUST_2211,2023-09-24,27.47
TXN_21481,CUST_2211,2023-07-30,199.28
TXN_21482,CUST_2211,2023-11-06,157.04
TXN_21483,CUST_2211,2023-08-25,213.65
TXN_21484,CUST_2211,2023-10-03,151.2
TXN_21485,CUST_2212,2023-03-13,113.39
TXN_21486,CUST_2213,2023-07-02,136.17
TXN_21487,CUST_2214,2023-12-22,49.2
TXN_21488,CUST_2215,2023-10-23,113.48
TXN_21489,CUST_2215,2023-10-23,41.9
TXN_21490,CUST_2215,2023-10-20,81.47
TXN_21491,CUST_2215,2023-10-29,179.37
TXN_21492,CUST_2215,2023-11-07,216.74
TXN_21493,CUST_2215,2023-10-24,77.5
TXN_21494,CUST_2215,2023-12-26,119.35
TXN_21495,CUST_2215,2023-11-26,130.66
TXN_21496,CUST_2215,2023-11-04,49.81
TXN_21497,CUST_2216,2023-04-14,173.26
TXN_21498,CUST_2216,2023-05-18,222.12
TXN_21499,CUST_2216,2023-03-12,167.61
TXN_21500,CUST_2216,2023-05-12,51.26
TXN_21501,CUST_2217,2023-06-07,116.65
TXN_21502,CUST_2217,2023-08-06,193.71
TXN_21503,CUST_2218,2023-08-26,131.22
TXN_21504,CUST_2219,2023-03-21,225.41
TXN_21505,CUST_2220,2023-05-09,97.67
TXN_21506,CUST_2221,2023-05-19,49.65
TXN_21507,CUST_2222,2023-07-06,18.61
TXN_21508,CUST_2222,2023-07-20,134.33
TXN_21509,CUST_2222,2023-07-09,105.09
TXN_21510,CUST_2222,2023-06-25,80.16
TXN_21511,CUST_2222,2023-07-04,85.73
TXN_21512,CUST_2222,2023-07-09,146.36
TXN_21513,CUST_2222,2023-07-05,236.13
TXN_21514,CUST_2222,2023-08-02,45.31
TXN_21515,CUST_2223,2023-09-30,18.21
TXN_21516,CUST_2224,2023-12-31,148.7
TXN_21517,CUST_2224,2023-12-17,125.69
TXN_21518,CUST_2224,2023-12-18,239.82
TXN_21519,CUST_2224,2023-12-16,30.28
TXN_21520,CUST_2225,2023-06-28,245.11
TXN_21521,CUST_2225,2023-06-27,40.54
TXN_21522,CUST_2225,2023-09-12,101.02
TXN_21523,CUST_2225,2023-08-04,232.22
TXN_21524,CUST_2225,2023-07-27,164.86
TXN_21525,CUST_2226,2023-07-10,214.62
TXN_21526,CUST_2226,2023-12-31,96.94
TXN_21527,CUST_2226,2023-06-22,48.93
TXN_21528,CUST_2226,2023-09-16,49.06
TXN_21529,CUST_2226,2023-07-03,63.03
TXN_21530,CUST_2226,2023-07-12,32.48
TXN_21531,CUST_2226,2023-10-21,217.13
TXN_21532,CUST_2226,2023-07-18,158.84
TXN_21533,CUST_2226,2023-08-20,191.08
TXN_21534,CUST_2227,2023-09-30,172.64
TXN_21535,CUST_2227,2023-09-16,185.22
TXN_21536,CUST_2227,2023-09-14,108.42
TXN_21537,CUST_2228,2023-05-25,110.41
TXN_21538,CUST_2228,2023-09-04,32.19
TXN_21539,CUST_2228,2023-06-01,150.27
TXN_21540,CUST_2228,2023-04-26,113.94
TXN_21541,CUST_2228,2023-08-15,80.96
TXN_21542,CUST_2228,2023-09-28,225.64
TXN_21543,CUST_2228,2023-06-21,196.62
TXN_21544,CUST_2228,2023-06-11,138.44
TXN_21545,CUST_2228,2023-12-31,81.42
TXN_21546,CUST_2229,2023-07-15,159.44
TXN_21547,CUST_2230,2023-10-28,111.59
TXN_21548,CUST_2231,2023-08-11,38.67
TXN_21549,CUST_2231,2023-09-08,249.28
TXN_21550,CUST_2231,2023-08-28,126.33
TXN_21551,CUST_2231,2023-06-28,16.45
TXN_21552,CUST_2231,2023-05-08,226.26
TXN_21553,CUST_2231,2023-04-19,227.63
TXN_21554,CUST_2231,2023-04-28,46.27
TXN_21555,CUST_2231,2023-05-04,202.86
TXN_21556,CUST_2231,2023-06-12,49.12
TXN_21557,CUST_2231,2023-07-26,236.06
TXN_21558,CUST_2231,2023-06-29,38.19
TXN_21559,CUST_2231,2023-04-22,202.03
TXN_21560,CUST_2231,2023-07-11,231.82
TXN_21561,CUST_2231,2023-06-24,29.66
TXN_21562,CUST_2232,2023-08-28,95.67
TXN_21563,CUST_2232,2023-08-24,134.16
TXN_21564,CUST_2232,2023-11-07,139.09
TXN_21565,CUST_2232,2023-08-20,74.17
TXN_21566,CUST_2232,2023-09-21,152.05
TXN_21567,CUST_2232,2023-09-22,33.1
TXN_21568,CUST_2233,2023-08-19,77.34
TXN_21569,CUST_2233,2023-08-28,179.02
TXN_21570,CUST_2233,2023-06-19,171.3
TXN_21571,CUST_2233,2023-07-07,55.56
TXN_21572,CUST_2233,2023-07-27,121.29
TXN_21573,CUST_2233,2023-09-19,34.86
TXN_21574,CUST_2233,2023-09-24,39.93
TXN_21575,CUST_2233,2023-06-25,136.23
TXN_21576,CUST_2233,2023-07-22,247.38
TXN_21577,CUST_2233,2023-08-09,91.95
TXN_21578,CUST_2233,2023-11-13,88.37
TXN_21579,CUST_2233,2023-07-01,131.18
TXN_21580,CUST_2233,2023-11-23,181.5
TXN_21581,CUST_2233,2023-08-25,185.63
TXN_21582,CUST_2234,2023-05-11,156.28
TXN_21583,CUST_2234,2023-06-27,54.61
TXN_21584,CUST_2234,2023-05-10,147.54
TXN_21585,CUST_2234,2023-05-03,220.33
TXN_21586,CUST_2234,2023-09-10,199.56
TXN_21587,CUST_2234,2023-04-30,26.2
TXN_21588,CUST_2235,2023-08-08,191.71
TXN_21589,CUST_2235,2023-07-09,163.68
TXN_21590,CUST_2235,2023-07-16,237.62
TXN_21591,CUST_2235,2023-07-21,64.26
TXN_21592,CUST_2235,2023-08-16,143.89
TXN_21593,CUST_2235,2023-09-23,56.57
TXN_21594,CUST_2235,2023-06-19,231.58
TXN_21595,CUST_2235,2023-12-06,118.93
TXN_21596,CUST_2235,2023-06-01,87.04
TXN_21597,CUST_2236,2023-07-07,89.68
TXN_21598,CUST_2237,2023-11-10,197.06
TXN_21599,CUST_2237,2023-11-01,248.05
TXN_21600,CUST_2237,2023-10-26,77.12
TXN_21601,CUST_2237,2023-10-21,236.01
TXN_21602,CUST_2237,2023-11-03,173.59
TXN_21603,CUST_2237,2023-11-16,220.51
TXN_21604,CUST_2237,2023-11-15,147.07
TXN_21605,CUST_2237,2023-11-18,191.48
TXN_21606,CUST_2237,2023-10-24,40.77
TXN_21607,CUST_2238,2023-06-26,132.03
TXN_21608,CUST_2239,2023-08-07,174.39
TXN_21609,CUST_2239,2023-08-04,122.52
TXN_21610,CUST_2239,2023-08-17,185.08
TXN_21611,CUST_2239,2023-06-26,131.81
TXN_21612,CUST_2239,2023-07-20,24.38
TXN_21613,CUST_2239,2023-10-09,103.68
TXN_21614,CUST_2240,2023-03-24,52.95
TXN_21615,CUST_2241,2023-09-01,126.39
TXN_21616,CUST_2241,2023-11-07,202.4
TXN_21617,CUST_2241,2023-11-09,65.35
TXN_21618,CUST_2241,2023-08-09,188.54
TXN_21619,CUST_2241,2023-08-28,133.44
TXN_21620,CUST_2241,2023-05-18,76.44
TXN_21621,CUST_2241,2023-06-16,215.23
TXN_21622,CUST_2241,2023-10-04,39.6
TXN_21623,CUST_2241,2023-12-30,57.88
TXN_21624,CUST_2242,2023-04-04,83.36
TXN_21625,CUST_2242,2023-03-26,72.11
TXN_21626,CUST_2242,2023-12-31,88.31
TXN_21627,CUST_2242,2023-04-04,183.8
TXN_21628,CUST_2243,2023-07-05,80.79
TXN_21629,CUST_2243,2023-04-13,19.22
TXN_21630,CUST_2244,2023-10-08,80.26
TXN_21631,CUST_2245,2023-09-27,111.22
TXN_21632,CUST_2245,2023-10-04,171.51
TXN_21633,CUST_2245,2023-12-17,31.59
TXN_21634,CUST_2245,2023-12-31,228.9
TXN_21635,CUST_2245,2023-09-19,58.14
TXN_21636,CUST_2245,2023-09-28,146.52
TXN_21637,CUST_2245,2023-09-20,62.08
TXN_21638,CUST_2245,2023-12-07,40.69
TXN_21639,CUST_2245,2023-10-03,194.31
TXN_21640,CUST_2245,2023-12-02,93.97
TXN_21641,CUST_2245,2023-09-21,188.2
TXN_21642,CUST_2245,2023-11-06,245.31
TXN_21643,CUST_2245,2023-09-20,181.71
TXN_21644,CUST_2245,2023-10-04,229.94
TXN_21645,CUST_2246,2023-11-23,91.79
TXN_21646,CUST_2246,2023-11-18,68.23
TXN_21647,CUST_2246,2023-11-19,246.52
TXN_21648,CUST_2246,2023-12-13,18.59
TXN_21649,CUST_2246,2023-11-30,75.14
TXN_21650,CUST_2247,2023-11-17,45.93
TXN_21651,CUST_2248,2023-09-25,99.37
TXN_21652,CUST_2248,2023-10-07,91.63
TXN_21653,CUST_2248,2023-12-31,221.99
TXN_21654,CUST_2248,2023-11-29,108.71
TXN_21655,CUST_2248,2023-12-31,175.74
TXN_21656,CUST_2248,2023-11-19,132.71
TXN_21657,CUST_2248,2023-09-25,223.42
TXN_21658,CUST_2248,2023-10-12,242.61
TXN_21659,CUST_2248,2023-09-30,248.21
TXN_21660,CUST_2248,2023-09-28,101.52
TXN_21661,CUST_2248,2023-10-20,177.93
TXN_21662,CUST_2248,2023-11-02,126.92
TXN_21663,CUST_2248,2023-09-22,131.57
TXN_21664,CUST_2248,2023-10-03,169.55
TXN_21665,CUST_2249,2023-05-11,242.04
TXN_21666,CUST_2250,2023-08-01,36.3
TXN_21667,CUST_2251,2023-12-02,119.34
TXN_21668,CUST_2252,2023-06-09,151.3
TXN_21669,CUST_2252,2023-06-03,95.78
TXN_21670,CUST_2252,2023-07-19,45.46
TXN_21671,CUST_2252,2023-05-13,79.73
TXN_21672,CUST_2252,2023-05-02,91.05
TXN_21673,CUST_2252,2023-07-29,224.45
TXN_21674,CUST_2252,2023-07-07,56.26
TXN_21675,CUST_2253,2023-11-22,117.75
TXN_21676,CUST_2254,2023-06-17,135.43
TXN_21677,CUST_2254,2023-08-25,122.37
TXN_21678,CUST_2254,2023-07-18,121.79
TXN_21679,CUST_2254,2023-09-24,22.88
TXN_21680,CUST_2254,2023-09-25,171.59
TXN_21681,CUST_2254,2023-07-04,138.31
TXN_21682,CUST_2255,2023-09-17,55.9
TXN_21683,CUST_2256,2023-10-19,185.64
TXN_21684,CUST_2257,2023-07-10,90.56
TXN_21685,CUST_2257,2023-08-01,205.25
TXN_21686,CUST_2257,2023-09-23,177.01
TXN_21687,CUST_2257,2023-07-08,229.01
TXN_21688,CUST_2257,2023-07-21,162.83
TXN_21689,CUST_2257,2023-07-10,34.16
TXN_21690,CUST_2257,2023-07-07,147.99
TXN_21691,CUST_2257,2023-09-03,26.86
TXN_21692,CUST_2257,2023-07-27,215.09
TXN_21693,CUST_2258,2023-11-03,114.73
TXN_21694,CUST_2259,2023-01-27,181.09
TXN_21695,CUST_2259,2023-03-19,233.63
TXN_21696,CUST_2259,2023-03-02,213.18
TXN_21697,CUST_2259,2023-05-30,215.53
TXN_21698,CUST_2259,2023-02-27,123.42
TXN_21699,CUST_2259,2023-08-06,166.3
TXN_21700,CUST_2259,2023-03-11,135.32
TXN_21701,CUST_2260,2023-05-10,76.26
TXN_21702,CUST_2260,2023-05-10,197.61
TXN_21703,CUST_2260,2023-03-26,43.98
TXN_21704,CUST_2260,2023-04-09,238.78
TXN_21705,CUST_2260,2023-07-23,19.57
TXN_21706,CUST_2261,2023-09-24,122.93
TXN_21707,CUST_2261,2023-12-31,66.46
TXN_21708,CUST_2261,2023-09-18,179.55
TXN_21709,CUST_2261,2023-10-30,110.64
TXN_21710,CUST_2262,2023-07-04,183.05
TXN_21711,CUST_2262,2023-07-22,46.56
TXN_21712,CUST_2262,2023-04-26,74.33
TXN_21713,CUST_2263,2023-12-09,173.36
TXN_21714,CUST_2264,2023-10-16,175.79
TXN_21715,CUST_2265,2023-08-29,195.38
TXN_21716,CUST_2265,2023-07-28,65.29
TXN_21717,CUST_2266,2023-05-16,156.69
TXN_21718,CUST_2266,2023-05-08,173.09
TXN_21719,CUST_2267,2023-02-07,217.92
TXN_21720,CUST_2268,2023-08-27,55.59
TXN_21721,CUST_2269,2023-09-14,34.51
TXN_21722,CUST_2269,2023-09-18,91.96
TXN_21723,CUST_2269,2023-09-04,164.37
TXN_21724,CUST_2269,2023-08-25,195.14
TXN_21725,CUST_2269,2023-09-25,230.01
TXN_21726,CUST_2269,2023-09-06,245.94
TXN_21727,CUST_2269,2023-09-24,243.75
TXN_21728,CUST_2269,2023-08-18,186.07
TXN_21729,CUST_2269,2023-11-01,27.5
TXN_21730,CUST_2269,2023-09-25,203.46
TXN_21731,CUST_2269,2023-09-23,30.0
TXN_21732,CUST_2270,2023-12-25,25.11
TXN_21733,CUST_2270,2023-12-19,79.65
TXN_21734,CUST_2270,2023-12-23,244.44
TXN_21735,CUST_2270,2023-12-19,48.54
TXN_21736,CUST_2270,2023-12-20,211.51
TXN_21737,CUST_2270,2023-12-21,90.58
TXN_21738,CUST_2270,2023-12-22,76.22
TXN_21739,CUST_2271,2023-07-23,19.72
TXN_21740,CUST_2271,2023-08-31,222.57
TXN_21741,CUST_2271,2023-12-31,210.18
TXN_21742,CUST_2271,2023-06-15,168.19
TXN_21743,CUST_2271,2023-07-28,235.41
TXN_21744,CUST_2271,2023-11-15,247.19
TXN_21745,CUST_2271,2023-10-23,143.52
TXN_21746,CUST_2272,2023-11-12,184.11
TXN_21747,CUST_2272,2023-03-18,219.98
TXN_21748,CUST_2272,2023-06-26,87.95
TXN_21749,CUST_2272,2023-04-03,42.31
TXN_21750,CUST_2272,2023-03-19,192.21
TXN_21751,CUST_2272,2023-04-09,20.7
TXN_21752,CUST_2272,2023-05-02,128.41
TXN_21753,CUST_2272,2023-04-01,25.35
TXN_21754,CUST_2272,2023-04-03,174.59
TXN_21755,CUST_2272,2023-03-22,145.43
TXN_21756,CUST_2273,2023-06-01,107.37
TXN_21757,CUST_2274,2023-12-19,97.0
TXN_21758,CUST_2275,2023-07-25,32.57
TXN_21759,CUST_2276,2023-08-20,143.41
TXN_21760,CUST_2276,2023-09-04,171.95
TXN_21761,CUST_2276,2023-11-16,238.75
TXN_21762,CUST_2276,2023-12-20,205.22
TXN_21763,CUST_2276,2023-11-15,26.67
TXN_21764,CUST_2276,2023-10-29,31.98
TXN_21765,CUST_2276,2023-09-30,54.8
TXN_21766,CUST_2276,2023-08-09,58.28
TXN_21767,CUST_2276,2023-08-17,111.76
TXN_21768,CUST_2277,2023-11-21,215.73
TXN_21769,CUST_2278,2023-05-07,43.74
TXN_21770,CUST_2278,2023-03-26,75.78
TXN_21771,CUST_2278,2023-08-29,60.48
TXN_21772,CUST_2278,2023-08-11,201.58
TXN_21773,CUST_2278,2023-05-01,69.95
TXN_21774,CUST_2278,2023-03-17,124.26
TXN_21775,CUST_2278,2023-02-18,139.87
TXN_21776,CUST_2278,2023-12-31,51.36
TXN_21777,CUST_2278,2023-05-18,241.02
TXN_21778,CUST_2278,2023-09-13,214.84
TXN_21779,CUST_2278,2023-08-18,87.62
TXN_21780,CUST_2279,2023-11-16,159.48
TXN_21781,CUST_2279,2023-11-19,96.38
TXN_21782,CUST_2279,2023-11-17,173.35
TXN_21783,CUST_2279,2023-11-25,215.15
TXN_21784,CUST_2279,2023-11-16,24.43
TXN_21785,CUST_2279,2023-11-15,95.69
TXN_21786,CUST_2279,2023-11-15,34.63
TXN_21787,CUST_2279,2023-11-21,174.08
TXN_21788,CUST_2279,2023-12-04,108.7
TXN_21789,CUST_2280,2023-05-26,163.47
TXN_21790,CUST_2280,2023-10-28,166.87
TXN_21791,CUST_2280,2023-09-18,137.56
TXN_21792,CUST_2280,2023-08-17,225.61
TXN_21793,CUST_2280,2023-09-03,228.82
TXN_21794,CUST_2280,2023-06-23,227.49
TXN_21795,CUST_2280,2023-07-25,219.46
TXN_21796,CUST_2280,2023-05-13,169.6
TXN_21797,CUST_2280,2023-10-04,55.94
TXN_21798,CUST_2280,2023-08-02,208.86
TXN_21799,CUST_2280,2023-06-05,110.23
TXN_21800,CUST_2280,2023-07-15,137.0
TXN_21801,CUST_2280,2023-05-13,38.19
TXN_21802,CUST_2280,2023-05-18,76.63
TXN_21803,CUST_2281,2023-06-16,149.59
TXN_21804,CUST_2282,2023-01-29,143.47
TXN_21805,CUST_2282,2023-05-19,68.47
TXN_21806,CUST_2282,2023-04-25,249.79
TXN_21807,CUST_2282,2023-09-29,28.79
TXN_21808,CUST_2283,2023-07-25,72.62
TXN_21809,CUST_2284,2023-06-19,29.38
TXN_21810,CUST_2285,2023-09-23,239.96
TXN_21811,CUST_2285,2023-10-05,219.0
TXN_21812,CUST_2285,2023-12-31,236.67
TXN_21813,CUST_2285,2023-12-01,225.29
TXN_21814,CUST_2285,2023-10-02,50.6
TXN_21815,CUST_2285,2023-10-25,129.7
TXN_21816,CUST_2285,2023-09-24,174.22
TXN_21817,CUST_2285,2023-10-18,217.82
TXN_21818,CUST_2285,2023-10-22,149.88
TXN_21819,CUST_2285,2023-10-10,123.75
TXN_21820,CUST_2285,2023-12-31,47.53
TXN_21821,CUST_2285,2023-10-10,169.12
TXN_21822,CUST_2285,2023-10-10,81.56
TXN_21823,CUST_2286,2023-08-29,95.82
TXN_21824,CUST_2287,2023-08-05,76.15
TXN_21825,CUST_2287,2023-08-08,123.68
TXN_21826,CUST_2287,2023-07-20,155.49
TXN_21827,CUST_2287,2023-07-20,141.71
TXN_21828,CUST_2288,2023-02-27,22.46
TXN_21829,CUST_2288,2023-05-27,88.22
TXN_21830,CUST_2288,2023-04-21,207.38
TXN_21831,CUST_2288,2023-03-20,87.53
TXN_21832,CUST_2288,2023-09-02,130.8
TXN_21833,CUST_2289,2023-04-27,54.28
TXN_21834,CUST_2289,2023-11-09,225.74
TXN_21835,CUST_2289,2023-12-31,109.58
TXN_21836,CUST_2289,2023-08-24,112.51
TXN_21837,CUST_2289,2023-05-07,210.05
TXN_21838,CUST_2289,2023-03-27,66.77
TXN_21839,CUST_2289,2023-04-14,200.22
TXN_21840,CUST_2290,2023-11-05,249.72
TXN_21841,CUST_2291,2023-03-28,161.46
TXN_21842,CUST_2292,2023-09-28,47.96
TXN_21843,CUST_2292,2023-10-28,90.52
TXN_21844,CUST_2292,2023-11-12,243.36
TXN_21845,CUST_2292,2023-09-17,248.38
TXN_21846,CUST_2292,2023-09-26,113.73
TXN_21847,CUST_2292,2023-11-08,171.35
TXN_21848,CUST_2292,2023-11-08,124.59
TXN_21849,CUST_2292,2023-12-12,200.64
TXN_21850,CUST_2292,2023-09-29,237.89
TXN_21851,CUST_2292,2023-12-31,112.54
TXN_21852,CUST_2292,2023-10-23,206.47
TXN_21853,CUST_2293,2023-12-08,181.51
TXN_21854,CUST_2293,2023-12-12,145.77
TXN_21855,CUST_2293,2023-12-12,224.23
TXN_21856,CUST_2293,2023-12-14,231.97
TXN_21857,CUST_2293,2023-12-13,83.76
TXN_21858,CUST_2293,2023-12-11,137.7
TXN_21859,CUST_2293,2023-12-13,176.52
TXN_21860,CUST_2293,2023-12-09,169.83
TXN_21861,CUST_2293,2023-12-19,174.0
TXN_21862,CUST_2293,2023-12-13,248.04
TXN_21863,CUST_2294,2023-12-14,64.87
TXN_21864,CUST_2294,2023-12-08,57.06
TXN_21865,CUST_2294,2023-11-22,52.55
TXN_21866,CUST_2294,2023-11-28,40.06
TXN_21867,CUST_2294,2023-11-24,194.69
TXN_21868,CUST_2294,2023-12-11,207.11
TXN_21869,CUST_2294,2023-12-15,113.8
TXN_21870,CUST_2294,2023-12-18,138.6
TXN_21871,CUST_2294,2023-11-30,183.86
TXN_21872,CUST_2294,2023-11-25,200.53
TXN_21873,CUST_2294,2023-11-29,44.91
TXN_21874,CUST_2294,2023-11-23,53.75
TXN_21875,CUST_2294,2023-12-20,247.87
TXN_21876,CUST_2295,2023-06-06,66.41
TXN_21877,CUST_2296,2023-12-31,181.02
TXN_21878,CUST_2296,2023-09-23,232.02
TXN_21879,CUST_2296,2023-12-27,221.21
TXN_21880,CUST_2297,2023-10-15,153.6
TXN_21881,CUST_2297,2023-08-24,231.64
TXN_21882,CUST_2297,2023-12-08,171.1
TXN_21883,CUST_2297,2023-06-21,39.54
TXN_21884,CUST_2297,2023-10-24,34.91
TXN_21885,CUST_2297,2023-07-06,69.18
TXN_21886,CUST_2297,2023-08-18,150.51
TXN_21887,CUST_2297,2023-07-12,63.79
TXN_21888,CUST_2297,2023-09-22,234.83
TXN_21889,CUST_2297,2023-06-24,46.3
TXN_21890,CUST_2297,2023-08-26,204.04
TXN_21891,CUST_2298,2023-10-26,206.86
TXN_21892,CUST_2298,2023-11-11,32.18
TXN_21893,CUST_2299,2023-06-27,241.3
TXN_21894,CUST_2299,2023-08-29,179.69
TXN_21895,CUST_2299,2023-04-17,40.32
TXN_21896,CUST_2299,2023-08-24,61.59
TXN_21897,CUST_2299,2023-04-14,229.03
TXN_21898,CUST_2299,2023-10-23,66.34
TXN_21899,CUST_2299,2023-08-22,26.28
TXN_21900,CUST_2299,2023-05-11,161.56
TXN_21901,CUST_2299,2023-08-16,17.44
TXN_21902,CUST_2299,2023-05-16,65.37
TXN_21903,CUST_2299,2023-12-31,172.68
TXN_21904,CUST_2299,2023-05-27,32.78
TXN_21905,CUST_2300,2023-08-31,183.07
TXN_21906,CUST_2300,2023-09-07,52.0
TXN_21907,CUST_2300,2023-07-31,101.05
TXN_21908,CUST_2300,2023-12-15,139.49
TXN_21909,CUST_2300,2023-10-20,150.35
TXN_21910,CUST_2300,2023-12-31,101.82
TXN_21911,CUST_2300,2023-07-31,198.46
TXN_21912,CUST_2300,2023-09-29,138.97
TXN_21913,CUST_2300,2023-08-17,59.24
TXN_21914,CUST_2300,2023-08-31,171.56
TXN_21915,CUST_2301,2023-10-27,46.04
TXN_21916,CUST_2301,2023-11-02,200.97
TXN_21917,CUST_2301,2023-12-31,132.87
TXN_21918,CUST_2301,2023-10-22,175.49
TXN_21919,CUST_2301,2023-11-21,31.85
TXN_21920,CUST_2301,2023-12-03,209.89
TXN_21921,CUST_2301,2023-11-02,146.7
TXN_21922,CUST_2301,2023-11-17,174.04
TXN_21923,CUST_2301,2023-10-18,43.77
TXN_21924,CUST_2301,2023-10-22,192.58
TXN_21925,CUST_2301,2023-11-01,143.19
TXN_21926,CUST_2301,2023-11-23,95.13
TXN_21927,CUST_2301,2023-11-21,118.94
TXN_21928,CUST_2301,2023-10-29,93.26
TXN_21929,CUST_2302,2023-12-21,82.08
TXN_21930,CUST_2302,2023-12-21,86.22
TXN_21931,CUST_2302,2023-12-21,191.83
TXN_21932,CUST_2302,2023-12-20,186.17
TXN_21933,CUST_2302,2023-12-26,30.52
TXN_21934,CUST_2302,2023-12-20,82.08
TXN_21935,CUST_2302,2023-12-20,151.57
TXN_21936,CUST_2302,2023-12-24,164.02
TXN_21937,CUST_2302,2023-12-21,132.12
TXN_21938,CUST_2302,2023-12-23,43.07
TXN_21939,CUST_2302,2023-12-20,224.27
TXN_21940,CUST_2302,2023-12-21,203.27
TXN_21941,CUST_2302,2023-12-21,24.79
TXN_21942,CUST_2302,2023-12-22,224.73
TXN_21943,CUST_2303,2023-11-04,78.25
TXN_21944,CUST_2303,2023-10-31,241.25
TXN_21945,CUST_2303,2023-10-13,61.89
TXN_21946,CUST_2303,2023-10-28,165.03
TXN_21947,CUST_2303,2023-10-19,233.88
TXN_21948,CUST_2303,2023-11-09,221.2
TXN_21949,CUST_2303,2023-10-23,209.8
TXN_21950,CUST_2303,2023-10-25,74.4
TXN_21951,CUST_2303,2023-12-15,36.67
TXN_21952,CUST_2304,2023-05-12,204.46
TXN_21953,CUST_2304,2023-06-16,119.28
TXN_21954,CUST_2304,2023-08-18,49.79
TXN_21955,CUST_2304,2023-06-17,23.42
TXN_21956,CUST_2304,2023-07-27,28.72
TXN_21957,CUST_2305,2023-11-22,119.09
TXN_21958,CUST_2306,2023-08-02,137.03
TXN_21959,CUST_2307,2023-11-15,189.71
TXN_21960,CUST_2307,2023-11-27,183.25
TXN_21961,CUST_2307,2023-11-24,28.87
TXN_21962,CUST_2307,2023-11-12,199.0
TXN_21963,CUST_2307,2023-10-29,17.83
TXN_21964,CUST_2307,2023-12-02,182.39
TXN_21965,CUST_2307,2023-11-07,235.99
TXN_21966,CUST_2307,2023-11-27,242.45
TXN_21967,CUST_2307,2023-12-23,128.1
TXN_21968,CUST_2307,2023-11-26,172.26
TXN_21969,CUST_2307,2023-12-02,200.11
TXN_21970,CUST_2307,2023-10-30,69.93
TXN_21971,CUST_2308,2023-08-11,205.52
TXN_21972,CUST_2309,2023-12-01,157.01
TXN_21973,CUST_2309,2023-12-20,116.41
TXN_21974,CUST_2309,2023-12-06,34.27
TXN_21975,CUST_2309,2023-11-29,125.15
TXN_21976,CUST_2309,2023-12-18,233.86
TXN_21977,CUST_2309,2023-12-10,209.2
TXN_21978,CUST_2309,2023-12-13,179.85
TXN_21979,CUST_2309,2023-12-14,133.75
TXN_21980,CUST_2310,2023-12-31,170.14
TXN_21981,CUST_2310,2023-11-08,90.07
TXN_21982,CUST_2310,2023-10-14,60.07
TXN_21983,CUST_2310,2023-11-05,50.56
TXN_21984,CUST_2311,2023-11-14,123.56
TXN_21985,CUST_2311,2023-11-15,88.21
TXN_21986,CUST_2311,2023-12-18,202.36
TXN_21987,CUST_2311,2023-11-24,153.44
TXN_21988,CUST_2311,2023-12-31,84.96
TXN_21989,CUST_2312,2023-11-11,189.32
TXN_21990,CUST_2313,2023-07-31,84.23
TXN_21991,CUST_2313,2023-12-31,20.07
TXN_21992,CUST_2313,2023-09-23,158.0
TXN_21993,CUST_2313,2023-09-19,66.3
TXN_21994,CUST_2313,2023-08-09,116.2
TXN_21995,CUST_2313,2023-08-01,32.53
TXN_21996,CUST_2313,2023-07-31,149.65
TXN_21997,CUST_2314,2023-05-16,89.22
TXN_21998,CUST_2315,2023-07-13,62.72
TXN_21999,CUST_2316,2023-12-27,36.11
TXN_22000,CUST_2316,2023-12-20,210.82
TXN_22001,CUST_2316,2023-08-01,229.39
TXN_22002,CUST_2316,2023-05-13,56.43
TXN_22003,CUST_2316,2023-05-24,72.53
TXN_22004,CUST_2316,2023-05-31,150.27
TXN_22005,CUST_2316,2023-05-03,104.83
TXN_22006,CUST_2317,2023-05-31,246.51
TXN_22007,CUST_2318,2023-05-11,245.31
TXN_22008,CUST_2318,2023-06-25,39.79
TXN_22009,CUST_2318,2023-08-24,49.75
TXN_22010,CUST_2318,2023-05-30,132.6
TXN_22011,CUST_2318,2023-06-05,194.77
TXN_22012,CUST_2318,2023-07-22,211.22
TXN_22013,CUST_2318,2023-08-21,111.95
TXN_22014,CUST_2318,2023-09-27,184.1
TXN_22015,CUST_2318,2023-08-14,247.46
TXN_22016,CUST_2318,2023-01-26,102.09
TXN_22017,CUST_2318,2023-07-24,35.28
TXN_22018,CUST_2319,2023-09-08,61.92
TXN_22019,CUST_2319,2023-12-31,231.07
TXN_22020,CUST_2319,2023-06-07,146.31
TXN_22021,CUST_2319,2023-07-23,119.0
TXN_22022,CUST_2319,2023-12-31,29.01
TXN_22023,CUST_2319,2023-08-05,63.25
TXN_22024,CUST_2319,2023-07-18,198.24
TXN_22025,CUST_2319,2023-06-14,107.44
TXN_22026,CUST_2319,2023-12-31,193.95
TXN_22027,CUST_2319,2023-07-26,67.17
TXN_22028,CUST_2319,2023-07-04,196.9
TXN_22029,CUST_2319,2023-09-27,72.48
TXN_22030,CUST_2319,2023-08-12,37.33
TXN_22031,CUST_2319,2023-05-26,143.94
TXN_22032,CUST_2320,2023-05-22,186.51
TXN_22033,CUST_2321,2023-05-14,186.5
TXN_22034,CUST_2321,2023-02-16,76.87
TXN_22035,CUST_2321,2023-04-23,62.02
TXN_22036,CUST_2321,2023-07-25,137.89
TXN_22037,CUST_2321,2023-02-03,161.91
TXN_22038,CUST_2321,2023-12-19,34.29
TXN_22039,CUST_2321,2023-01-16,213.3
TXN_22040,CUST_2321,2023-01-17,24.25
TXN_22041,CUST_2322,2023-07-09,148.82
TXN_22042,CUST_2323,2023-03-02,19.85
TXN_22043,CUST_2323,2023-03-14,108.67
TXN_22044,CUST_2323,2023-05-22,233.59
TXN_22045,CUST_2323,2023-02-24,176.52
TXN_22046,CUST_2323,2023-02-10,59.8
TXN_22047,CUST_2323,2023-04-19,181.47
TXN_22048,CUST_2324,2023-09-22,55.16
TXN_22049,CUST_2324,2023-10-11,101.56
TXN_22050,CUST_2324,2023-09-10,123.4
TXN_22051,CUST_2324,2023-09-27,48.35
TXN_22052,CUST_2324,2023-10-16,222.49
TXN_22053,CUST_2324,2023-09-07,57.39
TXN_22054,CUST_2324,2023-10-24,58.13
TXN_22055,CUST_2324,2023-08-26,160.52
TXN_22056,CUST_2325,2023-10-11,245.68
TXN_22057,CUST_2326,2023-12-27,56.88
TXN_22058,CUST_2327,2023-07-01,95.71
TXN_22059,CUST_2327,2023-08-22,53.43
TXN_22060,CUST_2327,2023-04-30,199.55
TXN_22061,CUST_2327,2023-12-31,118.98
TXN_22062,CUST_2327,2023-05-09,131.8
TXN_22063,CUST_2327,2023-06-05,102.53
TXN_22064,CUST_2327,2023-07-16,56.06
TXN_22065,CUST_2327,2023-06-03,219.14
TXN_22066,CUST_2327,2023-08-12,28.06
TXN_22067,CUST_2327,2023-06-24,36.45
TXN_22068,CUST_2327,2023-12-31,72.49
TXN_22069,CUST_2327,2023-12-05,210.99
TXN_22070,CUST_2327,2023-06-30,94.03
TXN_22071,CUST_2327,2023-10-04,50.9
TXN_22072,CUST_2328,2023-05-06,155.46
TXN_22073,CUST_2329,2023-12-31,60.85
TXN_22074,CUST_2330,2023-04-13,238.08
TXN_22075,CUST_2330,2023-05-12,240.1
TXN_22076,CUST_2330,2023-01-18,213.96
TXN_22077,CUST_2330,2023-02-23,205.46
TXN_22078,CUST_2330,2023-08-25,78.8
TXN_22079,CUST_2330,2023-03-09,185.61
TXN_22080,CUST_2330,2023-01-17,192.55
TXN_22081,CUST_2330,2023-01-19,229.9
TXN_22082,CUST_2330,2023-02-12,150.27
TXN_22083,CUST_2330,2023-01-19,78.33
TXN_22084,CUST_2330,2023-03-08,129.46
TXN_22085,CUST_2331,2023-12-29,16.8
TXN_22086,CUST_2332,2023-09-29,176.41
TXN_22087,CUST_2332,2023-09-28,24.99
TXN_22088,CUST_2332,2023-09-16,97.59
TXN_22089,CUST_2332,2023-09-22,34.04
TXN_22090,CUST_2332,2023-09-28,177.61
TXN_22091,CUST_2332,2023-09-06,191.47
TXN_22092,CUST_2332,2023-12-31,17.19
TXN_22093,CUST_2333,2023-12-30,66.24
TXN_22094,CUST_2334,2023-11-29,79.88
TXN_22095,CUST_2334,2023-11-27,74.2
TXN_22096,CUST_2334,2023-12-21,195.1
TXN_22097,CUST_2334,2023-11-26,241.88
TXN_22098,CUST_2334,2023-11-28,92.21
TXN_22099,CUST_2334,2023-11-18,142.78
TXN_22100,CUST_2334,2023-12-15,218.68
TXN_22101,CUST_2335,2023-12-31,204.42
TXN_22102,CUST_2335,2023-06-05,142.5
TXN_22103,CUST_2335,2023-06-13,23.55
TXN_22104,CUST_2335,2023-08-31,183.49
TXN_22105,CUST_2335,2023-06-12,213.79
TXN_22106,CUST_2335,2023-07-02,30.32
TXN_22107,CUST_2335,2023-05-25,123.52
TXN_22108,CUST_2335,2023-05-09,149.2
TXN_22109,CUST_2335,2023-05-11,62.12
TXN_22110,CUST_2335,2023-10-30,249.96
TXN_22111,CUST_2335,2023-07-04,160.62
TXN_22112,CUST_2335,2023-09-07,178.59
TXN_22113,CUST_2335,2023-05-17,111.74
TXN_22114,CUST_2335,2023-07-02,99.53
TXN_22115,CUST_2336,2023-11-17,61.73
TXN_22116,CUST_2337,2023-06-22,53.02
TXN_22117,CUST_2338,2023-12-31,123.05
TXN_22118,CUST_2338,2023-07-17,202.48
TXN_22119,CUST_2339,2023-09-15,242.75
TXN_22120,CUST_2340,2023-10-25,129.26
TXN_22121,CUST_2341,2023-11-12,82.27
TXN_22122,CUST_2342,2023-11-21,80.33
TXN_22123,CUST_2343,2023-04-27,248.19
TXN_22124,CUST_2343,2023-04-01,72.05
TXN_22125,CUST_2343,2023-05-11,65.56
TXN_22126,CUST_2343,2023-12-11,75.92
TXN_22127,CUST_2343,2023-12-31,113.39
TXN_22128,CUST_2343,2023-08-08,167.35
TXN_22129,CUST_2343,2023-11-29,161.98
TXN_22130,CUST_2343,2023-05-12,168.42
TXN_22131,CUST_2343,2023-07-25,226.23
TXN_22132,CUST_2343,2023-03-12,62.21
TXN_22133,CUST_2343,2023-02-10,101.97
TXN_22134,CUST_2343,2023-08-30,31.42
TXN_22135,CUST_2344,2023-08-24,197.22
TXN_22136,CUST_2344,2023-08-28,120.52
TXN_22137,CUST_2344,2023-08-21,174.31
TXN_22138,CUST_2344,2023-10-13,100.0
TXN_22139,CUST_2344,2023-10-24,71.38
TXN_22140,CUST_2344,2023-10-07,186.54
TXN_22141,CUST_2344,2023-12-31,69.6
TXN_22142,CUST_2344,2023-08-18,76.81
TXN_22143,CUST_2344,2023-08-20,54.88
TXN_22144,CUST_2345,2023-06-30,227.38
TXN_22145,CUST_2346,2023-12-31,205.39
TXN_22146,CUST_2347,2023-08-05,42.33
TXN_22147,CUST_2347,2023-11-05,26.1
TXN_22148,CUST_2347,2023-09-08,102.83
TXN_22149,CUST_2347,2023-06-03,213.09
TXN_22150,CUST_2347,2023-08-11,17.08
TXN_22151,CUST_2347,2023-06-22,97.73
TXN_22152,CUST_2347,2023-06-27,132.11
TXN_22153,CUST_2347,2023-07-23,108.24
TXN_22154,CUST_2347,2023-06-28,133.54
TXN_22155,CUST_2347,2023-06-02,166.62
TXN_22156,CUST_2347,2023-08-05,80.62
TXN_22157,CUST_2347,2023-06-14,32.15
TXN_22158,CUST_2348,2023-04-27,98.65
TXN_22159,CUST_2348,2023-07-16,229.58
TXN_22160,CUST_2348,2023-10-10,225.37
TXN_22161,CUST_2348,2023-04-29,212.62
TXN_22162,CUST_2348,2023-08-28,227.07
TXN_22163,CUST_2348,2023-05-25,229.26
TXN_22164,CUST_2348,2023-06-06,164.01
TXN_22165,CUST_2348,2023-06-09,115.5
TXN_22166,CUST_2348,2023-06-29,98.64
TXN_22167,CUST_2348,2023-09-02,163.91
TXN_22168,CUST_2348,2023-07-30,69.29
TXN_22169,CUST_2349,2023-12-12,228.44
TXN_22170,CUST_2349,2023-09-13,74.71
TXN_22171,CUST_2349,2023-10-26,68.9
TXN_22172,CUST_2349,2023-09-25,41.01
TXN_22173,CUST_2349,2023-09-14,33.37
TXN_22174,CUST_2349,2023-09-08,171.34
TXN_22175,CUST_2349,2023-12-31,74.88
TXN_22176,CUST_2349,2023-09-21,120.29
TXN_22177,CUST_2349,2023-09-02,158.37
TXN_22178,CUST_2349,2023-10-19,49.6
TXN_22179,CUST_2350,2023-03-17,211.07
TXN_22180,CUST_2350,2023-04-23,154.78
TXN_22181,CUST_2350,2023-04-22,109.26
TXN_22182,CUST_2350,2023-03-24,149.6
TXN_22183,CUST_2350,2023-05-24,59.5
TXN_22184,CUST_2351,2023-12-29,155.8
TXN_22185,CUST_2351,2023-12-27,62.45
TXN_22186,CUST_2351,2023-12-29,146.65
TXN_22187,CUST_2351,2023-12-31,102.77
TXN_22188,CUST_2351,2023-12-28,161.36
TXN_22189,CUST_2351,2023-12-28,188.19
TXN_22190,CUST_2352,2023-12-13,134.65
TXN_22191,CUST_2353,2023-10-05,136.92
TXN_22192,CUST_2354,2023-09-19,188.49
TXN_22193,CUST_2355,2023-12-01,168.62
TXN_22194,CUST_2356,2023-11-30,86.01
TXN_22195,CUST_2357,2023-12-31,121.67
TXN_22196,CUST_2357,2023-08-19,211.21
TXN_22197,CUST_2358,2023-11-01,154.1
TXN_22198,CUST_2359,2023-07-20,37.25
TXN_22199,CUST_2359,2023-06-20,182.1
TXN_22200,CUST_2359,2023-11-09,37.37
TXN_22201,CUST_2360,2023-12-31,100.65
TXN_22202,CUST_2360,2023-09-12,158.72
TXN_22203,CUST_2360,2023-09-18,24.0
TXN_22204,CUST_2360,2023-08-03,228.69
TXN_22205,CUST_2360,2023-08-15,240.75
TXN_22206,CUST_2360,2023-07-28,249.39
TXN_22207,CUST_2361,2023-11-16,218.14
TXN_22208,CUST_2361,2023-11-13,79.61
TXN_22209,CUST_2361,2023-11-13,196.98
TXN_22210,CUST_2361,2023-11-19,141.22
TXN_22211,CUST_2361,2023-12-09,210.84
TXN_22212,CUST_2361,2023-11-10,144.2
TXN_22213,CUST_2361,2023-11-09,219.1
TXN_22214,CUST_2361,2023-12-09,214.6
TXN_22215,CUST_2361,2023-11-28,124.72
TXN_22216,CUST_2361,2023-11-16,107.88
TXN_22217,CUST_2361,2023-11-08,237.98
TXN_22218,CUST_2361,2023-11-17,233.58
TXN_22219,CUST_2361,2023-12-15,209.72
TXN_22220,CUST_2362,2023-09-30,210.52
TXN_22221,CUST_2362,2023-10-26,22.95
TXN_22222,CUST_2363,2023-07-14,186.95
TXN_22223,CUST_2364,2023-12-31,175.87
TXN_22224,CUST_2365,2023-11-13,57.62
TXN_22225,CUST_2366,2023-06-29,98.96
TXN_22226,CUST_2366,2023-09-04,235.32
TXN_22227,CUST_2366,2023-10-07,72.1
TXN_22228,CUST_2366,2023-06-01,95.47
TXN_22229,CUST_2366,2023-07-28,210.4
TXN_22230,CUST_2366,2023-05-02,237.61
TXN_22231,CUST_2366,2023-07-19,66.34
TXN_22232,CUST_2366,2023-05-21,39.58
TXN_22233,CUST_2366,2023-06-29,54.76
TXN_22234,CUST_2367,2023-11-16,77.67
TXN_22235,CUST_2367,2023-11-22,168.71
TXN_22236,CUST_2367,2023-09-14,247.01
TXN_22237,CUST_2367,2023-12-30,149.99
TXN_22238,CUST_2367,2023-11-14,76.45
TXN_22239,CUST_2368,2023-06-20,19.82
TXN_22240,CUST_2368,2023-01-15,174.07
TXN_22241,CUST_2368,2023-06-12,213.78
TXN_22242,CUST_2368,2023-03-13,106.6
TXN_22243,CUST_2368,2023-04-16,192.97
TXN_22244,CUST_2368,2023-05-12,91.92
TXN_22245,CUST_2368,2023-03-03,194.31
TXN_22246,CUST_2368,2023-04-12,38.02
TXN_22247,CUST_2368,2023-01-31,215.03
TXN_22248,CUST_2368,2023-12-31,93.89
TXN_22249,CUST_2368,2023-03-10,51.3
TXN_22250,CUST_2368,2023-02-12,114.79
TXN_22251,CUST_2368,2023-02-20,179.83
TXN_22252,CUST_2369,2023-10-20,45.1
TXN_22253,CUST_2369,2023-09-01,225.48
TXN_22254,CUST_2369,2023-11-06,124.96
TXN_22255,CUST_2369,2023-09-01,226.17
TXN_22256,CUST_2369,2023-09-07,23.35
TXN_22257,CUST_2369,2023-12-13,205.1
TXN_22258,CUST_2369,2023-10-15,23.0
TXN_22259,CUST_2369,2023-09-27,168.6
TXN_22260,CUST_2370,2023-05-10,26.12
TXN_22261,CUST_2370,2023-09-14,55.08
TXN_22262,CUST_2370,2023-04-06,31.9
TXN_22263,CUST_2370,2023-03-05,171.46
TXN_22264,CUST_2370,2023-06-22,174.09
TXN_22265,CUST_2370,2023-05-13,238.84
TXN_22266,CUST_2370,2023-05-03,120.61
TXN_22267,CUST_2370,2023-03-19,38.23
TXN_22268,CUST_2370,2023-05-12,89.0
TXN_22269,CUST_2370,2023-05-07,63.44
TXN_22270,CUST_2370,2023-08-28,249.93
TXN_22271,CUST_2370,2023-03-30,212.95
TXN_22272,CUST_2371,2023-09-01,52.29
TXN_22273,CUST_2371,2023-02-27,159.47
TXN_22274,CUST_2371,2023-07-13,79.0
TXN_22275,CUST_2371,2023-05-02,196.48
TXN_22276,CUST_2371,2023-07-18,168.65
TXN_22277,CUST_2371,2023-02-19,26.9
TXN_22278,CUST_2372,2023-06-16,227.47
TXN_22279,CUST_2373,2023-03-25,53.85
TXN_22280,CUST_2374,2023-10-28,41.72
TXN_22281,CUST_2374,2023-12-09,159.63
TXN_22282,CUST_2374,2023-11-26,102.31
TXN_22283,CUST_2374,2023-10-31,89.64
TXN_22284,CUST_2375,2023-07-23,211.91
TXN_22285,CUST_2375,2023-11-12,125.38
TXN_22286,CUST_2375,2023-06-25,237.12
TXN_22287,CUST_2375,2023-09-06,165.43
TXN_22288,CUST_2375,2023-09-09,32.86
TXN_22289,CUST_2375,2023-06-11,50.98
TXN_22290,CUST_2375,2023-06-18,113.86
TXN_22291,CUST_2375,2023-06-18,215.81
TXN_22292,CUST_2375,2023-08-05,101.54
TXN_22293,CUST_2375,2023-06-11,153.89
TXN_22294,CUST_2375,2023-06-15,189.66
TXN_22295,CUST_2375,2023-09-27,142.83
TXN_22296,CUST_2375,2023-06-18,199.91
TXN_22297,CUST_2375,2023-07-02,67.32
TXN_22298,CUST_2376,2023-08-19,163.08
TXN_22299,CUST_2376,2023-12-11,61.7
TXN_22300,CUST_2376,2023-12-08,170.81
TXN_22301,CUST_2376,2023-12-31,188.07
TXN_22302,CUST_2376,2023-09-27,206.5
TXN_22303,CUST_2376,2023-08-13,237.31
TXN_22304,CUST_2376,2023-08-12,21.03
TXN_22305,CUST_2376,2023-10-02,58.38
TXN_22306,CUST_2376,2023-10-13,201.83
TXN_22307,CUST_2376,2023-08-17,35.38
TXN_22308,CUST_2376,2023-09-07,224.2
TXN_22309,CUST_2376,2023-11-05,42.51
TXN_22310,CUST_2377,2023-07-02,241.37
TXN_22311,CUST_2377,2023-12-31,171.7
TXN_22312,CUST_2377,2023-06-15,76.85
TXN_22313,CUST_2377,2023-07-26,215.09
TXN_22314,CUST_2377,2023-06-21,39.53
TXN_22315,CUST_2377,2023-06-12,134.14
TXN_22316,CUST_2377,2023-11-03,24.95
TXN_22317,CUST_2377,2023-06-23,177.92
TXN_22318,CUST_2378,2023-06-23,245.04
TXN_22319,CUST_2378,2023-06-17,192.85
TXN_22320,CUST_2378,2023-06-11,39.91
TXN_22321,CUST_2378,2023-09-28,194.21
TXN_22322,CUST_2379,2023-03-22,172.2
TXN_22323,CUST_2379,2023-12-31,178.84
TXN_22324,CUST_2379,2023-08-16,114.35
TXN_22325,CUST_2379,2023-03-18,54.69
TXN_22326,CUST_2380,2023-12-08,86.16
TXN_22327,CUST_2380,2023-12-18,209.77
TXN_22328,CUST_2380,2023-12-07,185.91
TXN_22329,CUST_2380,2023-12-07,188.82
TXN_22330,CUST_2380,2023-12-31,76.69
TXN_22331,CUST_2380,2023-12-11,104.27
TXN_22332,CUST_2380,2023-12-09,220.42
TXN_22333,CUST_2380,2023-12-06,32.01
TXN_22334,CUST_2380,2023-12-17,145.43
TXN_22335,CUST_2380,2023-12-07,58.08
TXN_22336,CUST_2381,2023-02-14,183.94
TXN_22337,CUST_2382,2023-02-12,204.21
TXN_22338,CUST_2382,2023-02-23,234.89
TXN_22339,CUST_2382,2023-02-16,54.41
TXN_22340,CUST_2382,2023-04-03,26.87
TXN_22341,CUST_2382,2023-01-18,131.56
TXN_22342,CUST_2382,2023-02-11,17.2
TXN_22343,CUST_2382,2023-02-24,127.18
TXN_22344,CUST_2382,2023-03-13,46.84
TXN_22345,CUST_2382,2023-04-25,181.93
TXN_22346,CUST_2382,2023-05-25,107.53
TXN_22347,CUST_2382,2023-01-31,132.38
TXN_22348,CUST_2382,2023-09-29,125.15
TXN_22349,CUST_2382,2023-02-08,36.87
TXN_22350,CUST_2382,2023-12-17,189.61
TXN_22351,CUST_2383,2023-04-17,225.38
TXN_22352,CUST_2384,2023-08-02,182.67
TXN_22353,CUST_2385,2023-03-11,68.52
TXN_22354,CUST_2386,2023-12-14,113.96
TXN_22355,CUST_2386,2023-12-13,114.3
TXN_22356,CUST_2386,2023-12-13,221.1
TXN_22357,CUST_2386,2023-12-18,166.82
TXN_22358,CUST_2386,2023-12-15,68.07
TXN_22359,CUST_2387,2023-06-10,176.3
TXN_22360,CUST_2387,2023-06-01,118.36
TXN_22361,CUST_2387,2023-12-31,162.08
TXN_22362,CUST_2387,2023-12-29,184.77
TXN_22363,CUST_2387,2023-08-19,154.09
TXN_22364,CUST_2388,2023-09-01,74.38
TXN_22365,CUST_2389,2023-10-04,200.92
TXN_22366,CUST_2389,2023-10-31,211.14
TXN_22367,CUST_2389,2023-10-23,246.47
TXN_22368,CUST_2389,2023-12-31,78.87
TXN_22369,CUST_2389,2023-10-17,191.89
TXN_22370,CUST_2389,2023-11-16,229.01
TXN_22371,CUST_2389,2023-11-03,126.65
TXN_22372,CUST_2389,2023-10-17,113.51
TXN_22373,CUST_2389,2023-11-28,245.3
TXN_22374,CUST_2389,2023-10-04,151.36
TXN_22375,CUST_2389,2023-10-24,103.39
TXN_22376,CUST_2389,2023-11-28,150.3
TXN_22377,CUST_2389,2023-10-14,119.36
TXN_22378,CUST_2389,2023-10-16,116.07
TXN_22379,CUST_2390,2023-09-17,161.57
TXN_22380,CUST_2391,2023-11-05,45.87
TXN_22381,CUST_2391,2023-10-27,209.19
TXN_22382,CUST_2391,2023-12-04,151.2
TXN_22383,CUST_2391,2023-10-05,53.39
TXN_22384,CUST_2391,2023-10-06,141.89
TXN_22385,CUST_2392,2023-12-31,225.83
TXN_22386,CUST_2393,2023-10-31,200.49
TXN_22387,CUST_2394,2023-10-07,110.41
TXN_22388,CUST_2395,2023-11-23,248.52
TXN_22389,CUST_2396,2023-11-05,92.05
TXN_22390,CUST_2397,2023-06-18,239.95
TXN_22391,CUST_2397,2023-06-29,242.99
TXN_22392,CUST_2397,2023-08-04,168.22
TXN_22393,CUST_2397,2023-07-08,158.78
TXN_22394,CUST_2397,2023-09-04,17.44
TXN_22395,CUST_2397,2023-06-15,246.82
TXN_22396,CUST_2397,2023-07-23,234.92
TXN_22397,CUST_2397,2023-09-08,102.65
TXN_22398,CUST_2397,2023-06-23,244.87
TXN_22399,CUST_2398,2023-12-31,85.4
TXN_22400,CUST_2398,2023-09-25,133.92
TXN_22401,CUST_2398,2023-12-31,47.02
TXN_22402,CUST_2398,2023-12-31,118.63
TXN_22403,CUST_2398,2023-12-31,122.79
TXN_22404,CUST_2398,2023-06-11,204.12
TXN_22405,CUST_2398,2023-07-29,160.61
TXN_22406,CUST_2398,2023-05-23,201.22
TXN_22407,CUST_2398,2023-12-27,17.31
TXN_22408,CUST_2398,2023-06-23,218.51
TXN_22409,CUST_2398,2023-07-09,203.19
TXN_22410,CUST_2398,2023-10-24,191.47
TXN_22411,CUST_2398,2023-07-27,241.72
TXN_22412,CUST_2399,2023-09-30,187.51
TXN_22413,CUST_2399,2023-11-23,164.28
TXN_22414,CUST_2399,2023-10-02,32.52
TXN_22415,CUST_2399,2023-10-08,23.69
TXN_22416,CUST_2399,2023-11-23,180.22
TXN_22417,CUST_2399,2023-10-23,224.06
TXN_22418,CUST_2399,2023-09-30,182.9
TXN_22419,CUST_2399,2023-10-02,29.32
TXN_22420,CUST_2400,2023-12-31,118.5
TXN_22421,CUST_2401,2023-07-03,61.93
TXN_22422,CUST_2402,2023-12-15,51.39
TXN_22423,CUST_2403,2023-11-07,66.19
TXN_22424,CUST_2403,2023-11-23,94.46
TXN_22425,CUST_2403,2023-11-19,202.89
TXN_22426,CUST_2403,2023-12-04,179.03
TXN_22427,CUST_2403,2023-12-15,61.85
TXN_22428,CUST_2403,2023-11-09,202.85
TXN_22429,CUST_2403,2023-11-13,135.36
TXN_22430,CUST_2403,2023-11-30,108.04
TXN_22431,CUST_2403,2023-11-08,174.67
TXN_22432,CUST_2403,2023-12-07,18.01
TXN_22433,CUST_2403,2023-11-21,125.31
TXN_22434,CUST_2404,2023-09-02,59.19
TXN_22435,CUST_2405,2023-05-30,221.81
TXN_22436,CUST_2405,2023-02-08,137.71
TXN_22437,CUST_2405,2023-06-20,164.49
TXN_22438,CUST_2405,2023-04-02,19.02
TXN_22439,CUST_2405,2023-02-01,42.95
TXN_22440,CUST_2405,2023-03-13,42.65
TXN_22441,CUST_2406,2023-09-10,219.8
TXN_22442,CUST_2406,2023-06-26,135.16
TXN_22443,CUST_2406,2023-12-31,140.84
TXN_22444,CUST_2406,2023-12-31,48.4
TXN_22445,CUST_2406,2023-10-16,131.84
TXN_22446,CUST_2406,2023-05-22,243.47
TXN_22447,CUST_2406,2023-12-31,105.07
TXN_22448,CUST_2406,2023-12-31,48.14
TXN_22449,CUST_2406,2023-08-14,60.1
TXN_22450,CUST_2406,2023-06-11,198.14
TXN_22451,CUST_2406,2023-06-25,16.67
TXN_22452,CUST_2406,2023-06-29,68.6
TXN_22453,CUST_2407,2023-05-24,246.88
TXN_22454,CUST_2407,2023-05-20,218.64
TXN_22455,CUST_2407,2023-05-28,191.04
TXN_22456,CUST_2407,2023-07-25,147.02
TXN_22457,CUST_2407,2023-06-10,172.71
TXN_22458,CUST_2407,2023-06-09,143.8
TXN_22459,CUST_2407,2023-07-09,77.83
TXN_22460,CUST_2407,2023-05-31,19.24
TXN_22461,CUST_2407,2023-10-02,192.66
TXN_22462,CUST_2407,2023-05-13,100.08
TXN_22463,CUST_2407,2023-06-11,93.58
TXN_22464,CUST_2407,2023-09-06,185.47
TXN_22465,CUST_2407,2023-08-25,227.47
TXN_22466,CUST_2408,2023-03-27,86.61
TXN_22467,CUST_2408,2023-02-05,41.87
TXN_22468,CUST_2408,2023-03-06,208.13
TXN_22469,CUST_2408,2023-02-10,189.52
TXN_22470,CUST_2408,2023-03-04,222.61
TXN_22471,CUST_2408,2023-03-29,55.35
TXN_22472,CUST_2408,2023-12-31,56.51
TXN_22473,CUST_2408,2023-04-30,148.78
TXN_22474,CUST_2409,2023-12-31,213.31
TXN_22475,CUST_2410,2023-05-16,207.77
TXN_22476,CUST_2410,2023-12-31,61.53
TXN_22477,CUST_2410,2023-04-01,205.56
TXN_22478,CUST_2410,2023-05-10,230.21
TXN_22479,CUST_2410,2023-08-01,188.06
TXN_22480,CUST_2410,2023-03-19,23.43
TXN_22481,CUST_2410,2023-04-15,66.07
TXN_22482,CUST_2410,2023-07-10,120.92
TXN_22483,CUST_2411,2023-06-22,67.63
TXN_22484,CUST_2411,2023-09-08,110.33
TXN_22485,CUST_2411,2023-07-17,219.99
TXN_22486,CUST_2412,2023-04-06,75.64
TXN_22487,CUST_2412,2023-02-10,101.89
TXN_22488,CUST_2412,2023-02-02,171.52
TXN_22489,CUST_2412,2023-05-04,163.61
TXN_22490,CUST_2412,2023-02-10,72.93
TXN_22491,CUST_2412,2023-07-13,177.18
TXN_22492,CUST_2412,2023-09-13,109.82
TXN_22493,CUST_2412,2023-04-15,188.61
TXN_22494,CUST_2412,2023-12-31,247.56
TXN_22495,CUST_2413,2023-10-23,169.61
TXN_22496,CUST_2413,2023-10-19,142.77
TXN_22497,CUST_2414,2023-08-10,192.66
TXN_22498,CUST_2414,2023-08-01,100.81
TXN_22499,CUST_2414,2023-07-03,234.71
TXN_22500,CUST_2414,2023-08-19,133.6
TXN_22501,CUST_2414,2023-07-18,233.01
TXN_22502,CUST_2415,2023-04-15,91.57
TXN_22503,CUST_2416,2023-05-24,110.73
TXN_22504,CUST_2416,2023-05-13,138.61
TXN_22505,CUST_2416,2023-06-25,124.61
TXN_22506,CUST_2416,2023-10-25,89.65
TXN_22507,CUST_2416,2023-06-19,85.49
TXN_22508,CUST_2416,2023-08-07,39.0
TXN_22509,CUST_2416,2023-04-21,203.28
TXN_22510,CUST_2416,2023-04-20,162.05
TXN_22511,CUST_2416,2023-12-31,137.88
TXN_22512,CUST_2416,2023-04-20,90.36
TXN_22513,CUST_2416,2023-09-06,97.64
TXN_22514,CUST_2416,2023-07-27,197.68
TXN_22515,CUST_2417,2023-12-31,73.92
TXN_22516,CUST_2417,2023-05-26,92.54
TXN_22517,CUST_2417,2023-12-31,201.34
TXN_22518,CUST_2418,2023-04-16,201.96
TXN_22519,CUST_2418,2023-04-14,222.11
TXN_22520,CUST_2418,2023-06-28,88.95
TXN_22521,CUST_2418,2023-03-27,171.91
TXN_22522,CUST_2418,2023-10-08,57.0
TXN_22523,CUST_2418,2023-04-21,42.91
TXN_22524,CUST_2418,2023-03-08,176.21
TXN_22525,CUST_2418,2023-02-09,170.65
TXN_22526,CUST_2418,2023-10-15,242.8
TXN_22527,CUST_2418,2023-02-27,190.99
TXN_22528,CUST_2418,2023-11-17,36.47
TXN_22529,CUST_2418,2023-03-31,231.06
TXN_22530,CUST_2418,2023-02-25,234.43
TXN_22531,CUST_2418,2023-04-24,38.47
TXN_22532,CUST_2419,2023-12-03,142.25
TXN_22533,CUST_2419,2023-12-06,128.26
TXN_22534,CUST_2419,2023-11-30,203.54
TXN_22535,CUST_2419,2023-12-06,207.91
TXN_22536,CUST_2419,2023-12-17,89.53
TXN_22537,CUST_2419,2023-11-30,229.14
TXN_22538,CUST_2419,2023-12-14,40.2
TXN_22539,CUST_2419,2023-12-12,19.71
TXN_22540,CUST_2419,2023-11-30,138.57
TXN_22541,CUST_2419,2023-12-01,241.62
TXN_22542,CUST_2419,2023-12-23,167.71
TXN_22543,CUST_2419,2023-11-30,91.34
TXN_22544,CUST_2419,2023-12-04,128.01
TXN_22545,CUST_2419,2023-12-01,150.72
TXN_22546,CUST_2420,2023-02-10,175.91
TXN_22547,CUST_2420,2023-04-16,230.02
TXN_22548,CUST_2421,2023-06-04,171.53
TXN_22549,CUST_2421,2023-08-20,194.38
TXN_22550,CUST_2421,2023-06-17,165.47
TXN_22551,CUST_2421,2023-08-04,105.55
TXN_22552,CUST_2421,2023-08-13,35.37
TXN_22553,CUST_2421,2023-08-09,157.41
TXN_22554,CUST_2421,2023-06-12,207.28
TXN_22555,CUST_2422,2023-11-15,48.54
TXN_22556,CUST_2422,2023-11-20,38.28
TXN_22557,CUST_2422,2023-12-31,26.17
TXN_22558,CUST_2422,2023-11-20,53.24
TXN_22559,CUST_2422,2023-12-01,33.52
TXN_22560,CUST_2423,2023-06-24,138.22
TXN_22561,CUST_2423,2023-07-19,171.14
TXN_22562,CUST_2423,2023-06-13,222.74
TXN_22563,CUST_2424,2023-12-17,168.58
TXN_22564,CUST_2424,2023-12-31,236.69
TXN_22565,CUST_2424,2023-12-30,25.09
TXN_22566,CUST_2424,2023-12-17,29.28
TXN_22567,CUST_2424,2023-12-16,56.03
TXN_22568,CUST_2424,2023-12-20,198.48
TXN_22569,CUST_2425,2023-05-16,146.29
TXN_22570,CUST_2425,2023-05-06,43.98
TXN_22571,CUST_2425,2023-04-15,205.82
TXN_22572,CUST_2425,2023-03-24,119.3
TXN_22573,CUST_2425,2023-04-26,217.74
TXN_22574,CUST_2425,2023-06-06,38.55
TXN_22575,CUST_2425,2023-09-15,210.54
TXN_22576,CUST_2425,2023-07-12,124.52
TXN_22577,CUST_2425,2023-07-14,127.5
TXN_22578,CUST_2426,2023-09-21,114.86
TXN_22579,CUST_2426,2023-12-31,38.64
TXN_22580,CUST_2426,2023-11-28,237.32
TXN_22581,CUST_2426,2023-10-25,17.34
TXN_22582,CUST_2426,2023-11-13,222.33
TXN_22583,CUST_2426,2023-12-31,212.24
TXN_22584,CUST_2426,2023-10-02,176.83
TXN_22585,CUST_2426,2023-10-05,97.96
TXN_22586,CUST_2426,2023-10-17,195.91
TXN_22587,CUST_2426,2023-10-18,209.25
TXN_22588,CUST_2426,2023-09-18,102.82
TXN_22589,CUST_2426,2023-09-24,60.62
TXN_22590,CUST_2426,2023-10-02,237.75
TXN_22591,CUST_2427,2023-09-30,194.28
TXN_22592,CUST_2427,2023-05-19,72.71
TXN_22593,CUST_2427,2023-05-12,16.87
TXN_22594,CUST_2427,2023-05-29,202.84
TXN_22595,CUST_2427,2023-11-10,107.07
TXN_22596,CUST_2427,2023-07-13,180.92
TXN_22597,CUST_2427,2023-12-31,229.54
TXN_22598,CUST_2427,2023-05-14,73.32
TXN_22599,CUST_2427,2023-05-13,159.89
TXN_22600,CUST_2427,2023-08-15,87.45
TXN_22601,CUST_2427,2023-10-07,121.41
TXN_22602,CUST_2428,2023-03-12,85.92
TXN_22603,CUST_2428,2023-03-03,198.85
TXN_22604,CUST_2428,2023-03-06,191.01
TXN_22605,CUST_2428,2023-03-06,74.39
TXN_22606,CUST_2428,2023-09-04,238.51
TXN_22607,CUST_2428,2023-04-24,242.94
TXN_22608,CUST_2429,2023-07-01,114.34
TXN_22609,CUST_2429,2023-12-31,88.01
TXN_22610,CUST_2430,2023-10-17,30.74
TXN_22611,CUST_2430,2023-11-23,173.84
TXN_22612,CUST_2430,2023-10-27,225.61
TXN_22613,CUST_2430,2023-10-27,181.92
TXN_22614,CUST_2431,2023-03-31,174.95
TXN_22615,CUST_2431,2023-03-10,167.09
TXN_22616,CUST_2431,2023-02-09,117.16
TXN_22617,CUST_2431,2023-02-02,23.97
TXN_22618,CUST_2431,2023-04-21,218.14
TXN_22619,CUST_2431,2023-01-08,61.07
TXN_22620,CUST_2431,2023-03-19,171.49
TXN_22621,CUST_2431,2023-01-27,28.32
TXN_22622,CUST_2431,2023-04-02,207.4
TXN_22623,CUST_2431,2023-01-09,97.1
TXN_22624,CUST_2432,2023-09-23,91.02
TXN_22625,CUST_2432,2023-09-23,142.74
TXN_22626,CUST_2432,2023-10-08,206.28
TXN_22627,CUST_2432,2023-11-14,117.14
TXN_22628,CUST_2432,2023-10-01,114.27
TXN_22629,CUST_2432,2023-10-26,59.7
TXN_22630,CUST_2432,2023-11-10,92.68
TXN_22631,CUST_2432,2023-12-20,135.29
TXN_22632,CUST_2432,2023-11-23,159.73
TXN_22633,CUST_2433,2023-12-19,230.31
TXN_22634,CUST_2433,2023-12-27,180.45
TXN_22635,CUST_2433,2023-12-17,139.91
TXN_22636,CUST_2433,2023-12-12,44.05
TXN_22637,CUST_2433,2023-12-15,52.47
TXN_22638,CUST_2433,2023-12-16,166.74
TXN_22639,CUST_2433,2023-12-15,23.56
TXN_22640,CUST_2433,2023-12-11,41.64
TXN_22641,CUST_2433,2023-12-12,247.62
TXN_22642,CUST_2433,2023-12-13,83.61
TXN_22643,CUST_2433,2023-12-11,164.3
TXN_22644,CUST_2433,2023-12-18,56.23
TXN_22645,CUST_2433,2023-12-27,203.12
TXN_22646,CUST_2433,2023-12-12,129.17
TXN_22647,CUST_2434,2023-05-27,130.01
TXN_22648,CUST_2434,2023-05-10,173.8
TXN_22649,CUST_2434,2023-10-08,181.08
TXN_22650,CUST_2434,2023-09-20,166.18
TXN_22651,CUST_2434,2023-07-04,66.47
TXN_22652,CUST_2434,2023-06-04,89.66
TXN_22653,CUST_2434,2023-05-13,229.58
TXN_22654,CUST_2434,2023-11-06,40.33
TXN_22655,CUST_2435,2023-10-31,156.71
TXN_22656,CUST_2435,2023-09-28,170.12
TXN_22657,CUST_2435,2023-10-24,139.84
TXN_22658,CUST_2435,2023-10-10,239.41
TXN_22659,CUST_2435,2023-11-24,152.49
TXN_22660,CUST_2435,2023-09-24,116.55
TXN_22661,CUST_2435,2023-11-02,42.56
TXN_22662,CUST_2435,2023-10-11,60.06
TXN_22663,CUST_2435,2023-10-07,21.27
TXN_22664,CUST_2435,2023-09-28,121.87
TXN_22665,CUST_2435,2023-12-07,130.29
TXN_22666,CUST_2435,2023-10-13,200.08
TXN_22667,CUST_2436,2023-07-03,64.25
TXN_22668,CUST_2437,2023-09-20,193.31
TXN_22669,CUST_2437,2023-09-25,206.81
TXN_22670,CUST_2437,2023-09-12,93.06
TXN_22671,CUST_2437,2023-09-13,35.05
TXN_22672,CUST_2437,2023-10-20,105.55
TXN_22673,CUST_2437,2023-11-25,136.36
TXN_22674,CUST_2437,2023-09-23,184.41
TXN_22675,CUST_2437,2023-10-16,202.9
TXN_22676,CUST_2437,2023-10-18,54.25
TXN_22677,CUST_2437,2023-10-21,107.01
TXN_22678,CUST_2437,2023-10-03,231.57
TXN_22679,CUST_2437,2023-09-26,158.81
TXN_22680,CUST_2437,2023-09-26,37.26
TXN_22681,CUST_2438,2023-05-31,17.3
TXN_22682,CUST_2438,2023-07-03,70.21
TXN_22683,CUST_2438,2023-04-15,104.4
TXN_22684,CUST_2438,2023-09-05,38.99
TXN_22685,CUST_2438,2023-06-18,245.6
TXN_22686,CUST_2438,2023-02-27,241.99
TXN_22687,CUST_2439,2023-09-12,240.89
TXN_22688,CUST_2440,2023-05-05,193.94
TXN_22689,CUST_2440,2023-06-11,122.06
TXN_22690,CUST_2441,2023-08-24,35.56
TXN_22691,CUST_2441,2023-12-31,164.24
TXN_22692,CUST_2441,2023-10-24,209.98
TXN_22693,CUST_2441,2023-09-10,24.22
TXN_22694,CUST_2441,2023-07-20,92.11
TXN_22695,CUST_2442,2023-11-30,166.53
TXN_22696,CUST_2443,2023-07-15,110.06
TXN_22697,CUST_2444,2023-09-04,160.43
TXN_22698,CUST_2445,2023-09-23,63.78
TXN_22699,CUST_2445,2023-10-21,187.06
TXN_22700,CUST_2446,2023-04-17,15.27
TXN_22701,CUST_2446,2023-04-01,180.41
TXN_22702,CUST_2447,2023-10-03,84.88
TXN_22703,CUST_2447,2023-10-28,212.99
TXN_22704,CUST_2447,2023-12-04,55.86
TXN_22705,CUST_2447,2023-10-23,241.31
TXN_22706,CUST_2447,2023-10-18,97.48
TXN_22707,CUST_2447,2023-10-17,176.78
TXN_22708,CUST_2447,2023-09-28,39.44
TXN_22709,CUST_2447,2023-10-14,203.5
TXN_22710,CUST_2447,2023-12-31,67.42
TXN_22711,CUST_2447,2023-10-24,21.59
TXN_22712,CUST_2447,2023-12-31,17.95
TXN_22713,CUST_2447,2023-09-25,32.95
TXN_22714,CUST_2447,2023-10-15,94.78
TXN_22715,CUST_2448,2023-05-25,96.9
TXN_22716,CUST_2448,2023-04-15,63.13
TXN_22717,CUST_2448,2023-07-07,131.74
TXN_22718,CUST_2448,2023-04-13,142.83
TXN_22719,CUST_2449,2023-10-12,241.77
TXN_22720,CUST_2450,2023-10-31,190.2
TXN_22721,CUST_2451,2023-06-15,204.11
TXN_22722,CUST_2451,2023-07-28,72.29
TXN_22723,CUST_2451,2023-06-17,145.66
TXN_22724,CUST_2451,2023-06-04,57.11
TXN_22725,CUST_2451,2023-05-05,81.05
TXN_22726,CUST_2451,2023-04-13,230.48
TXN_22727,CUST_2452,2023-03-21,167.82
TXN_22728,CUST_2452,2023-05-08,168.3
TXN_22729,CUST_2452,2023-04-11,111.92
TXN_22730,CUST_2452,2023-02-22,161.56
TXN_22731,CUST_2452,2023-03-01,172.69
TXN_22732,CUST_2452,2023-12-31,75.26
TXN_22733,CUST_2453,2023-09-30,104.02
TXN_22734,CUST_2454,2023-06-09,138.21
TXN_22735,CUST_2455,2023-12-27,227.63
TXN_22736,CUST_2456,2023-12-08,45.83
TXN_22737,CUST_2457,2023-09-17,87.05
TXN_22738,CUST_2458,2023-11-10,227.64
TXN_22739,CUST_2459,2023-08-27,184.74
TXN_22740,CUST_2460,2023-09-05,59.5
TXN_22741,CUST_2461,2023-07-08,62.37
TXN_22742,CUST_2462,2023-03-13,138.68
TXN_22743,CUST_2463,2023-11-10,59.0
TXN_22744,CUST_2464,2023-09-28,54.25
TXN_22745,CUST_2464,2023-07-16,153.92
TXN_22746,CUST_2464,2023-09-26,50.02
TXN_22747,CUST_2464,2023-08-05,219.52
TXN_22748,CUST_2464,2023-12-24,121.71
TXN_22749,CUST_2464,2023-07-14,75.56
TXN_22750,CUST_2464,2023-07-25,71.16
TXN_22751,CUST_2465,2023-10-04,167.95
TXN_22752,CUST_2465,2023-05-29,245.36
TXN_22753,CUST_2465,2023-04-05,30.33
TXN_22754,CUST_2465,2023-05-15,114.64
TXN_22755,CUST_2465,2023-05-03,160.72
TXN_22756,CUST_2466,2023-09-22,179.42
TXN_22757,CUST_2466,2023-09-14,177.3
TXN_22758,CUST_2466,2023-10-05,176.92
TXN_22759,CUST_2466,2023-10-06,244.67
TXN_22760,CUST_2466,2023-09-27,245.9
TXN_22761,CUST_2467,2023-05-24,121.74
TXN_22762,CUST_2468,2023-10-24,172.0
TXN_22763,CUST_2468,2023-07-30,207.82
TXN_22764,CUST_2468,2023-08-13,172.36
TXN_22765,CUST_2468,2023-06-24,207.01
TXN_22766,CUST_2468,2023-08-16,213.43
TXN_22767,CUST_2468,2023-07-04,92.95
TXN_22768,CUST_2468,2023-06-05,195.62
TXN_22769,CUST_2468,2023-07-02,91.89
TXN_22770,CUST_2469,2023-06-12,112.95
TXN_22771,CUST_2469,2023-09-28,242.89
TXN_22772,CUST_2469,2023-04-14,150.87
TXN_22773,CUST_2469,2023-08-23,140.33
TXN_22774,CUST_2469,2023-05-19,168.98
TXN_22775,CUST_2469,2023-04-30,97.05
TXN_22776,CUST_2470,2023-01-30,176.8
TXN_22777,CUST_2470,2023-04-22,82.57
TXN_22778,CUST_2470,2023-02-26,210.75
TXN_22779,CUST_2470,2023-02-13,135.5
TXN_22780,CUST_2470,2023-05-27,45.53
TXN_22781,CUST_2470,2023-11-25,76.25
TXN_22782,CUST_2470,2023-02-27,171.54
TXN_22783,CUST_2470,2023-01-23,162.49
TXN_22784,CUST_2471,2023-09-09,211.15
TXN_22785,CUST_2471,2023-12-07,70.58
TXN_22786,CUST_2471,2023-08-31,66.9
TXN_22787,CUST_2471,2023-09-05,204.12
TXN_22788,CUST_2471,2023-10-03,199.7
TXN_22789,CUST_2471,2023-09-25,75.57
TXN_22790,CUST_2471,2023-08-28,17.12
TXN_22791,CUST_2471,2023-10-24,214.07
TXN_22792,CUST_2471,2023-10-22,32.48
TXN_22793,CUST_2471,2023-10-21,25.76
TXN_22794,CUST_2471,2023-08-22,118.51
TXN_22795,CUST_2471,2023-09-15,206.79
TXN_22796,CUST_2471,2023-10-07,51.03
TXN_22797,CUST_2472,2023-04-27,44.06
TXN_22798,CUST_2473,2023-08-21,71.73
TXN_22799,CUST_2474,2023-07-27,53.58
TXN_22800,CUST_2474,2023-12-31,143.28
TXN_22801,CUST_2474,2023-08-10,189.28
TXN_22802,CUST_2474,2023-07-13,151.3
TXN_22803,CUST_2474,2023-11-12,20.42
TXN_22804,CUST_2474,2023-09-07,144.58
TXN_22805,CUST_2474,2023-12-31,75.79
TXN_22806,CUST_2474,2023-10-28,87.61
TXN_22807,CUST_2474,2023-08-05,65.12
TXN_22808,CUST_2474,2023-10-30,60.92
TXN_22809,CUST_2474,2023-10-28,122.07
TXN_22810,CUST_2474,2023-10-19,77.15
TXN_22811,CUST_2475,2023-05-23,134.72
TXN_22812,CUST_2476,2023-09-28,37.36
TXN_22813,CUST_2477,2023-10-29,138.24
TXN_22814,CUST_2477,2023-09-17,110.43
TXN_22815,CUST_2477,2023-09-03,170.73
TXN_22816,CUST_2477,2023-09-21,182.8
TXN_22817,CUST_2477,2023-10-12,168.04
TXN_22818,CUST_2477,2023-11-04,163.32
TXN_22819,CUST_2477,2023-09-24,106.63
TXN_22820,CUST_2478,2023-10-25,193.86
TXN_22821,CUST_2479,2023-09-25,153.42
TXN_22822,CUST_2480,2023-10-13,104.0
TXN_22823,CUST_2480,2023-11-17,218.85
TXN_22824,CUST_2480,2023-06-02,86.74
TXN_22825,CUST_2480,2023-11-18,22.01
TXN_22826,CUST_2480,2023-09-10,228.01
TXN_22827,CUST_2480,2023-09-11,189.8
TXN_22828,CUST_2481,2023-06-04,58.22
TXN_22829,CUST_2481,2023-07-12,63.83
TXN_22830,CUST_2482,2023-11-22,109.77
TXN_22831,CUST_2482,2023-12-13,18.48
TXN_22832,CUST_2482,2023-11-26,228.24
TXN_22833,CUST_2482,2023-11-11,240.4
TXN_22834,CUST_2482,2023-12-31,233.5
TXN_22835,CUST_2482,2023-11-20,105.0
TXN_22836,CUST_2482,2023-11-30,89.89
TXN_22837,CUST_2482,2023-11-11,226.83
TXN_22838,CUST_2482,2023-11-27,63.68
TXN_22839,CUST_2482,2023-11-10,185.03
TXN_22840,CUST_2482,2023-12-12,110.33
TXN_22841,CUST_2483,2023-06-18,84.78
TXN_22842,CUST_2484,2023-04-06,128.23
TXN_22843,CUST_2485,2023-09-03,226.63
TXN_22844,CUST_2485,2023-11-02,168.01
TXN_22845,CUST_2485,2023-08-03,218.26
TXN_22846,CUST_2485,2023-11-28,103.14
TXN_22847,CUST_2485,2023-09-07,81.04
TXN_22848,CUST_2485,2023-08-01,127.67
TXN_22849,CUST_2485,2023-08-08,58.08
TXN_22850,CUST_2485,2023-09-03,218.75
TXN_22851,CUST_2485,2023-11-03,241.79
TXN_22852,CUST_2485,2023-09-03,144.72
TXN_22853,CUST_2485,2023-10-27,179.42
TXN_22854,CUST_2486,2023-09-19,233.35
TXN_22855,CUST_2487,2023-08-12,109.16
TXN_22856,CUST_2488,2023-07-08,138.26
TXN_22857,CUST_2488,2023-08-16,25.02
TXN_22858,CUST_2488,2023-12-31,204.56
TXN_22859,CUST_2488,2023-07-22,45.7
TXN_22860,CUST_2488,2023-07-26,225.15
TXN_22861,CUST_2488,2023-07-08,97.09
TXN_22862,CUST_2488,2023-08-10,22.73
TXN_22863,CUST_2488,2023-07-19,154.97
TXN_22864,CUST_2488,2023-07-24,219.57
TXN_22865,CUST_2488,2023-12-16,118.76
TXN_22866,CUST_2488,2023-08-15,163.24
TXN_22867,CUST_2488,2023-09-04,29.87
TXN_22868,CUST_2489,2023-12-22,66.67
TXN_22869,CUST_2490,2023-09-04,167.71
TXN_22870,CUST_2490,2023-11-14,122.98
TXN_22871,CUST_2490,2023-06-22,163.2
TXN_22872,CUST_2490,2023-09-01,137.55
TXN_22873,CUST_2490,2023-09-04,91.04
TXN_22874,CUST_2490,2023-07-02,171.17
TXN_22875,CUST_2490,2023-07-10,122.23
TXN_22876,CUST_2490,2023-08-04,127.14
TXN_22877,CUST_2490,2023-08-19,21.92
TXN_22878,CUST_2490,2023-12-31,183.33
TXN_22879,CUST_2490,2023-07-27,59.96
TXN_22880,CUST_2490,2023-06-27,172.96
TXN_22881,CUST_2490,2023-07-16,68.93
TXN_22882,CUST_2491,2023-08-09,172.85
TXN_22883,CUST_2492,2023-07-04,104.62
TXN_22884,CUST_2492,2023-07-10,212.36
TXN_22885,CUST_2492,2023-06-25,21.74
TXN_22886,CUST_2492,2023-12-31,245.45
TXN_22887,CUST_2492,2023-07-02,17.2
TXN_22888,CUST_2492,2023-08-21,167.39
TXN_22889,CUST_2492,2023-12-18,85.14
TXN_22890,CUST_2492,2023-06-27,159.85
TXN_22891,CUST_2492,2023-08-07,183.67
TXN_22892,CUST_2492,2023-11-04,146.54
TXN_22893,CUST_2492,2023-06-23,155.56
TXN_22894,CUST_2492,2023-07-14,121.39
TXN_22895,CUST_2492,2023-12-31,145.41
TXN_22896,CUST_2492,2023-06-23,119.14
TXN_22897,CUST_2493,2023-07-15,182.38
TXN_22898,CUST_2494,2023-09-15,123.96
TXN_22899,CUST_2494,2023-09-28,108.57
TXN_22900,CUST_2494,2023-07-19,123.42
TXN_22901,CUST_2494,2023-12-31,203.36
TXN_22902,CUST_2494,2023-07-23,106.96
TXN_22903,CUST_2494,2023-12-09,44.07
TXN_22904,CUST_2494,2023-07-26,76.62
TXN_22905,CUST_2494,2023-08-28,111.52
TXN_22906,CUST_2494,2023-07-14,162.86
TXN_22907,CUST_2494,2023-07-16,157.51
TXN_22908,CUST_2494,2023-08-20,131.01
TXN_22909,CUST_2494,2023-07-14,165.22
TXN_22910,CUST_2494,2023-08-11,111.61
TXN_22911,CUST_2495,2023-11-08,203.36
TXN_22912,CUST_2495,2023-12-29,69.61
TXN_22913,CUST_2495,2023-11-11,182.81
TXN_22914,CUST_2495,2023-12-06,249.8
TXN_22915,CUST_2495,2023-11-10,145.81
TXN_22916,CUST_2495,2023-11-06,92.75
TXN_22917,CUST_2495,2023-11-04,64.55
TXN_22918,CUST_2495,2023-11-17,53.48
TXN_22919,CUST_2495,2023-12-15,181.92
TXN_22920,CUST_2495,2023-11-04,221.02
TXN_22921,CUST_2495,2023-12-31,132.94
TXN_22922,CUST_2495,2023-11-11,76.91
TXN_22923,CUST_2496,2023-10-07,26.78
TXN_22924,CUST_2497,2023-12-05,161.71
TXN_22925,CUST_2497,2023-11-02,175.84
TXN_22926,CUST_2497,2023-07-15,158.25
TXN_22927,CUST_2497,2023-07-07,178.49
TXN_22928,CUST_2497,2023-08-02,50.66
TXN_22929,CUST_2498,2023-05-10,34.19
TXN_22930,CUST_2498,2023-05-28,117.38
TXN_22931,CUST_2498,2023-06-24,215.08
TXN_22932,CUST_2498,2023-04-28,115.65
TXN_22933,CUST_2498,2023-06-09,237.66
TXN_22934,CUST_2498,2023-05-19,43.77
TXN_22935,CUST_2498,2023-05-09,137.23
TXN_22936,CUST_2498,2023-06-06,192.22
TXN_22937,CUST_2498,2023-05-29,45.07
TXN_22938,CUST_2498,2023-06-06,222.51
TXN_22939,CUST_2498,2023-06-08,210.9
TXN_22940,CUST_2498,2023-06-04,81.13
TXN_22941,CUST_2498,2023-08-28,64.17
TXN_22942,CUST_2498,2023-05-18,26.71
TXN_22943,CUST_2499,2023-10-22,108.9
TXN_22944,CUST_2500,2023-08-11,124.57
TXN_22945,CUST_2500,2023-08-03,102.25
TXN_22946,CUST_2500,2023-07-19,61.53
TXN_22947,CUST_2500,2023-08-07,202.03
TXN_22948,CUST_2500,2023-07-26,96.46
TXN_22949,CUST_2501,2023-05-03,158.64
TXN_22950,CUST_2502,2023-03-28,47.18
TXN_22951,CUST_2502,2023-03-10,242.71
TXN_22952,CUST_2502,2023-06-17,25.0
TXN_22953,CUST_2502,2023-03-08,129.16
TXN_22954,CUST_2502,2023-03-17,203.86
TXN_22955,CUST_2502,2023-05-20,158.97
TXN_22956,CUST_2502,2023-04-26,75.17
TXN_22957,CUST_2503,2023-07-17,58.59
TXN_22958,CUST_2503,2023-10-10,192.37
TXN_22959,CUST_2503,2023-05-18,204.2
TXN_22960,CUST_2503,2023-10-15,179.08
TXN_22961,CUST_2503,2023-04-30,246.3
TXN_22962,CUST_2504,2023-10-19,40.97
TXN_22963,CUST_2505,2023-05-31,139.56
TXN_22964,CUST_2505,2023-07-16,91.0
TXN_22965,CUST_2505,2023-03-26,69.06
TXN_22966,CUST_2505,2023-04-17,93.88
TXN_22967,CUST_2505,2023-12-19,204.14
TXN_22968,CUST_2505,2023-12-07,249.67
TXN_22969,CUST_2506,2023-10-06,60.64
TXN_22970,CUST_2506,2023-08-24,72.01
TXN_22971,CUST_2506,2023-08-25,97.72
TXN_22972,CUST_2506,2023-12-20,43.27
TXN_22973,CUST_2506,2023-11-03,140.64
TXN_22974,CUST_2506,2023-10-03,54.97
TXN_22975,CUST_2506,2023-08-27,53.24
TXN_22976,CUST_2506,2023-10-07,190.73
TXN_22977,CUST_2507,2023-11-21,47.78
TXN_22978,CUST_2507,2023-08-21,86.43
TXN_22979,CUST_2507,2023-08-23,41.0
TXN_22980,CUST_2507,2023-10-06,65.25
TXN_22981,CUST_2507,2023-10-04,217.55
TXN_22982,CUST_2507,2023-10-02,43.05
TXN_22983,CUST_2507,2023-09-23,107.5
TXN_22984,CUST_2507,2023-09-03,89.85
TXN_22985,CUST_2507,2023-12-14,189.49
TXN_22986,CUST_2507,2023-08-21,126.86
TXN_22987,CUST_2507,2023-09-01,244.82
TXN_22988,CUST_2508,2023-09-09,155.86
TXN_22989,CUST_2508,2023-09-18,65.08
TXN_22990,CUST_2508,2023-10-07,93.52
TXN_22991,CUST_2508,2023-10-06,105.17
TXN_22992,CUST_2509,2023-10-13,33.13
TXN_22993,CUST_2509,2023-09-01,191.21
TXN_22994,CUST_2509,2023-10-07,150.72
TXN_22995,CUST_2509,2023-09-18,36.23
TXN_22996,CUST_2509,2023-08-18,140.66
TXN_22997,CUST_2509,2023-08-29,19.45
TXN_22998,CUST_2510,2023-03-13,50.66
TXN_22999,CUST_2510,2023-04-18,223.03
TXN_23000,CUST_2510,2023-03-05,148.63
TXN_23001,CUST_2510,2023-12-31,164.72
TXN_23002,CUST_2510,2023-04-14,183.35
TXN_23003,CUST_2510,2023-08-17,153.77
TXN_23004,CUST_2510,2023-09-20,135.93
TXN_23005,CUST_2510,2023-08-20,238.72
TXN_23006,CUST_2510,2023-04-26,157.18
TXN_23007,CUST_2511,2023-12-31,83.2
TXN_23008,CUST_2511,2023-12-31,132.33
TXN_23009,CUST_2511,2023-03-03,247.27
TXN_23010,CUST_2512,2023-04-14,207.27
TXN_23011,CUST_2512,2023-11-30,68.92
TXN_23012,CUST_2512,2023-05-15,204.02
TXN_23013,CUST_2512,2023-07-11,160.44
TXN_23014,CUST_2512,2023-02-13,185.11
TXN_23015,CUST_2512,2023-07-20,184.87
TXN_23016,CUST_2513,2023-10-03,66.99
TXN_23017,CUST_2513,2023-07-13,143.71
TXN_23018,CUST_2513,2023-08-15,178.43
TXN_23019,CUST_2513,2023-09-10,88.12
TXN_23020,CUST_2513,2023-05-13,204.22
TXN_23021,CUST_2513,2023-05-30,82.58
TXN_23022,CUST_2513,2023-05-27,30.59
TXN_23023,CUST_2514,2023-06-18,117.38
TXN_23024,CUST_2514,2023-04-20,222.36
TXN_23025,CUST_2514,2023-05-18,165.98
TXN_23026,CUST_2514,2023-07-05,152.35
TXN_23027,CUST_2514,2023-06-18,57.64
TXN_23028,CUST_2514,2023-05-13,138.18
TXN_23029,CUST_2514,2023-08-27,116.52
TXN_23030,CUST_2514,2023-05-04,35.67
TXN_23031,CUST_2514,2023-07-18,114.48
TXN_23032,CUST_2514,2023-04-26,173.5
TXN_23033,CUST_2514,2023-05-05,134.62
TXN_23034,CUST_2514,2023-05-16,233.95
TXN_23035,CUST_2515,2023-08-11,240.48
TXN_23036,CUST_2516,2023-05-17,89.43
TXN_23037,CUST_2517,2023-07-19,230.27
TXN_23038,CUST_2518,2023-10-27,158.38
TXN_23039,CUST_2518,2023-09-13,205.31
TXN_23040,CUST_2518,2023-05-19,168.62
TXN_23041,CUST_2518,2023-12-31,127.81
TXN_23042,CUST_2518,2023-08-20,148.18
TXN_23043,CUST_2518,2023-05-27,60.87
TXN_23044,CUST_2518,2023-06-22,128.5
TXN_23045,CUST_2518,2023-07-03,239.43
TXN_23046,CUST_2518,2023-05-17,104.42
TXN_23047,CUST_2518,2023-07-04,241.33
TXN_23048,CUST_2518,2023-07-03,197.19
TXN_23049,CUST_2518,2023-08-25,148.11
TXN_23050,CUST_2518,2023-05-20,66.41
TXN_23051,CUST_2519,2023-05-13,104.12
TXN_23052,CUST_2520,2023-09-05,145.04
TXN_23053,CUST_2520,2023-07-10,86.14
TXN_23054,CUST_2520,2023-07-18,95.7
TXN_23055,CUST_2520,2023-10-24,53.39
TXN_23056,CUST_2520,2023-04-08,132.21
TXN_23057,CUST_2520,2023-07-31,190.97
TXN_23058,CUST_2520,2023-03-25,48.9
TXN_23059,CUST_2520,2023-04-06,128.68
TXN_23060,CUST_2520,2023-05-18,115.85
TXN_23061,CUST_2520,2023-06-19,115.48
TXN_23062,CUST_2521,2023-06-01,158.67
TXN_23063,CUST_2521,2023-03-23,111.75
TXN_23064,CUST_2521,2023-04-06,55.54
TXN_23065,CUST_2521,2023-04-26,105.87
TXN_23066,CUST_2521,2023-03-09,120.72
TXN_23067,CUST_2521,2023-04-15,45.87
TXN_23068,CUST_2521,2023-03-03,167.16
TXN_23069,CUST_2521,2023-06-26,236.18
TXN_23070,CUST_2521,2023-02-26,42.7
TXN_23071,CUST_2521,2023-02-22,140.07
TXN_23072,CUST_2521,2023-05-31,109.83
TXN_23073,CUST_2521,2023-08-04,176.37
TXN_23074,CUST_2521,2023-12-31,47.41
TXN_23075,CUST_2522,2023-03-05,19.48
TXN_23076,CUST_2523,2023-04-11,224.05
TXN_23077,CUST_2523,2023-06-02,195.05
TXN_23078,CUST_2523,2023-04-14,239.47
TXN_23079,CUST_2523,2023-06-29,226.19
TXN_23080,CUST_2523,2023-07-15,141.15
TXN_23081,CUST_2523,2023-04-23,56.82
TXN_23082,CUST_2524,2023-04-11,54.59
TXN_23083,CUST_2524,2023-03-22,248.82
TXN_23084,CUST_2524,2023-02-22,78.32
TXN_23085,CUST_2524,2023-01-24,155.33
TXN_23086,CUST_2524,2023-01-21,195.01
TXN_23087,CUST_2524,2023-11-03,233.99
TXN_23088,CUST_2524,2023-01-23,146.19
TXN_23089,CUST_2524,2023-01-22,149.42
TXN_23090,CUST_2524,2023-07-28,141.38
TXN_23091,CUST_2524,2023-09-10,203.39
TXN_23092,CUST_2524,2023-02-17,163.07
TXN_23093,CUST_2524,2023-01-10,108.07
TXN_23094,CUST_2524,2023-02-11,235.22
TXN_23095,CUST_2525,2023-10-01,140.6
TXN_23096,CUST_2525,2023-09-08,153.97
TXN_23097,CUST_2525,2023-09-27,134.66
TXN_23098,CUST_2525,2023-09-17,212.03
TXN_23099,CUST_2525,2023-09-02,118.08
TXN_23100,CUST_2525,2023-09-11,214.38
TXN_23101,CUST_2525,2023-09-09,195.25
TXN_23102,CUST_2525,2023-10-07,220.58
TXN_23103,CUST_2525,2023-10-05,145.77
TXN_23104,CUST_2525,2023-11-04,147.18
TXN_23105,CUST_2526,2023-12-21,103.79
TXN_23106,CUST_2526,2023-11-21,140.35
TXN_23107,CUST_2526,2023-12-05,147.52
TXN_23108,CUST_2526,2023-11-14,44.14
TXN_23109,CUST_2526,2023-12-27,203.37
TXN_23110,CUST_2526,2023-11-10,208.06
TXN_23111,CUST_2526,2023-11-25,136.94
TXN_23112,CUST_2526,2023-11-10,198.5
TXN_23113,CUST_2526,2023-11-13,186.08
TXN_23114,CUST_2526,2023-11-10,202.14
TXN_23115,CUST_2527,2023-08-31,78.05
TXN_23116,CUST_2528,2023-10-23,81.67
TXN_23117,CUST_2529,2023-11-18,165.67
TXN_23118,CUST_2529,2023-12-24,231.65
TXN_23119,CUST_2529,2023-11-14,196.09
TXN_23120,CUST_2529,2023-11-06,177.54
TXN_23121,CUST_2529,2023-11-05,88.26
TXN_23122,CUST_2529,2023-10-22,150.06
TXN_23123,CUST_2529,2023-11-14,110.44
TXN_23124,CUST_2529,2023-10-15,122.96
TXN_23125,CUST_2530,2023-07-22,54.22
TXN_23126,CUST_2530,2023-10-20,225.07
TXN_23127,CUST_2530,2023-09-26,248.02
TXN_23128,CUST_2530,2023-07-27,143.23
TXN_23129,CUST_2530,2023-09-22,180.12
TXN_23130,CUST_2531,2023-09-21,25.1
TXN_23131,CUST_2531,2023-09-21,172.83
TXN_23132,CUST_2531,2023-09-13,205.34
TXN_23133,CUST_2531,2023-09-13,17.36
TXN_23134,CUST_2531,2023-10-01,185.72
TXN_23135,CUST_2531,2023-09-20,190.99
TXN_23136,CUST_2531,2023-09-26,55.35
TXN_23137,CUST_2531,2023-09-07,181.99
TXN_23138,CUST_2531,2023-09-23,229.5
TXN_23139,CUST_2531,2023-10-04,96.88
TXN_23140,CUST_2531,2023-09-20,45.89
TXN_23141,CUST_2531,2023-10-09,151.81
TXN_23142,CUST_2531,2023-11-06,62.28
TXN_23143,CUST_2531,2023-09-17,37.85
TXN_23144,CUST_2532,2023-10-30,241.55
TXN_23145,CUST_2533,2023-09-27,70.42
TXN_23146,CUST_2533,2023-10-08,93.94
TXN_23147,CUST_2533,2023-11-12,138.5
TXN_23148,CUST_2533,2023-10-19,146.74
TXN_23149,CUST_2533,2023-10-08,245.41
TXN_23150,CUST_2533,2023-09-22,65.72
TXN_23151,CUST_2533,2023-10-02,222.11
TXN_23152,CUST_2533,2023-12-14,213.83
TXN_23153,CUST_2533,2023-10-09,229.94
TXN_23154,CUST_2533,2023-09-24,168.32
TXN_23155,CUST_2533,2023-12-23,192.4
TXN_23156,CUST_2534,2023-10-04,84.27
TXN_23157,CUST_2535,2023-09-26,57.12
TXN_23158,CUST_2536,2023-06-04,160.85
TXN_23159,CUST_2537,2023-12-09,222.29
TXN_23160,CUST_2538,2023-12-16,239.08
TXN_23161,CUST_2539,2023-07-03,21.04
TXN_23162,CUST_2539,2023-07-11,230.21
TXN_23163,CUST_2539,2023-08-31,231.08
TXN_23164,CUST_2539,2023-07-29,235.11
TXN_23165,CUST_2539,2023-07-31,63.0
TXN_23166,CUST_2539,2023-07-02,248.55
TXN_23167,CUST_2539,2023-07-18,52.61
TXN_23168,CUST_2539,2023-06-22,82.11
TXN_23169,CUST_2539,2023-11-09,140.49
TXN_23170,CUST_2539,2023-08-25,231.76
TXN_23171,CUST_2539,2023-08-07,212.0
TXN_23172,CUST_2539,2023-07-17,244.62
TXN_23173,CUST_2539,2023-06-27,185.33
TXN_23174,CUST_2540,2023-03-13,31.83
TXN_23175,CUST_2540,2023-04-15,38.45
TXN_23176,CUST_2540,2023-08-16,27.66
TXN_23177,CUST_2540,2023-10-31,219.65
TXN_23178,CUST_2540,2023-04-02,31.81
TXN_23179,CUST_2540,2023-03-21,146.39
TXN_23180,CUST_2541,2023-06-08,144.89
TXN_23181,CUST_2541,2023-07-13,176.63
TXN_23182,CUST_2542,2023-05-02,49.3
TXN_23183,CUST_2542,2023-07-07,91.77
TXN_23184,CUST_2542,2023-04-29,79.82
TXN_23185,CUST_2542,2023-05-13,162.07
TXN_23186,CUST_2542,2023-04-27,187.21
TXN_23187,CUST_2542,2023-05-13,129.75
TXN_23188,CUST_2543,2023-05-24,110.55
TXN_23189,CUST_2543,2023-04-23,63.3
TXN_23190,CUST_2544,2023-12-02,25.03
TXN_23191,CUST_2544,2023-12-11,76.69
TXN_23192,CUST_2544,2023-12-31,64.45
TXN_23193,CUST_2544,2023-12-07,187.84
TXN_23194,CUST_2544,2023-12-20,51.77
TXN_23195,CUST_2545,2023-09-18,21.67
TXN_23196,CUST_2545,2023-07-23,184.71
TXN_23197,CUST_2545,2023-09-01,44.88
TXN_23198,CUST_2545,2023-09-09,205.42
TXN_23199,CUST_2545,2023-10-03,72.85
TXN_23200,CUST_2545,2023-08-04,242.44
TXN_23201,CUST_2546,2023-09-05,53.01
TXN_23202,CUST_2546,2023-04-17,57.58
TXN_23203,CUST_2546,2023-04-05,215.85
TXN_23204,CUST_2546,2023-06-16,75.85
TXN_23205,CUST_2546,2023-09-18,203.62
TXN_23206,CUST_2546,2023-04-06,166.37
TXN_23207,CUST_2546,2023-07-24,183.22
TXN_23208,CUST_2546,2023-07-25,54.82
TXN_23209,CUST_2546,2023-05-02,213.38
TXN_23210,CUST_2546,2023-10-25,80.61
TXN_23211,CUST_2546,2023-03-30,217.05
TXN_23212,CUST_2546,2023-05-10,92.42
TXN_23213,CUST_2546,2023-05-06,112.69
TXN_23214,CUST_2547,2023-05-12,33.55
TXN_23215,CUST_2548,2023-05-11,47.16
TXN_23216,CUST_2548,2023-12-31,19.11
TXN_23217,CUST_2548,2023-12-06,66.3
TXN_23218,CUST_2548,2023-07-19,85.86
TXN_23219,CUST_2548,2023-10-03,142.71
TXN_23220,CUST_2549,2023-06-23,90.27
TXN_23221,CUST_2550,2023-04-14,79.92
TXN_23222,CUST_2550,2023-11-30,161.98
TXN_23223,CUST_2550,2023-04-03,151.34
TXN_23224,CUST_2550,2023-06-26,51.32
TXN_23225,CUST_2550,2023-09-06,240.48
TXN_23226,CUST_2550,2023-04-24,175.33
TXN_23227,CUST_2550,2023-09-01,103.08
TXN_23228,CUST_2551,2023-08-11,242.61
TXN_23229,CUST_2551,2023-05-20,181.13
TXN_23230,CUST_2551,2023-05-19,15.04
TXN_23231,CUST_2551,2023-05-22,159.93
TXN_23232,CUST_2551,2023-08-08,118.01
TXN_23233,CUST_2551,2023-05-16,164.0
TXN_23234,CUST_2551,2023-05-19,48.31
TXN_23235,CUST_2551,2023-07-07,94.99
TXN_23236,CUST_2551,2023-06-30,164.24
TXN_23237,CUST_2551,2023-05-26,224.88
TXN_23238,CUST_2551,2023-07-15,20.19
TXN_23239,CUST_2552,2023-10-28,113.28
TXN_23240,CUST_2552,2023-07-24,54.13
TXN_23241,CUST_2552,2023-06-19,46.47
TXN_23242,CUST_2553,2023-12-01,21.75
TXN_23243,CUST_2553,2023-11-02,38.17
TXN_23244,CUST_2553,2023-10-13,47.98
TXN_23245,CUST_2553,2023-10-08,32.53
TXN_23246,CUST_2553,2023-10-15,114.56
TXN_23247,CUST_2553,2023-10-22,118.33
TXN_23248,CUST_2553,2023-10-25,217.05
TXN_23249,CUST_2553,2023-11-02,19.06
TXN_23250,CUST_2554,2023-09-08,238.03
TXN_23251,CUST_2555,2023-12-01,22.78
TXN_23252,CUST_2556,2023-10-22,95.82
TXN_23253,CUST_2557,2023-12-07,38.66
TXN_23254,CUST_2557,2023-07-01,20.26
TXN_23255,CUST_2557,2023-09-07,165.69
TXN_23256,CUST_2557,2023-08-17,126.0
TXN_23257,CUST_2557,2023-11-14,111.25
TXN_23258,CUST_2558,2023-10-02,140.5
TXN_23259,CUST_2558,2023-09-02,242.84
TXN_23260,CUST_2558,2023-10-26,179.18
TXN_23261,CUST_2558,2023-08-10,207.65
TXN_23262,CUST_2558,2023-10-09,248.13
TXN_23263,CUST_2558,2023-08-06,183.09
TXN_23264,CUST_2559,2023-02-09,110.91
TXN_23265,CUST_2559,2023-06-02,149.98
TXN_23266,CUST_2559,2023-05-16,148.28
TXN_23267,CUST_2560,2023-03-06,181.52
TXN_23268,CUST_2560,2023-02-24,227.64
TXN_23269,CUST_2560,2023-05-07,167.33
TXN_23270,CUST_2560,2023-03-22,57.82
TXN_23271,CUST_2560,2023-03-21,69.59
TXN_23272,CUST_2560,2023-09-17,200.02
TXN_23273,CUST_2560,2023-09-08,187.69
TXN_23274,CUST_2560,2023-06-07,139.05
TXN_23275,CUST_2560,2023-03-24,180.76
TXN_23276,CUST_2561,2023-10-12,60.89
TXN_23277,CUST_2562,2023-09-25,188.75
TXN_23278,CUST_2562,2023-09-29,130.97
TXN_23279,CUST_2562,2023-10-01,134.14
TXN_23280,CUST_2562,2023-10-02,248.64
TXN_23281,CUST_2562,2023-10-03,162.36
TXN_23282,CUST_2562,2023-12-03,164.91
TXN_23283,CUST_2562,2023-10-16,148.77
TXN_23284,CUST_2563,2023-12-21,70.03
TXN_23285,CUST_2563,2023-12-17,190.18
TXN_23286,CUST_2563,2023-12-16,231.97
TXN_23287,CUST_2563,2023-12-30,219.68
TXN_23288,CUST_2563,2023-12-17,18.95
TXN_23289,CUST_2563,2023-12-29,95.83
TXN_23290,CUST_2563,2023-12-17,76.49
TXN_23291,CUST_2563,2023-12-17,187.62
TXN_23292,CUST_2563,2023-12-27,199.72
TXN_23293,CUST_2563,2023-12-21,82.62
TXN_23294,CUST_2563,2023-12-19,70.69
TXN_23295,CUST_2564,2023-12-18,156.89
TXN_23296,CUST_2565,2023-12-31,248.93
TXN_23297,CUST_2566,2023-11-24,195.5
TXN_23298,CUST_2567,2023-12-31,244.9
TXN_23299,CUST_2567,2023-10-30,204.66
TXN_23300,CUST_2567,2023-06-04,51.76
TXN_23301,CUST_2567,2023-07-01,160.61
TXN_23302,CUST_2567,2023-10-08,69.51
TXN_23303,CUST_2567,2023-07-06,167.15
TXN_23304,CUST_2568,2023-04-05,223.45
TXN_23305,CUST_2568,2023-12-31,217.05
TXN_23306,CUST_2568,2023-04-28,134.8
TXN_23307,CUST_2568,2023-03-05,154.19
TXN_23308,CUST_2569,2023-04-21,148.99
TXN_23309,CUST_2569,2023-06-01,226.19
TXN_23310,CUST_2570,2023-08-10,223.18
TXN_23311,CUST_2571,2023-12-03,57.04
TXN_23312,CUST_2572,2023-09-05,146.37
TXN_23313,CUST_2572,2023-12-29,73.11
TXN_23314,CUST_2572,2023-10-21,173.95
TXN_23315,CUST_2572,2023-08-16,205.44
TXN_23316,CUST_2572,2023-08-15,188.65
TXN_23317,CUST_2572,2023-10-09,177.01
TXN_23318,CUST_2572,2023-08-26,149.74
TXN_23319,CUST_2572,2023-10-17,164.83
TXN_23320,CUST_2572,2023-10-27,176.65
TXN_23321,CUST_2572,2023-08-26,50.97
TXN_23322,CUST_2572,2023-09-27,193.54
TXN_23323,CUST_2572,2023-08-18,56.08
TXN_23324,CUST_2572,2023-08-11,139.96
TXN_23325,CUST_2573,2023-07-25,191.28
TXN_23326,CUST_2573,2023-11-12,117.91
TXN_23327,CUST_2573,2023-06-19,116.06
TXN_23328,CUST_2573,2023-06-14,168.67
TXN_23329,CUST_2573,2023-12-08,44.63
TXN_23330,CUST_2573,2023-07-17,225.95
TXN_23331,CUST_2573,2023-05-24,131.06
TXN_23332,CUST_2573,2023-10-15,226.61
TXN_23333,CUST_2573,2023-07-10,20.86
TXN_23334,CUST_2573,2023-05-24,152.88
TXN_23335,CUST_2573,2023-05-26,50.11
TXN_23336,CUST_2573,2023-09-05,191.41
TXN_23337,CUST_2573,2023-10-04,39.85
TXN_23338,CUST_2574,2023-11-17,184.46
TXN_23339,CUST_2575,2023-12-28,59.56
TXN_23340,CUST_2575,2023-12-26,179.07
TXN_23341,CUST_2575,2023-12-26,227.4
TXN_23342,CUST_2575,2023-12-28,156.53
TXN_23343,CUST_2575,2023-12-26,164.92
TXN_23344,CUST_2575,2023-12-27,83.42
TXN_23345,CUST_2575,2023-12-30,53.04
TXN_23346,CUST_2575,2023-12-28,203.01
TXN_23347,CUST_2575,2023-12-31,144.11
TXN_23348,CUST_2575,2023-12-27,231.27
TXN_23349,CUST_2575,2023-12-28,194.45
TXN_23350,CUST_2575,2023-12-28,130.9
TXN_23351,CUST_2575,2023-12-26,61.59
TXN_23352,CUST_2576,2023-12-06,144.64
TXN_23353,CUST_2576,2023-12-01,70.16
TXN_23354,CUST_2576,2023-12-10,228.63
TXN_23355,CUST_2576,2023-12-12,43.21
TXN_23356,CUST_2577,2023-02-22,34.59
TXN_23357,CUST_2577,2023-02-26,151.65
TXN_23358,CUST_2577,2023-10-14,145.53
TXN_23359,CUST_2577,2023-05-26,96.31
TXN_23360,CUST_2577,2023-02-19,20.08
TXN_23361,CUST_2577,2023-10-06,39.1
TXN_23362,CUST_2577,2023-12-31,53.64
TXN_23363,CUST_2577,2023-06-16,238.0
TXN_23364,CUST_2578,2023-11-20,97.45
TXN_23365,CUST_2579,2023-11-23,207.92
TXN_23366,CUST_2580,2023-04-19,249.76
TXN_23367,CUST_2581,2023-06-01,247.66
TXN_23368,CUST_2582,2023-07-17,209.51
TXN_23369,CUST_2583,2023-08-18,114.45
TXN_23370,CUST_2584,2023-07-06,164.47
TXN_23371,CUST_2584,2023-05-05,95.42
TXN_23372,CUST_2584,2023-08-01,187.88
TXN_23373,CUST_2584,2023-06-04,16.58
TXN_23374,CUST_2584,2023-04-29,141.46
TXN_23375,CUST_2584,2023-07-03,145.59
TXN_23376,CUST_2585,2023-07-19,159.62
TXN_23377,CUST_2585,2023-12-31,32.48
TXN_23378,CUST_2585,2023-08-17,187.26
TXN_23379,CUST_2585,2023-07-11,197.89
TXN_23380,CUST_2586,2023-12-31,204.24
TXN_23381,CUST_2586,2023-11-04,75.79
TXN_23382,CUST_2586,2023-09-12,68.11
TXN_23383,CUST_2586,2023-11-08,40.21
TXN_23384,CUST_2586,2023-09-24,147.19
TXN_23385,CUST_2586,2023-10-13,142.6
TXN_23386,CUST_2586,2023-12-31,17.89
TXN_23387,CUST_2586,2023-10-06,133.54
TXN_23388,CUST_2586,2023-09-24,138.39
TXN_23389,CUST_2586,2023-10-23,173.1
TXN_23390,CUST_2587,2023-11-15,233.72
TXN_23391,CUST_2588,2023-07-06,135.26
TXN_23392,CUST_2589,2023-07-29,63.61
TXN_23393,CUST_2590,2023-12-31,25.93
TXN_23394,CUST_2590,2023-05-30,119.15
TXN_23395,CUST_2590,2023-10-22,145.48
TXN_23396,CUST_2590,2023-08-26,114.54
TXN_23397,CUST_2590,2023-05-23,167.24
TXN_23398,CUST_2590,2023-08-03,31.79
TXN_23399,CUST_2590,2023-06-03,126.9
TXN_23400,CUST_2590,2023-07-03,191.82
TXN_23401,CUST_2590,2023-06-25,170.88
TXN_23402,CUST_2590,2023-08-19,166.58
TXN_23403,CUST_2591,2023-12-14,22.98
TXN_23404,CUST_2591,2023-12-20,216.01
TXN_23405,CUST_2591,2023-12-13,105.65
TXN_23406,CUST_2591,2023-12-14,39.99
TXN_23407,CUST_2591,2023-12-19,242.37
TXN_23408,CUST_2591,2023-12-19,246.43
TXN_23409,CUST_2591,2023-12-16,226.0
TXN_23410,CUST_2591,2023-12-14,42.71
TXN_23411,CUST_2591,2023-12-20,102.28
TXN_23412,CUST_2591,2023-12-15,172.75
TXN_23413,CUST_2592,2023-10-15,85.37
TXN_23414,CUST_2593,2023-10-08,148.38
TXN_23415,CUST_2593,2023-10-07,233.56
TXN_23416,CUST_2593,2023-11-06,101.76
TXN_23417,CUST_2593,2023-10-03,47.38
TXN_23418,CUST_2593,2023-11-10,121.46
TXN_23419,CUST_2593,2023-10-04,231.11
TXN_23420,CUST_2593,2023-10-11,142.72
TXN_23421,CUST_2593,2023-11-27,210.84
TXN_23422,CUST_2593,2023-10-28,223.83
TXN_23423,CUST_2593,2023-12-31,234.75
TXN_23424,CUST_2593,2023-10-09,108.34
TXN_23425,CUST_2593,2023-10-04,211.66
TXN_23426,CUST_2593,2023-09-30,98.44
TXN_23427,CUST_2593,2023-09-26,154.74
TXN_23428,CUST_2594,2023-09-05,85.39
TXN_23429,CUST_2594,2023-10-14,189.41
TXN_23430,CUST_2594,2023-09-12,30.82
TXN_23431,CUST_2594,2023-07-02,178.41
TXN_23432,CUST_2594,2023-12-24,196.83
TXN_23433,CUST_2594,2023-10-17,143.07
TXN_23434,CUST_2594,2023-07-22,174.27
TXN_23435,CUST_2594,2023-09-14,173.71
TXN_23436,CUST_2594,2023-12-26,101.29
TXN_23437,CUST_2594,2023-07-02,228.48
TXN_23438,CUST_2594,2023-07-10,178.87
TXN_23439,CUST_2594,2023-11-03,87.88
TXN_23440,CUST_2594,2023-10-16,93.03
TXN_23441,CUST_2595,2023-08-03,148.84
TXN_23442,CUST_2595,2023-09-03,107.59
TXN_23443,CUST_2595,2023-08-25,200.28
TXN_23444,CUST_2595,2023-07-02,237.25
TXN_23445,CUST_2595,2023-07-28,187.2
TXN_23446,CUST_2595,2023-09-06,147.83
TXN_23447,CUST_2595,2023-07-05,171.73
TXN_23448,CUST_2595,2023-06-15,245.64
TXN_23449,CUST_2595,2023-06-22,79.73
TXN_23450,CUST_2595,2023-12-31,58.84
TXN_23451,CUST_2596,2023-12-24,74.05
TXN_23452,CUST_2597,2023-10-21,223.77
TXN_23453,CUST_2598,2023-11-14,107.86
TXN_23454,CUST_2599,2023-08-21,243.47
TXN_23455,CUST_2600,2023-03-25,53.57
TXN_23456,CUST_2600,2023-03-10,185.81
TXN_23457,CUST_2600,2023-02-08,57.78
TXN_23458,CUST_2600,2023-03-07,207.38
TXN_23459,CUST_2600,2023-05-06,240.03
TXN_23460,CUST_2601,2023-02-01,186.05
TXN_23461,CUST_2601,2023-03-28,128.38
TXN_23462,CUST_2601,2023-04-27,200.3
TXN_23463,CUST_2601,2023-01-30,55.67
TXN_23464,CUST_2601,2023-01-25,235.15
TXN_23465,CUST_2601,2023-04-21,36.77
TXN_23466,CUST_2601,2023-02-08,185.51
TXN_23467,CUST_2601,2023-01-13,185.53
TXN_23468,CUST_2601,2023-10-23,28.25
TXN_23469,CUST_2601,2023-02-03,15.56
TXN_23470,CUST_2601,2023-01-23,159.99
TXN_23471,CUST_2601,2023-01-15,115.07
TXN_23472,CUST_2601,2023-04-02,228.06
TXN_23473,CUST_2601,2023-03-27,48.5
TXN_23474,CUST_2602,2023-11-01,41.35
TXN_23475,CUST_2603,2023-12-31,16.3
TXN_23476,CUST_2604,2023-10-22,38.82
TXN_23477,CUST_2605,2023-06-11,178.0
TXN_23478,CUST_2606,2023-12-02,58.84
TXN_23479,CUST_2606,2023-11-12,150.02
TXN_23480,CUST_2607,2023-12-08,246.77
TXN_23481,CUST_2607,2023-12-02,55.63
TXN_23482,CUST_2607,2023-12-20,83.34
TXN_23483,CUST_2607,2023-12-04,143.94
TXN_23484,CUST_2607,2023-12-04,82.6
TXN_23485,CUST_2607,2023-12-25,45.38
TXN_23486,CUST_2607,2023-12-05,15.7
TXN_23487,CUST_2607,2023-12-17,54.58
TXN_23488,CUST_2607,2023-12-15,49.92
TXN_23489,CUST_2608,2023-05-04,81.86
TXN_23490,CUST_2608,2023-06-11,36.67
TXN_23491,CUST_2608,2023-07-10,105.05
TXN_23492,CUST_2609,2023-08-03,186.38
TXN_23493,CUST_2610,2023-10-10,246.58
TXN_23494,CUST_2610,2023-11-11,120.76
TXN_23495,CUST_2610,2023-10-13,19.44
TXN_23496,CUST_2610,2023-11-06,239.88
TXN_23497,CUST_2611,2023-10-11,51.01
TXN_23498,CUST_2612,2023-07-16,50.09
TXN_23499,CUST_2612,2023-10-01,199.76
TXN_23500,CUST_2612,2023-07-06,194.71
TXN_23501,CUST_2612,2023-08-16,40.74
TXN_23502,CUST_2612,2023-08-04,233.82
TXN_23503,CUST_2612,2023-08-05,200.34
TXN_23504,CUST_2612,2023-06-22,186.1
TXN_23505,CUST_2612,2023-12-26,132.39
TXN_23506,CUST_2612,2023-07-17,166.96
TXN_23507,CUST_2613,2023-12-07,173.86
TXN_23508,CUST_2613,2023-10-29,167.78
TXN_23509,CUST_2613,2023-11-19,235.27
TXN_23510,CUST_2613,2023-11-15,142.81
TXN_23511,CUST_2613,2023-10-26,224.5
TXN_23512,CUST_2613,2023-11-24,33.14
TXN_23513,CUST_2613,2023-11-14,141.61
TXN_23514,CUST_2613,2023-10-17,147.77
TXN_23515,CUST_2613,2023-10-20,181.41
TXN_23516,CUST_2613,2023-10-23,50.33
TXN_23517,CUST_2613,2023-10-17,130.34
TXN_23518,CUST_2613,2023-10-20,215.96
TXN_23519,CUST_2614,2023-10-19,137.46
TXN_23520,CUST_2615,2023-04-29,227.45
TXN_23521,CUST_2615,2023-12-11,154.33
TXN_23522,CUST_2615,2023-05-10,207.33
TXN_23523,CUST_2615,2023-06-28,207.04
TXN_23524,CUST_2615,2023-09-11,35.38
TXN_23525,CUST_2615,2023-07-10,128.54
TXN_23526,CUST_2615,2023-12-24,84.71
TXN_23527,CUST_2615,2023-05-12,225.82
TXN_23528,CUST_2615,2023-05-06,176.33
TXN_23529,CUST_2615,2023-05-22,148.44
TXN_23530,CUST_2615,2023-07-12,113.08
TXN_23531,CUST_2615,2023-12-31,45.98
TXN_23532,CUST_2616,2023-06-16,163.3
TXN_23533,CUST_2617,2023-12-31,201.8
TXN_23534,CUST_2617,2023-02-01,41.41
TXN_23535,CUST_2617,2023-05-01,97.24
TXN_23536,CUST_2617,2023-08-05,225.49
TXN_23537,CUST_2617,2023-03-03,194.37
TXN_23538,CUST_2617,2023-04-27,107.11
TXN_23539,CUST_2617,2023-07-22,147.76
TXN_23540,CUST_2617,2023-05-23,29.63
TXN_23541,CUST_2617,2023-05-09,85.67
TXN_23542,CUST_2617,2023-04-17,67.17
TXN_23543,CUST_2617,2023-05-17,49.66
TXN_23544,CUST_2618,2023-08-19,207.1
TXN_23545,CUST_2619,2023-08-14,28.28
TXN_23546,CUST_2620,2023-05-16,149.5
TXN_23547,CUST_2620,2023-02-20,62.06
TXN_23548,CUST_2620,2023-03-11,129.73
TXN_23549,CUST_2620,2023-06-30,123.27
TXN_23550,CUST_2620,2023-02-22,118.25
TXN_23551,CUST_2620,2023-02-27,191.52
TXN_23552,CUST_2620,2023-02-27,128.4
TXN_23553,CUST_2621,2023-09-27,147.38
TXN_23554,CUST_2621,2023-09-26,153.13
TXN_23555,CUST_2621,2023-11-09,92.39
TXN_23556,CUST_2621,2023-10-16,233.26
TXN_23557,CUST_2622,2023-12-30,236.59
TXN_23558,CUST_2622,2023-10-12,132.64
TXN_23559,CUST_2622,2023-08-30,222.36
TXN_23560,CUST_2622,2023-08-24,102.03
TXN_23561,CUST_2622,2023-09-06,240.23
TXN_23562,CUST_2622,2023-08-26,224.19
TXN_23563,CUST_2623,2023-05-03,213.63
TXN_23564,CUST_2623,2023-03-15,229.98
TXN_23565,CUST_2623,2023-02-19,177.98
TXN_23566,CUST_2623,2023-06-20,79.38
TXN_23567,CUST_2623,2023-01-21,100.83
TXN_23568,CUST_2623,2023-01-23,226.68
TXN_23569,CUST_2623,2023-12-31,187.81
TXN_23570,CUST_2623,2023-06-17,71.61
TXN_23571,CUST_2624,2023-09-22,146.4
TXN_23572,CUST_2625,2023-09-27,95.87
TXN_23573,CUST_2625,2023-11-08,223.42
TXN_23574,CUST_2626,2023-06-29,21.03
TXN_23575,CUST_2627,2023-12-03,244.16
TXN_23576,CUST_2628,2023-12-27,144.17
TXN_23577,CUST_2628,2023-12-26,103.87
TXN_23578,CUST_2628,2023-12-26,106.28
TXN_23579,CUST_2628,2023-12-27,55.74
TXN_23580,CUST_2628,2023-12-26,105.59
TXN_23581,CUST_2628,2023-12-26,249.65
TXN_23582,CUST_2628,2023-12-26,166.09
TXN_23583,CUST_2628,2023-12-26,212.29
TXN_23584,CUST_2628,2023-12-30,109.35
TXN_23585,CUST_2628,2023-12-28,73.73
TXN_23586,CUST_2629,2023-09-11,95.29
TXN_23587,CUST_2630,2023-06-19,111.62
TXN_23588,CUST_2631,2023-07-15,76.06
TXN_23589,CUST_2631,2023-06-03,80.68
TXN_23590,CUST_2631,2023-07-15,41.49
TXN_23591,CUST_2631,2023-12-23,169.18
TXN_23592,CUST_2631,2023-06-10,205.84
TXN_23593,CUST_2631,2023-12-04,76.75
TXN_23594,CUST_2631,2023-06-11,90.78
TXN_23595,CUST_2631,2023-10-05,56.15
TXN_23596,CUST_2631,2023-09-15,183.32
TXN_23597,CUST_2631,2023-08-14,116.83
TXN_23598,CUST_2632,2023-08-27,98.98
TXN_23599,CUST_2633,2023-08-26,168.42
TXN_23600,CUST_2633,2023-08-17,83.58
TXN_23601,CUST_2633,2023-10-01,209.01
TXN_23602,CUST_2633,2023-08-30,202.73
TXN_23603,CUST_2633,2023-10-04,96.94
TXN_23604,CUST_2633,2023-11-18,134.67
TXN_23605,CUST_2633,2023-09-30,131.47
TXN_23606,CUST_2633,2023-09-09,214.27
TXN_23607,CUST_2633,2023-08-28,23.61
TXN_23608,CUST_2633,2023-11-19,208.88
TXN_23609,CUST_2633,2023-09-02,58.58
TXN_23610,CUST_2633,2023-10-03,33.51
TXN_23611,CUST_2633,2023-09-06,35.18
TXN_23612,CUST_2634,2023-08-24,49.79
TXN_23613,CUST_2634,2023-08-31,154.11
TXN_23614,CUST_2634,2023-07-29,32.75
TXN_23615,CUST_2634,2023-07-31,152.79
TXN_23616,CUST_2634,2023-08-02,79.68
TXN_23617,CUST_2634,2023-09-25,73.36
TXN_23618,CUST_2634,2023-08-18,233.28
TXN_23619,CUST_2634,2023-10-24,75.04
TXN_23620,CUST_2635,2023-12-08,35.54
TXN_23621,CUST_2635,2023-10-02,124.36
TXN_23622,CUST_2635,2023-10-04,161.9
TXN_23623,CUST_2635,2023-09-19,218.62
TXN_23624,CUST_2635,2023-10-12,227.49
TXN_23625,CUST_2635,2023-09-13,163.05
TXN_23626,CUST_2635,2023-10-02,133.7
TXN_23627,CUST_2635,2023-11-01,68.38
TXN_23628,CUST_2636,2023-07-17,137.52
TXN_23629,CUST_2637,2023-07-16,123.0
TXN_23630,CUST_2638,2023-09-06,191.84
TXN_23631,CUST_2638,2023-09-05,206.37
TXN_23632,CUST_2638,2023-11-05,122.42
TXN_23633,CUST_2638,2023-09-07,155.45
TXN_23634,CUST_2638,2023-11-03,30.17
TXN_23635,CUST_2638,2023-12-31,166.79
TXN_23636,CUST_2638,2023-09-14,133.91
TXN_23637,CUST_2638,2023-09-13,111.96
TXN_23638,CUST_2638,2023-10-01,29.16
TXN_23639,CUST_2638,2023-08-31,68.35
TXN_23640,CUST_2638,2023-09-14,102.2
TXN_23641,CUST_2639,2023-12-11,39.64
TXN_23642,CUST_2639,2023-12-13,172.25
TXN_23643,CUST_2639,2023-12-12,223.58
TXN_23644,CUST_2639,2023-12-13,92.84
TXN_23645,CUST_2639,2023-12-12,74.64
TXN_23646,CUST_2639,2023-12-11,84.27
TXN_23647,CUST_2639,2023-12-24,176.78
TXN_23648,CUST_2639,2023-12-24,39.64
TXN_23649,CUST_2639,2023-12-15,68.87
TXN_23650,CUST_2639,2023-12-19,243.01
TXN_23651,CUST_2639,2023-12-22,23.29
TXN_23652,CUST_2640,2023-01-25,24.44
TXN_23653,CUST_2641,2023-12-15,86.49
TXN_23654,CUST_2642,2023-10-30,233.15
TXN_23655,CUST_2642,2023-10-14,30.64
TXN_23656,CUST_2642,2023-12-13,172.24
TXN_23657,CUST_2642,2023-11-10,21.48
TXN_23658,CUST_2642,2023-12-25,196.38
TXN_23659,CUST_2642,2023-11-19,229.3
TXN_23660,CUST_2642,2023-11-04,107.75
TXN_23661,CUST_2642,2023-10-29,197.65
TXN_23662,CUST_2643,2023-10-03,207.44
TXN_23663,CUST_2643,2023-10-29,67.0
TXN_23664,CUST_2643,2023-10-16,249.34
TXN_23665,CUST_2643,2023-10-08,42.39
TXN_23666,CUST_2643,2023-09-26,58.39
TXN_23667,CUST_2643,2023-10-02,216.65
TXN_23668,CUST_2643,2023-10-01,217.72
TXN_23669,CUST_2644,2023-12-08,75.24
TXN_23670,CUST_2645,2023-08-22,174.06
TXN_23671,CUST_2645,2023-09-23,223.51
TXN_23672,CUST_2645,2023-03-28,47.3
TXN_23673,CUST_2645,2023-05-20,220.33
TXN_23674,CUST_2645,2023-02-06,146.11
TXN_23675,CUST_2646,2023-08-02,174.71
TXN_23676,CUST_2647,2023-10-13,152.59
TXN_23677,CUST_2647,2023-12-31,55.86
TXN_23678,CUST_2647,2023-10-18,226.13
TXN_23679,CUST_2647,2023-11-05,130.74
TXN_23680,CUST_2647,2023-11-01,84.44
TXN_23681,CUST_2647,2023-12-01,190.14
TXN_23682,CUST_2647,2023-11-07,233.96
TXN_23683,CUST_2647,2023-11-02,135.29
TXN_23684,CUST_2647,2023-12-31,63.41
TXN_23685,CUST_2647,2023-10-14,53.14
TXN_23686,CUST_2647,2023-12-31,168.28
TXN_23687,CUST_2648,2023-03-21,28.31
TXN_23688,CUST_2649,2023-11-05,190.63
TXN_23689,CUST_2650,2023-06-15,51.5
TXN_23690,CUST_2650,2023-05-28,111.11
TXN_23691,CUST_2650,2023-05-27,39.81
TXN_23692,CUST_2651,2023-12-31,245.15
TXN_23693,CUST_2652,2023-10-11,100.42
TXN_23694,CUST_2652,2023-10-30,93.39
TXN_23695,CUST_2652,2023-10-22,26.11
TXN_23696,CUST_2652,2023-11-02,169.4
TXN_23697,CUST_2652,2023-10-08,199.5
TXN_23698,CUST_2652,2023-11-04,130.09
TXN_23699,CUST_2652,2023-10-28,133.22
TXN_23700,CUST_2652,2023-10-06,187.76
TXN_23701,CUST_2652,2023-10-25,55.61
TXN_23702,CUST_2652,2023-11-07,178.34
TXN_23703,CUST_2652,2023-10-11,202.18
TXN_23704,CUST_2652,2023-10-22,57.44
TXN_23705,CUST_2652,2023-11-05,155.23
TXN_23706,CUST_2652,2023-10-10,220.0
TXN_23707,CUST_2653,2023-08-24,58.32
TXN_23708,CUST_2653,2023-07-11,230.26
TXN_23709,CUST_2653,2023-07-03,55.79
TXN_23710,CUST_2653,2023-08-01,36.67
TXN_23711,CUST_2653,2023-11-12,38.54
TXN_23712,CUST_2653,2023-08-20,94.85
TXN_23713,CUST_2653,2023-10-03,153.61
TXN_23714,CUST_2653,2023-07-21,246.21
TXN_23715,CUST_2653,2023-06-24,150.78
TXN_23716,CUST_2653,2023-12-31,177.37
TXN_23717,CUST_2653,2023-09-15,22.54
TXN_23718,CUST_2654,2023-07-10,248.06
TXN_23719,CUST_2655,2023-12-19,78.1
TXN_23720,CUST_2655,2023-12-19,49.58
TXN_23721,CUST_2655,2023-12-23,148.21
TXN_23722,CUST_2655,2023-12-21,59.53
TXN_23723,CUST_2655,2023-12-20,98.68
TXN_23724,CUST_2655,2023-12-25,247.46
TXN_23725,CUST_2655,2023-12-19,95.26
TXN_23726,CUST_2655,2023-12-20,25.36
TXN_23727,CUST_2655,2023-12-19,226.88
TXN_23728,CUST_2655,2023-12-26,54.39
TXN_23729,CUST_2655,2023-12-20,88.04
TXN_23730,CUST_2655,2023-12-19,161.22
TXN_23731,CUST_2656,2023-08-20,228.02
TXN_23732,CUST_2656,2023-07-07,157.03
TXN_23733,CUST_2656,2023-09-29,42.12
TXN_23734,CUST_2656,2023-07-10,101.04
TXN_23735,CUST_2657,2023-01-29,61.69
TXN_23736,CUST_2658,2023-09-02,176.71
TXN_23737,CUST_2659,2023-05-13,135.19
TXN_23738,CUST_2659,2023-09-24,69.22
TXN_23739,CUST_2659,2023-08-14,110.37
TXN_23740,CUST_2659,2023-11-06,162.3
TXN_23741,CUST_2659,2023-12-31,72.73
TXN_23742,CUST_2659,2023-11-26,98.91
TXN_23743,CUST_2659,2023-07-17,56.01
TXN_23744,CUST_2659,2023-08-23,244.89
TXN_23745,CUST_2659,2023-09-02,159.71
TXN_23746,CUST_2659,2023-06-15,96.13
TXN_23747,CUST_2659,2023-06-11,92.15
TXN_23748,CUST_2659,2023-09-22,224.88
TXN_23749,CUST_2660,2023-03-05,126.63
TXN_23750,CUST_2660,2023-06-09,225.41
TXN_23751,CUST_2660,2023-04-07,40.59
TXN_23752,CUST_2660,2023-03-13,144.34
TXN_23753,CUST_2660,2023-03-22,58.84
TXN_23754,CUST_2661,2023-06-04,248.29
TXN_23755,CUST_2662,2023-03-05,236.69
TXN_23756,CUST_2662,2023-12-05,212.26
TXN_23757,CUST_2662,2023-02-10,15.47
TXN_23758,CUST_2662,2023-07-25,213.18
TXN_23759,CUST_2662,2023-12-31,66.32
TXN_23760,CUST_2662,2023-06-26,136.98
TXN_23761,CUST_2662,2023-03-15,157.48
TXN_23762,CUST_2663,2023-10-29,129.35
TXN_23763,CUST_2663,2023-11-05,85.98
TXN_23764,CUST_2663,2023-10-29,239.26
TXN_23765,CUST_2663,2023-12-07,206.94
TXN_23766,CUST_2663,2023-10-27,59.48
TXN_23767,CUST_2663,2023-11-29,58.4
TXN_23768,CUST_2663,2023-11-07,67.03
TXN_23769,CUST_2663,2023-11-02,215.56
TXN_23770,CUST_2663,2023-12-12,249.22
TXN_23771,CUST_2663,2023-12-28,172.74
TXN_23772,CUST_2664,2023-06-22,15.24
TXN_23773,CUST_2664,2023-08-28,133.9
TXN_23774,CUST_2664,2023-06-14,100.19
TXN_23775,CUST_2664,2023-05-28,116.32
TXN_23776,CUST_2664,2023-04-19,34.63
TXN_23777,CUST_2664,2023-06-17,50.28
TXN_23778,CUST_2664,2023-08-25,79.5
TXN_23779,CUST_2664,2023-04-26,70.27
TXN_23780,CUST_2664,2023-05-25,23.3
TXN_23781,CUST_2665,2023-10-18,87.96
TXN_23782,CUST_2666,2023-05-09,233.55
TXN_23783,CUST_2666,2023-07-24,209.69
TXN_23784,CUST_2666,2023-07-08,139.68
TXN_23785,CUST_2666,2023-11-03,134.26
TXN_23786,CUST_2666,2023-06-27,157.92
TXN_23787,CUST_2666,2023-07-04,119.88
TXN_23788,CUST_2667,2023-09-08,81.28
TXN_23789,CUST_2668,2023-08-13,212.89
TXN_23790,CUST_2668,2023-05-31,18.13
TXN_23791,CUST_2668,2023-05-16,124.94
TXN_23792,CUST_2668,2023-07-30,104.78
TXN_23793,CUST_2668,2023-06-25,138.2
TXN_23794,CUST_2668,2023-05-06,161.42
TXN_23795,CUST_2668,2023-06-08,204.86
TXN_23796,CUST_2669,2023-07-06,180.09
TXN_23797,CUST_2669,2023-05-22,201.24
TXN_23798,CUST_2669,2023-06-04,133.22
TXN_23799,CUST_2669,2023-12-17,149.26
TXN_23800,CUST_2669,2023-06-27,16.6
TXN_23801,CUST_2669,2023-05-26,150.99
TXN_23802,CUST_2669,2023-07-06,100.5
TXN_23803,CUST_2669,2023-11-27,93.13
TXN_23804,CUST_2669,2023-07-13,148.65
TXN_23805,CUST_2669,2023-07-12,127.23
TXN_23806,CUST_2669,2023-06-16,228.56
TXN_23807,CUST_2669,2023-06-30,139.19
TXN_23808,CUST_2669,2023-08-05,30.9
TXN_23809,CUST_2669,2023-09-09,135.44
TXN_23810,CUST_2670,2023-12-28,79.52
TXN_23811,CUST_2670,2023-12-28,162.37
TXN_23812,CUST_2670,2023-12-28,200.39
TXN_23813,CUST_2670,2023-12-28,209.68
TXN_23814,CUST_2670,2023-12-28,181.71
TXN_23815,CUST_2670,2023-12-28,33.05
TXN_23816,CUST_2670,2023-12-29,194.11
TXN_23817,CUST_2671,2023-11-29,194.53
TXN_23818,CUST_2672,2023-06-13,118.42
TXN_23819,CUST_2673,2023-04-05,108.79
TXN_23820,CUST_2674,2023-06-18,67.09
TXN_23821,CUST_2675,2023-12-30,153.4
TXN_23822,CUST_2676,2023-12-31,43.09
TXN_23823,CUST_2676,2023-09-29,175.38
TXN_23824,CUST_2676,2023-09-27,22.08
TXN_23825,CUST_2676,2023-09-22,116.9
TXN_23826,CUST_2676,2023-10-07,243.49
TXN_23827,CUST_2676,2023-10-09,174.35
TXN_23828,CUST_2676,2023-10-11,78.43
TXN_23829,CUST_2676,2023-09-21,216.88
TXN_23830,CUST_2676,2023-09-23,37.77
TXN_23831,CUST_2676,2023-09-26,15.58
TXN_23832,CUST_2676,2023-09-20,164.27
TXN_23833,CUST_2677,2023-02-21,211.3
TXN_23834,CUST_2678,2023-08-07,106.36
TXN_23835,CUST_2678,2023-09-14,130.07
TXN_23836,CUST_2678,2023-10-10,77.6
TXN_23837,CUST_2678,2023-05-06,73.11
TXN_23838,CUST_2679,2023-09-13,191.3
TXN_23839,CUST_2679,2023-09-07,15.68
TXN_23840,CUST_2679,2023-09-25,238.88
TXN_23841,CUST_2680,2023-12-11,122.04
TXN_23842,CUST_2681,2023-12-28,101.21
TXN_23843,CUST_2681,2023-12-28,234.81
TXN_23844,CUST_2681,2023-12-29,220.69
TXN_23845,CUST_2681,2023-12-29,87.82
TXN_23846,CUST_2681,2023-12-29,60.9
TXN_23847,CUST_2682,2023-12-23,205.16
TXN_23848,CUST_2682,2023-12-20,47.07
TXN_23849,CUST_2682,2023-12-27,41.27
TXN_23850,CUST_2682,2023-12-20,80.11
TXN_23851,CUST_2682,2023-12-21,71.67
TXN_23852,CUST_2682,2023-12-24,243.74
TXN_23853,CUST_2682,2023-12-20,198.74
TXN_23854,CUST_2682,2023-12-20,42.94
TXN_23855,CUST_2682,2023-12-22,249.91
TXN_23856,CUST_2682,2023-12-30,41.31
TXN_23857,CUST_2682,2023-12-21,237.26
TXN_23858,CUST_2683,2023-06-19,15.26
TXN_23859,CUST_2684,2023-12-13,220.42
TXN_23860,CUST_2684,2023-12-09,106.83
TXN_23861,CUST_2684,2023-10-30,40.08
TXN_23862,CUST_2684,2023-11-04,66.69
TXN_23863,CUST_2684,2023-12-11,246.79
TXN_23864,CUST_2684,2023-12-03,186.51
TXN_23865,CUST_2684,2023-11-16,195.93
TXN_23866,CUST_2684,2023-12-29,156.32
TXN_23867,CUST_2684,2023-11-01,53.51
TXN_23868,CUST_2684,2023-11-16,93.37
TXN_23869,CUST_2684,2023-12-18,158.74
TXN_23870,CUST_2684,2023-11-21,16.37
TXN_23871,CUST_2684,2023-11-12,116.32
TXN_23872,CUST_2684,2023-11-23,104.92
TXN_23873,CUST_2685,2023-09-05,94.89
TXN_23874,CUST_2685,2023-10-12,179.61
TXN_23875,CUST_2686,2023-08-15,122.41
TXN_23876,CUST_2686,2023-08-12,161.49
TXN_23877,CUST_2686,2023-09-06,162.74
TXN_23878,CUST_2686,2023-10-01,160.57
TXN_23879,CUST_2686,2023-08-23,211.69
TXN_23880,CUST_2686,2023-09-15,130.12
TXN_23881,CUST_2686,2023-12-31,81.62
TXN_23882,CUST_2686,2023-09-12,175.35
TXN_23883,CUST_2686,2023-08-13,98.25
TXN_23884,CUST_2687,2023-04-16,20.09
TXN_23885,CUST_2687,2023-03-22,57.32
TXN_23886,CUST_2687,2023-08-19,248.36
TXN_23887,CUST_2687,2023-09-24,164.26
TXN_23888,CUST_2687,2023-07-12,137.86
TXN_23889,CUST_2687,2023-04-30,177.66
TXN_23890,CUST_2687,2023-12-31,21.79
TXN_23891,CUST_2687,2023-04-13,92.56
TXN_23892,CUST_2687,2023-04-29,162.32
TXN_23893,CUST_2687,2023-05-17,19.4
TXN_23894,CUST_2687,2023-04-28,160.57
TXN_23895,CUST_2687,2023-05-16,219.93
TXN_23896,CUST_2687,2023-04-26,17.95
TXN_23897,CUST_2687,2023-04-09,46.88
TXN_23898,CUST_2688,2023-05-29,174.01
TXN_23899,CUST_2689,2023-09-22,85.4
TXN_23900,CUST_2690,2023-04-13,234.63
TXN_23901,CUST_2691,2023-12-31,183.79
TXN_23902,CUST_2691,2023-10-20,193.41
TXN_23903,CUST_2691,2023-11-16,238.67
TXN_23904,CUST_2691,2023-09-16,112.88
TXN_23905,CUST_2692,2023-07-04,79.97
TXN_23906,CUST_2692,2023-04-28,233.31
TXN_23907,CUST_2692,2023-05-03,195.53
TXN_23908,CUST_2692,2023-07-03,154.26
TXN_23909,CUST_2692,2023-04-18,23.09
TXN_23910,CUST_2692,2023-05-31,247.22
TXN_23911,CUST_2692,2023-04-19,141.16
TXN_23912,CUST_2692,2023-07-10,128.66
TXN_23913,CUST_2692,2023-06-03,170.39
TXN_23914,CUST_2692,2023-09-01,93.32
TXN_23915,CUST_2692,2023-10-27,128.95
TXN_23916,CUST_2693,2023-12-31,227.6
TXN_23917,CUST_2693,2023-11-25,24.14
TXN_23918,CUST_2693,2023-11-26,36.07
TXN_23919,CUST_2693,2023-12-01,106.67
TXN_23920,CUST_2693,2023-12-10,236.49
TXN_23921,CUST_2693,2023-11-19,123.23
TXN_23922,CUST_2693,2023-11-25,61.33
TXN_23923,CUST_2693,2023-12-24,116.75
TXN_23924,CUST_2693,2023-11-13,194.24
TXN_23925,CUST_2693,2023-11-14,48.73
TXN_23926,CUST_2694,2023-05-21,169.28
TXN_23927,CUST_2694,2023-03-07,126.86
TXN_23928,CUST_2694,2023-04-09,243.74
TXN_23929,CUST_2694,2023-02-28,85.1
TXN_23930,CUST_2694,2023-12-14,246.12
TXN_23931,CUST_2694,2023-08-22,32.86
TXN_23932,CUST_2694,2023-05-19,109.03
TXN_23933,CUST_2694,2023-08-12,27.93
TXN_23934,CUST_2694,2023-03-17,129.96
TXN_23935,CUST_2694,2023-03-12,177.79
TXN_23936,CUST_2694,2023-08-20,180.56
TXN_23937,CUST_2694,2023-04-24,221.42
TXN_23938,CUST_2695,2023-02-16,130.04
TXN_23939,CUST_2696,2023-08-02,108.4
TXN_23940,CUST_2697,2023-12-31,199.06
TXN_23941,CUST_2697,2023-09-01,231.7
TXN_23942,CUST_2697,2023-05-21,56.35
TXN_23943,CUST_2697,2023-06-29,18.67
TXN_23944,CUST_2697,2023-01-28,21.95
TXN_23945,CUST_2697,2023-01-31,191.72
TXN_23946,CUST_2698,2023-11-20,172.14
TXN_23947,CUST_2698,2023-05-24,158.46
TXN_23948,CUST_2698,2023-06-12,164.31
TXN_23949,CUST_2698,2023-06-22,129.09
TXN_23950,CUST_2699,2023-02-22,148.08
TXN_23951,CUST_2699,2023-01-31,220.82
TXN_23952,CUST_2699,2023-02-05,153.04
TXN_23953,CUST_2699,2023-01-23,88.08
TXN_23954,CUST_2699,2023-02-07,244.79
TXN_23955,CUST_2699,2023-01-21,97.81
TXN_23956,CUST_2699,2023-03-02,169.48
TXN_23957,CUST_2699,2023-01-26,205.5
TXN_23958,CUST_2699,2023-04-02,121.4
TXN_23959,CUST_2699,2023-02-18,130.16
TXN_23960,CUST_2699,2023-03-13,72.61
TXN_23961,CUST_2699,2023-02-10,186.16
TXN_23962,CUST_2699,2023-02-06,54.48
TXN_23963,CUST_2700,2023-05-14,144.94
TXN_23964,CUST_2700,2023-04-16,95.74
TXN_23965,CUST_2700,2023-04-07,123.2
TXN_23966,CUST_2700,2023-12-31,100.24
TXN_23967,CUST_2701,2023-09-25,183.8
TXN_23968,CUST_2701,2023-09-07,45.59
TXN_23969,CUST_2702,2023-09-10,27.01
TXN_23970,CUST_2702,2023-10-04,142.21
TXN_23971,CUST_2702,2023-09-29,79.72
TXN_23972,CUST_2703,2023-08-16,183.86
TXN_23973,CUST_2704,2023-11-11,39.5
TXN_23974,CUST_2704,2023-11-13,189.38
TXN_23975,CUST_2704,2023-11-09,120.33
TXN_23976,CUST_2704,2023-12-08,77.96
TXN_23977,CUST_2705,2023-11-17,167.75
TXN_23978,CUST_2706,2023-10-09,28.23
TXN_23979,CUST_2706,2023-07-13,103.64
TXN_23980,CUST_2706,2023-05-01,226.09
TXN_23981,CUST_2706,2023-08-09,95.0
TXN_23982,CUST_2706,2023-05-10,187.96
TXN_23983,CUST_2706,2023-09-17,183.22
TXN_23984,CUST_2706,2023-07-09,68.56
TXN_23985,CUST_2707,2023-07-17,232.44
TXN_23986,CUST_2707,2023-07-12,163.33
TXN_23987,CUST_2708,2023-10-09,134.21
TXN_23988,CUST_2708,2023-07-27,215.82
TXN_23989,CUST_2708,2023-06-01,119.34
TXN_23990,CUST_2708,2023-07-26,230.06
TXN_23991,CUST_2708,2023-05-13,64.95
TXN_23992,CUST_2708,2023-06-01,91.75
TXN_23993,CUST_2708,2023-06-06,153.68
TXN_23994,CUST_2708,2023-10-27,164.69
TXN_23995,CUST_2709,2023-10-06,163.53
TXN_23996,CUST_2710,2023-06-15,200.64
TXN_23997,CUST_2711,2023-05-17,86.93
TXN_23998,CUST_2711,2023-03-22,119.75
TXN_23999,CUST_2711,2023-03-02,95.33
TXN_24000,CUST_2711,2023-01-20,84.81
TXN_24001,CUST_2711,2023-04-03,55.66
TXN_24002,CUST_2711,2023-07-27,141.34
TXN_24003,CUST_2711,2023-07-20,45.1
TXN_24004,CUST_2711,2023-08-05,240.19
TXN_24005,CUST_2711,2023-03-10,81.73
TXN_24006,CUST_2712,2023-02-07,168.77
TXN_24007,CUST_2712,2023-04-09,193.21
TXN_24008,CUST_2712,2023-03-28,44.99
TXN_24009,CUST_2712,2023-09-14,34.48
TXN_24010,CUST_2712,2023-02-16,80.09
TXN_24011,CUST_2712,2023-12-31,112.96
TXN_24012,CUST_2712,2023-04-13,195.88
TXN_24013,CUST_2713,2023-09-14,243.46
TXN_24014,CUST_2713,2023-10-27,109.32
TXN_24015,CUST_2713,2023-09-06,233.43
TXN_24016,CUST_2713,2023-10-07,161.04
TXN_24017,CUST_2714,2023-06-18,169.31
TXN_24018,CUST_2714,2023-06-07,239.73
TXN_24019,CUST_2714,2023-08-15,240.45
TXN_24020,CUST_2715,2023-12-29,158.85
TXN_24021,CUST_2716,2023-09-18,148.71
TXN_24022,CUST_2716,2023-09-09,74.51
TXN_24023,CUST_2716,2023-12-01,34.99
TXN_24024,CUST_2716,2023-08-25,90.32
TXN_24025,CUST_2716,2023-12-09,147.59
TXN_24026,CUST_2716,2023-09-08,109.63
TXN_24027,CUST_2716,2023-11-07,21.29
TXN_24028,CUST_2717,2023-11-06,125.26
TXN_24029,CUST_2718,2023-12-31,177.97
TXN_24030,CUST_2718,2023-12-26,90.78
TXN_24031,CUST_2718,2023-12-26,36.01
TXN_24032,CUST_2718,2023-12-31,192.45
TXN_24033,CUST_2718,2023-12-26,153.13
TXN_24034,CUST_2719,2023-08-24,154.44
TXN_24035,CUST_2719,2023-11-07,210.92
TXN_24036,CUST_2719,2023-08-20,167.2
TXN_24037,CUST_2719,2023-08-09,163.76
TXN_24038,CUST_2719,2023-11-30,161.77
TXN_24039,CUST_2719,2023-08-09,166.34
TXN_24040,CUST_2719,2023-11-24,47.21
TXN_24041,CUST_2719,2023-08-25,90.45
TXN_24042,CUST_2719,2023-08-05,108.11
TXN_24043,CUST_2719,2023-08-17,64.45
TXN_24044,CUST_2719,2023-08-18,163.93
TXN_24045,CUST_2720,2023-12-31,84.55
TXN_24046,CUST_2721,2023-09-24,104.44
TXN_24047,CUST_2721,2023-09-22,197.12
TXN_24048,CUST_2721,2023-10-11,233.27
TXN_24049,CUST_2721,2023-09-25,176.77
TXN_24050,CUST_2721,2023-12-31,171.36
TXN_24051,CUST_2721,2023-09-19,153.28
TXN_24052,CUST_2721,2023-09-23,22.17
TXN_24053,CUST_2721,2023-10-01,77.53
TXN_24054,CUST_2721,2023-11-10,102.81
TXN_24055,CUST_2721,2023-11-02,18.82
TXN_24056,CUST_2721,2023-09-17,21.89
TXN_24057,CUST_2721,2023-09-25,102.89
TXN_24058,CUST_2721,2023-10-19,246.69
TXN_24059,CUST_2722,2023-07-10,60.8
TXN_24060,CUST_2723,2023-08-05,44.18
TXN_24061,CUST_2723,2023-03-12,41.38
TXN_24062,CUST_2723,2023-09-13,64.34
TXN_24063,CUST_2723,2023-06-11,136.3
TXN_24064,CUST_2723,2023-05-17,60.93
TXN_24065,CUST_2723,2023-06-09,25.13
TXN_24066,CUST_2723,2023-12-31,21.29
TXN_24067,CUST_2723,2023-03-03,91.29
TXN_24068,CUST_2723,2023-08-27,75.44
TXN_24069,CUST_2723,2023-05-02,19.22
TXN_24070,CUST_2723,2023-03-06,157.87
TXN_24071,CUST_2723,2023-03-20,178.15
TXN_24072,CUST_2723,2023-08-02,214.83
TXN_24073,CUST_2724,2023-03-30,237.56
TXN_24074,CUST_2725,2023-10-21,231.76
TXN_24075,CUST_2725,2023-10-17,211.79
TXN_24076,CUST_2725,2023-10-21,40.1
TXN_24077,CUST_2725,2023-10-04,25.97
TXN_24078,CUST_2725,2023-10-06,225.0
TXN_24079,CUST_2725,2023-11-01,188.63
TXN_24080,CUST_2725,2023-10-29,105.84
TXN_24081,CUST_2725,2023-10-07,232.52
TXN_24082,CUST_2725,2023-10-22,128.06
TXN_24083,CUST_2725,2023-12-31,105.22
TXN_24084,CUST_2726,2023-06-29,16.76
TXN_24085,CUST_2726,2023-05-01,90.78
TXN_24086,CUST_2727,2023-05-18,160.54
TXN_24087,CUST_2727,2023-08-05,236.59
TXN_24088,CUST_2727,2023-11-08,235.93
TXN_24089,CUST_2727,2023-03-15,182.27
TXN_24090,CUST_2727,2023-04-06,59.07
TXN_24091,CUST_2727,2023-08-16,113.03
TXN_24092,CUST_2728,2023-03-22,104.05
TXN_24093,CUST_2728,2023-07-13,205.5
TXN_24094,CUST_2728,2023-06-03,34.65
TXN_24095,CUST_2728,2023-02-23,25.99
TXN_24096,CUST_2728,2023-02-23,167.26
TXN_24097,CUST_2728,2023-04-01,180.19
TXN_24098,CUST_2728,2023-04-10,145.62
TXN_24099,CUST_2728,2023-03-31,100.62
TXN_24100,CUST_2728,2023-03-16,41.42
TXN_24101,CUST_2728,2023-08-08,223.96
TXN_24102,CUST_2729,2023-09-11,228.75
TXN_24103,CUST_2729,2023-10-04,104.73
TXN_24104,CUST_2729,2023-08-22,31.7
TXN_24105,CUST_2730,2023-12-31,110.59
TXN_24106,CUST_2731,2023-04-08,186.9
TXN_24107,CUST_2731,2023-02-23,187.26
TXN_24108,CUST_2731,2023-01-08,50.93
TXN_24109,CUST_2731,2023-05-05,120.5
TXN_24110,CUST_2731,2023-08-03,95.36
TXN_24111,CUST_2731,2023-06-27,47.69
TXN_24112,CUST_2731,2023-11-20,113.33
TXN_24113,CUST_2731,2023-02-03,200.45
TXN_24114,CUST_2731,2023-12-25,230.75
TXN_24115,CUST_2732,2023-09-28,143.51
TXN_24116,CUST_2733,2023-09-30,152.76
TXN_24117,CUST_2733,2023-09-04,84.54
TXN_24118,CUST_2733,2023-09-05,130.12
TXN_24119,CUST_2733,2023-12-31,194.44
TXN_24120,CUST_2733,2023-11-11,133.83
TXN_24121,CUST_2733,2023-09-19,63.02
TXN_24122,CUST_2734,2023-12-07,144.54
TXN_24123,CUST_2734,2023-12-24,89.45
TXN_24124,CUST_2734,2023-12-17,248.11
TXN_24125,CUST_2734,2023-12-12,246.17
TXN_24126,CUST_2734,2023-12-09,50.97
TXN_24127,CUST_2734,2023-12-03,186.87
TXN_24128,CUST_2734,2023-12-02,170.54
TXN_24129,CUST_2735,2023-12-31,53.33
TXN_24130,CUST_2736,2023-12-31,46.67
TXN_24131,CUST_2736,2023-10-08,180.42
TXN_24132,CUST_2736,2023-03-03,128.67
TXN_24133,CUST_2736,2023-05-10,234.05
TXN_24134,CUST_2736,2023-04-21,119.99
TXN_24135,CUST_2736,2023-03-08,165.21
TXN_24136,CUST_2737,2023-09-13,249.28
TXN_24137,CUST_2738,2023-02-10,179.38
TXN_24138,CUST_2739,2023-08-03,79.63
TXN_24139,CUST_2739,2023-09-06,15.1
TXN_24140,CUST_2739,2023-07-02,174.62
TXN_24141,CUST_2739,2023-08-03,198.03
TXN_24142,CUST_2739,2023-06-22,139.78
TXN_24143,CUST_2739,2023-06-25,165.22
TXN_24144,CUST_2740,2023-06-18,92.13
TXN_24145,CUST_2741,2023-06-09,185.69
TXN_24146,CUST_2741,2023-07-31,154.0
TXN_24147,CUST_2741,2023-05-18,76.28
TXN_24148,CUST_2741,2023-11-04,101.9
TXN_24149,CUST_2741,2023-08-21,22.44
TXN_24150,CUST_2741,2023-04-16,96.21
TXN_24151,CUST_2741,2023-07-06,90.04
TXN_24152,CUST_2741,2023-03-26,55.86
TXN_24153,CUST_2741,2023-04-20,56.37
TXN_24154,CUST_2741,2023-04-13,195.7
TXN_24155,CUST_2741,2023-05-12,110.22
TXN_24156,CUST_2741,2023-12-31,119.97
TXN_24157,CUST_2741,2023-11-25,85.28
TXN_24158,CUST_2741,2023-05-10,108.13
TXN_24159,CUST_2742,2023-12-31,169.63
TXN_24160,CUST_2742,2023-06-12,139.49
TXN_24161,CUST_2742,2023-09-11,80.29
TXN_24162,CUST_2742,2023-06-11,129.95
TXN_24163,CUST_2742,2023-10-09,74.11
TXN_24164,CUST_2742,2023-09-02,110.83
TXN_24165,CUST_2742,2023-06-12,86.43
TXN_24166,CUST_2742,2023-07-03,227.6
TXN_24167,CUST_2742,2023-12-31,64.3
TXN_24168,CUST_2743,2023-08-20,45.46
TXN_24169,CUST_2743,2023-08-12,239.34
TXN_24170,CUST_2743,2023-07-27,129.89
TXN_24171,CUST_2743,2023-08-04,163.01
TXN_24172,CUST_2743,2023-07-19,76.09
TXN_24173,CUST_2743,2023-10-30,205.66
TXN_24174,CUST_2744,2023-04-27,139.65
TXN_24175,CUST_2744,2023-04-30,232.48
TXN_24176,CUST_2744,2023-03-05,168.91
TXN_24177,CUST_2744,2023-04-08,146.48
TXN_24178,CUST_2744,2023-06-17,118.59
TXN_24179,CUST_2744,2023-03-17,136.97
TXN_24180,CUST_2744,2023-11-30,140.93
TXN_24181,CUST_2744,2023-03-14,208.68
TXN_24182,CUST_2744,2023-03-26,102.0
TXN_24183,CUST_2744,2023-04-26,94.83
TXN_24184,CUST_2745,2023-11-14,211.86
TXN_24185,CUST_2745,2023-11-07,52.07
TXN_24186,CUST_2745,2023-11-07,38.72
TXN_24187,CUST_2745,2023-12-23,220.07
TXN_24188,CUST_2745,2023-11-08,73.04
TXN_24189,CUST_2745,2023-12-18,15.42
TXN_24190,CUST_2745,2023-11-19,230.26
TXN_24191,CUST_2745,2023-11-15,15.7
TXN_24192,CUST_2745,2023-11-05,231.77
TXN_24193,CUST_2746,2023-11-22,200.59
TXN_24194,CUST_2747,2023-09-14,239.31
TXN_24195,CUST_2747,2023-09-26,36.6
TXN_24196,CUST_2747,2023-10-08,103.47
TXN_24197,CUST_2747,2023-12-07,82.28
TXN_24198,CUST_2747,2023-08-31,190.45
TXN_24199,CUST_2747,2023-08-14,57.72
TXN_24200,CUST_2747,2023-07-30,129.67
TXN_24201,CUST_2748,2023-07-05,159.86
TXN_24202,CUST_2748,2023-06-05,84.4
TXN_24203,CUST_2748,2023-07-08,140.36
TXN_24204,CUST_2748,2023-07-18,183.76
TXN_24205,CUST_2748,2023-07-16,227.47
TXN_24206,CUST_2748,2023-07-04,138.46
TXN_24207,CUST_2748,2023-06-01,87.96
TXN_24208,CUST_2748,2023-10-22,93.39
TXN_24209,CUST_2748,2023-06-21,142.73
TXN_24210,CUST_2748,2023-06-06,139.93
TXN_24211,CUST_2749,2023-05-30,200.97
TXN_24212,CUST_2750,2023-04-15,114.92
TXN_24213,CUST_2750,2023-09-07,217.0
TXN_24214,CUST_2750,2023-12-11,82.74
TXN_24215,CUST_2750,2023-07-04,31.07
TXN_24216,CUST_2750,2023-07-19,147.35
TXN_24217,CUST_2750,2023-04-13,168.84
TXN_24218,CUST_2750,2023-03-30,93.44
TXN_24219,CUST_2750,2023-05-05,197.63
TXN_24220,CUST_2750,2023-04-21,26.52
TXN_24221,CUST_2750,2023-04-05,157.9
TXN_24222,CUST_2750,2023-03-18,201.17
TXN_24223,CUST_2750,2023-10-25,131.42
TXN_24224,CUST_2750,2023-07-13,123.73
TXN_24225,CUST_2751,2023-02-19,136.77
TXN_24226,CUST_2752,2023-11-14,141.73
TXN_24227,CUST_2752,2023-11-14,23.12
TXN_24228,CUST_2752,2023-11-18,82.6
TXN_24229,CUST_2752,2023-11-15,239.0
TXN_24230,CUST_2752,2023-11-14,45.42
TXN_24231,CUST_2752,2023-11-12,204.49
TXN_24232,CUST_2752,2023-12-01,45.43
TXN_24233,CUST_2752,2023-11-14,190.63
TXN_24234,CUST_2752,2023-11-15,245.66
TXN_24235,CUST_2752,2023-11-23,60.12
TXN_24236,CUST_2752,2023-12-13,90.08
TXN_24237,CUST_2752,2023-11-15,91.95
TXN_24238,CUST_2752,2023-12-04,55.71
TXN_24239,CUST_2753,2023-04-29,209.26
TXN_24240,CUST_2754,2023-12-22,151.27
TXN_24241,CUST_2755,2023-07-24,66.11
TXN_24242,CUST_2755,2023-08-27,170.15
TXN_24243,CUST_2756,2023-04-13,68.55
TXN_24244,CUST_2757,2023-07-09,230.35
TXN_24245,CUST_2758,2023-08-31,132.92
TXN_24246,CUST_2758,2023-08-26,84.79
TXN_24247,CUST_2758,2023-10-07,115.95
TXN_24248,CUST_2758,2023-09-30,208.54
TXN_24249,CUST_2758,2023-09-04,148.56
TXN_24250,CUST_2758,2023-10-23,183.05
TXN_24251,CUST_2758,2023-09-20,105.1
TXN_24252,CUST_2758,2023-09-08,116.79
TXN_24253,CUST_2758,2023-09-04,179.28
TXN_24254,CUST_2758,2023-08-22,242.35
TXN_24255,CUST_2758,2023-10-23,85.07
TXN_24256,CUST_2758,2023-08-17,182.16
TXN_24257,CUST_2758,2023-10-15,241.45
TXN_24258,CUST_2759,2023-12-16,230.06
TXN_24259,CUST_2760,2023-09-17,29.26
TXN_24260,CUST_2761,2023-07-31,140.1
TXN_24261,CUST_2761,2023-12-31,23.68
TXN_24262,CUST_2761,2023-05-22,31.33
TXN_24263,CUST_2761,2023-10-17,154.57
TXN_24264,CUST_2761,2023-06-26,45.89
TXN_24265,CUST_2761,2023-06-18,108.7
TXN_24266,CUST_2761,2023-05-24,196.46
TXN_24267,CUST_2761,2023-04-28,166.97
TXN_24268,CUST_2761,2023-09-15,228.22
TXN_24269,CUST_2761,2023-08-16,81.38
TXN_24270,CUST_2761,2023-07-09,48.23
TXN_24271,CUST_2762,2023-09-01,215.01
TXN_24272,CUST_2763,2023-06-03,147.92
TXN_24273,CUST_2764,2023-11-29,65.42
TXN_24274,CUST_2765,2023-06-30,217.62
TXN_24275,CUST_2766,2023-09-12,248.38
TXN_24276,CUST_2766,2023-07-16,103.98
TXN_24277,CUST_2766,2023-05-13,61.72
TXN_24278,CUST_2766,2023-10-02,248.2
TXN_24279,CUST_2766,2023-08-01,239.62
TXN_24280,CUST_2766,2023-05-29,162.48
TXN_24281,CUST_2767,2023-09-08,177.75
TXN_24282,CUST_2767,2023-10-11,205.27
TXN_24283,CUST_2767,2023-09-09,233.23
TXN_24284,CUST_2767,2023-09-23,229.57
TXN_24285,CUST_2767,2023-09-12,189.82
TXN_24286,CUST_2768,2023-09-12,149.09
TXN_24287,CUST_2768,2023-09-26,23.17
TXN_24288,CUST_2768,2023-09-29,81.07
TXN_24289,CUST_2768,2023-09-10,83.94
TXN_24290,CUST_2768,2023-09-21,98.44
TXN_24291,CUST_2768,2023-09-25,116.0
TXN_24292,CUST_2768,2023-09-11,16.24
TXN_24293,CUST_2768,2023-10-28,94.28
TXN_24294,CUST_2768,2023-10-14,87.15
TXN_24295,CUST_2768,2023-12-31,89.12
TXN_24296,CUST_2768,2023-10-13,66.69
TXN_24297,CUST_2769,2023-11-03,44.06
TXN_24298,CUST_2769,2023-12-31,224.92
TXN_24299,CUST_2769,2023-11-21,217.35
TXN_24300,CUST_2769,2023-11-01,186.4
TXN_24301,CUST_2769,2023-11-05,141.78
TXN_24302,CUST_2769,2023-11-28,22.87
TXN_24303,CUST_2769,2023-11-23,117.19
TXN_24304,CUST_2769,2023-11-10,228.21
TXN_24305,CUST_2769,2023-12-09,28.52
TXN_24306,CUST_2769,2023-11-18,117.42
TXN_24307,CUST_2770,2023-12-12,31.81
TXN_24308,CUST_2771,2023-05-16,86.29
TXN_24309,CUST_2772,2023-11-18,117.73
TXN_24310,CUST_2773,2023-06-17,50.01
TXN_24311,CUST_2773,2023-08-13,69.42
TXN_24312,CUST_2773,2023-09-12,135.84
TXN_24313,CUST_2773,2023-06-26,131.04
TXN_24314,CUST_2773,2023-06-10,217.74
TXN_24315,CUST_2773,2023-06-10,16.65
TXN_24316,CUST_2773,2023-08-13,243.78
TXN_24317,CUST_2773,2023-10-19,74.22
TXN_24318,CUST_2773,2023-06-24,162.14
TXN_24319,CUST_2773,2023-10-05,100.09
TXN_24320,CUST_2773,2023-07-18,42.14
TXN_24321,CUST_2773,2023-06-21,148.56
TXN_24322,CUST_2773,2023-06-17,62.48
TXN_24323,CUST_2773,2023-06-28,119.32
TXN_24324,CUST_2774,2023-08-24,233.24
TXN_24325,CUST_2775,2023-10-21,211.42
TXN_24326,CUST_2776,2023-06-07,25.18
TXN_24327,CUST_2777,2023-11-11,105.18
TXN_24328,CUST_2777,2023-10-04,136.13
TXN_24329,CUST_2777,2023-09-23,82.7
TXN_24330,CUST_2778,2023-02-24,15.12
TXN_24331,CUST_2778,2023-02-18,32.85
TXN_24332,CUST_2778,2023-04-06,86.83
TXN_24333,CUST_2778,2023-03-06,136.13
TXN_24334,CUST_2778,2023-12-31,52.76
TXN_24335,CUST_2778,2023-03-18,123.59
TXN_24336,CUST_2778,2023-06-04,156.06
TXN_24337,CUST_2778,2023-05-05,188.26
TXN_24338,CUST_2779,2023-09-15,102.92
TXN_24339,CUST_2779,2023-07-25,50.92
TXN_24340,CUST_2779,2023-08-11,182.75
TXN_24341,CUST_2779,2023-07-18,215.26
TXN_24342,CUST_2779,2023-12-22,223.87
TXN_24343,CUST_2779,2023-11-29,18.6
TXN_24344,CUST_2779,2023-12-31,101.09
TXN_24345,CUST_2779,2023-11-07,58.9
TXN_24346,CUST_2779,2023-08-18,25.38
TXN_24347,CUST_2779,2023-07-19,236.67
TXN_24348,CUST_2780,2023-11-06,65.49
TXN_24349,CUST_2780,2023-07-01,153.87
TXN_24350,CUST_2780,2023-03-16,208.56
TXN_24351,CUST_2780,2023-04-24,179.58
TXN_24352,CUST_2780,2023-03-26,206.71
TXN_24353,CUST_2780,2023-03-20,100.73
TXN_24354,CUST_2781,2023-04-10,220.48
TXN_24355,CUST_2782,2023-07-09,206.33
TXN_24356,CUST_2783,2023-11-11,238.3
TXN_24357,CUST_2783,2023-03-16,89.51
TXN_24358,CUST_2783,2023-09-07,141.06
TXN_24359,CUST_2783,2023-08-22,215.53
TXN_24360,CUST_2783,2023-05-11,99.36
TXN_24361,CUST_2783,2023-05-13,168.41
TXN_24362,CUST_2783,2023-04-29,197.12
TXN_24363,CUST_2783,2023-10-28,81.34
TXN_24364,CUST_2783,2023-12-31,161.34
TXN_24365,CUST_2783,2023-10-05,39.42
TXN_24366,CUST_2783,2023-04-13,90.44
TXN_24367,CUST_2784,2023-12-25,219.03
TXN_24368,CUST_2785,2023-10-28,114.02
TXN_24369,CUST_2785,2023-07-19,216.73
TXN_24370,CUST_2785,2023-06-23,196.51
TXN_24371,CUST_2785,2023-06-08,180.06
TXN_24372,CUST_2786,2023-04-13,122.56
TXN_24373,CUST_2786,2023-07-22,156.77
TXN_24374,CUST_2786,2023-09-23,106.57
TXN_24375,CUST_2786,2023-09-17,23.7
TXN_24376,CUST_2786,2023-05-11,32.15
TXN_24377,CUST_2787,2023-11-29,190.35
TXN_24378,CUST_2787,2023-12-20,152.54
TXN_24379,CUST_2787,2023-12-08,100.56
TXN_24380,CUST_2787,2023-11-30,186.46
TXN_24381,CUST_2787,2023-12-08,114.76
TXN_24382,CUST_2787,2023-12-01,232.11
TXN_24383,CUST_2787,2023-12-04,166.01
TXN_24384,CUST_2787,2023-12-11,42.08
TXN_24385,CUST_2787,2023-11-30,240.47
TXN_24386,CUST_2787,2023-11-26,84.31
TXN_24387,CUST_2787,2023-12-03,66.96
TXN_24388,CUST_2787,2023-12-01,51.58
TXN_24389,CUST_2787,2023-12-02,156.56
TXN_24390,CUST_2787,2023-11-28,104.95
TXN_24391,CUST_2788,2023-04-11,132.11
TXN_24392,CUST_2789,2023-09-10,181.62
TXN_24393,CUST_2790,2023-03-01,15.04
TXN_24394,CUST_2791,2023-11-17,144.17
TXN_24395,CUST_2791,2023-09-22,238.66
TXN_24396,CUST_2791,2023-09-19,101.27
TXN_24397,CUST_2792,2023-12-31,85.55
TXN_24398,CUST_2792,2023-06-08,107.71
TXN_24399,CUST_2792,2023-08-07,87.84
TXN_24400,CUST_2793,2023-07-17,238.02
TXN_24401,CUST_2793,2023-08-03,198.21
TXN_24402,CUST_2793,2023-05-23,39.6
TXN_24403,CUST_2793,2023-05-21,109.62
TXN_24404,CUST_2794,2023-12-21,147.62
TXN_24405,CUST_2794,2023-12-16,186.65
TXN_24406,CUST_2794,2023-12-21,165.42
TXN_24407,CUST_2794,2023-12-17,237.48
TXN_24408,CUST_2794,2023-12-17,50.77
TXN_24409,CUST_2794,2023-12-31,190.37
TXN_24410,CUST_2794,2023-12-18,234.94
TXN_24411,CUST_2794,2023-12-16,35.6
TXN_24412,CUST_2794,2023-12-21,56.82
TXN_24413,CUST_2794,2023-12-28,212.48
TXN_24414,CUST_2794,2023-12-17,223.88
TXN_24415,CUST_2794,2023-12-16,143.93
TXN_24416,CUST_2795,2023-09-11,137.66
TXN_24417,CUST_2795,2023-09-26,115.42
TXN_24418,CUST_2795,2023-10-02,168.6
TXN_24419,CUST_2795,2023-09-11,177.47
TXN_24420,CUST_2795,2023-09-11,58.54
TXN_24421,CUST_2795,2023-10-15,35.31
TXN_24422,CUST_2795,2023-12-31,199.33
TXN_24423,CUST_2795,2023-10-26,77.91
TXN_24424,CUST_2796,2023-12-31,49.74
TXN_24425,CUST_2797,2023-08-22,64.05
TXN_24426,CUST_2797,2023-12-31,218.41
TXN_24427,CUST_2797,2023-11-15,176.11
TXN_24428,CUST_2797,2023-07-26,148.5
TXN_24429,CUST_2798,2023-12-09,195.42
TXN_24430,CUST_2798,2023-12-31,77.86
TXN_24431,CUST_2798,2023-12-04,109.6
TXN_24432,CUST_2798,2023-12-03,92.87
TXN_24433,CUST_2798,2023-12-12,54.52
TXN_24434,CUST_2798,2023-12-12,243.41
TXN_24435,CUST_2798,2023-12-21,98.86
TXN_24436,CUST_2798,2023-12-08,113.54
TXN_24437,CUST_2798,2023-12-21,248.55
TXN_24438,CUST_2798,2023-12-19,146.16
TXN_24439,CUST_2798,2023-12-03,239.3
TXN_24440,CUST_2799,2023-12-31,116.53
TXN_24441,CUST_2799,2023-12-31,147.65
TXN_24442,CUST_2799,2023-12-31,123.66
TXN_24443,CUST_2799,2023-12-31,214.15
TXN_24444,CUST_2799,2023-12-31,21.36
TXN_24445,CUST_2799,2023-12-31,64.16
TXN_24446,CUST_2799,2023-12-31,222.2
TXN_24447,CUST_2799,2023-12-31,28.89
TXN_24448,CUST_2799,2023-12-31,68.34
TXN_24449,CUST_2799,2023-12-31,97.54
TXN_24450,CUST_2799,2023-12-31,191.42
TXN_24451,CUST_2800,2023-04-05,200.9
TXN_24452,CUST_2800,2023-03-29,206.45
TXN_24453,CUST_2800,2023-05-18,198.4
TXN_24454,CUST_2800,2023-11-09,47.53
TXN_24455,CUST_2800,2023-04-05,28.06
TXN_24456,CUST_2800,2023-04-15,70.79
TXN_24457,CUST_2800,2023-05-19,199.1
TXN_24458,CUST_2801,2023-09-08,21.31
TXN_24459,CUST_2801,2023-10-17,22.18
TXN_24460,CUST_2801,2023-12-12,154.64
TXN_24461,CUST_2801,2023-09-19,24.85
TXN_24462,CUST_2801,2023-09-23,218.82
TXN_24463,CUST_2801,2023-12-31,34.96
TXN_24464,CUST_2801,2023-11-01,75.71
TXN_24465,CUST_2801,2023-09-21,143.7
TXN_24466,CUST_2801,2023-12-31,64.07
TXN_24467,CUST_2802,2023-05-14,215.47
TXN_24468,CUST_2803,2023-12-13,146.27
TXN_24469,CUST_2803,2023-11-22,170.09
TXN_24470,CUST_2803,2023-11-14,88.03
TXN_24471,CUST_2803,2023-11-07,89.19
TXN_24472,CUST_2803,2023-12-20,209.26
TXN_24473,CUST_2803,2023-11-16,229.38
TXN_24474,CUST_2803,2023-12-13,233.01
TXN_24475,CUST_2804,2023-07-12,158.17
TXN_24476,CUST_2805,2023-12-24,241.13
TXN_24477,CUST_2805,2023-12-16,213.26
TXN_24478,CUST_2805,2023-12-19,91.37
TXN_24479,CUST_2805,2023-12-18,236.93
TXN_24480,CUST_2806,2023-12-06,215.92
TXN_24481,CUST_2806,2023-11-20,145.55
TXN_24482,CUST_2806,2023-12-12,220.11
TXN_24483,CUST_2806,2023-11-21,39.48
TXN_24484,CUST_2806,2023-11-19,237.19
TXN_24485,CUST_2806,2023-11-25,113.36
TXN_24486,CUST_2806,2023-11-16,26.99
TXN_24487,CUST_2806,2023-12-02,153.61
TXN_24488,CUST_2806,2023-11-28,40.93
TXN_24489,CUST_2806,2023-11-22,205.9
TXN_24490,CUST_2806,2023-11-18,222.43
TXN_24491,CUST_2807,2023-03-09,127.27
TXN_24492,CUST_2808,2023-06-19,161.66
TXN_24493,CUST_2808,2023-05-24,92.19
TXN_24494,CUST_2808,2023-06-30,211.73
TXN_24495,CUST_2808,2023-03-31,95.01
TXN_24496,CUST_2808,2023-06-30,192.61
TXN_24497,CUST_2809,2023-07-25,42.96
TXN_24498,CUST_2809,2023-09-09,190.39
TXN_24499,CUST_2809,2023-09-14,232.29
TXN_24500,CUST_2809,2023-07-20,90.16
TXN_24501,CUST_2809,2023-08-04,69.54
TXN_24502,CUST_2809,2023-07-19,129.38
TXN_24503,CUST_2809,2023-10-22,239.32
TXN_24504,CUST_2809,2023-07-18,208.44
TXN_24505,CUST_2809,2023-10-19,106.41
TXN_24506,CUST_2809,2023-07-17,247.65
TXN_24507,CUST_2809,2023-09-10,245.82
TXN_24508,CUST_2809,2023-08-18,107.87
TXN_24509,CUST_2809,2023-07-27,246.14
TXN_24510,CUST_2810,2023-09-18,135.43
TXN_24511,CUST_2811,2023-12-22,164.13
TXN_24512,CUST_2812,2023-04-30,20.42
TXN_24513,CUST_2813,2023-04-30,108.13
TXN_24514,CUST_2813,2023-06-20,19.92
TXN_24515,CUST_2813,2023-10-16,41.1
TXN_24516,CUST_2813,2023-04-04,65.53
TXN_24517,CUST_2813,2023-06-02,92.24
TXN_24518,CUST_2813,2023-05-23,34.8
TXN_24519,CUST_2813,2023-04-24,37.95
TXN_24520,CUST_2813,2023-04-23,180.28
TXN_24521,CUST_2813,2023-06-17,93.48
TXN_24522,CUST_2814,2023-12-31,195.45
TXN_24523,CUST_2815,2023-07-16,40.07
TXN_24524,CUST_2815,2023-05-21,23.43
TXN_24525,CUST_2815,2023-06-18,247.4
TXN_24526,CUST_2815,2023-10-17,163.73
TXN_24527,CUST_2815,2023-10-10,154.63
TXN_24528,CUST_2815,2023-06-11,55.78
TXN_24529,CUST_2816,2023-10-12,193.42
TXN_24530,CUST_2816,2023-08-20,104.5
TXN_24531,CUST_2816,2023-10-16,103.93
TXN_24532,CUST_2816,2023-08-19,94.03
TXN_24533,CUST_2816,2023-11-19,238.71
TXN_24534,CUST_2816,2023-09-24,86.99
TXN_24535,CUST_2816,2023-09-16,70.51
TXN_24536,CUST_2816,2023-08-27,130.98
TXN_24537,CUST_2816,2023-10-17,67.28
TXN_24538,CUST_2816,2023-12-04,54.53
TXN_24539,CUST_2816,2023-09-24,197.45
TXN_24540,CUST_2816,2023-08-29,84.66
TXN_24541,CUST_2816,2023-08-21,236.83
TXN_24542,CUST_2816,2023-09-17,30.11
TXN_24543,CUST_2817,2023-11-06,57.57
TXN_24544,CUST_2817,2023-10-29,113.46
TXN_24545,CUST_2817,2023-11-01,96.94
TXN_24546,CUST_2818,2023-11-17,21.99
TXN_24547,CUST_2819,2023-10-23,56.4
TXN_24548,CUST_2819,2023-11-20,215.12
TXN_24549,CUST_2819,2023-10-13,182.7
TXN_24550,CUST_2819,2023-11-03,190.09
TXN_24551,CUST_2819,2023-11-19,170.32
TXN_24552,CUST_2819,2023-12-31,218.09
TXN_24553,CUST_2819,2023-10-14,229.69
TXN_24554,CUST_2819,2023-10-19,185.74
TXN_24555,CUST_2819,2023-11-29,117.55
TXN_24556,CUST_2820,2023-12-30,32.03
TXN_24557,CUST_2821,2023-06-29,42.62
TXN_24558,CUST_2822,2023-12-03,129.92
TXN_24559,CUST_2822,2023-11-25,126.61
TXN_24560,CUST_2822,2023-12-05,198.82
TXN_24561,CUST_2822,2023-11-23,181.49
TXN_24562,CUST_2822,2023-12-09,146.36
TXN_24563,CUST_2822,2023-11-25,141.71
TXN_24564,CUST_2822,2023-12-01,126.79
TXN_24565,CUST_2822,2023-11-30,41.04
TXN_24566,CUST_2822,2023-11-24,37.87
TXN_24567,CUST_2822,2023-11-25,76.92
TXN_24568,CUST_2823,2023-10-29,187.82
TXN_24569,CUST_2824,2023-10-27,153.43
TXN_24570,CUST_2824,2023-07-26,138.72
TXN_24571,CUST_2824,2023-07-19,152.2
TXN_24572,CUST_2824,2023-07-05,227.12
TXN_24573,CUST_2824,2023-07-17,207.48
TXN_24574,CUST_2824,2023-09-04,137.91
TXN_24575,CUST_2824,2023-12-10,51.85
TXN_24576,CUST_2824,2023-07-08,90.64
TXN_24577,CUST_2824,2023-10-17,23.27
TXN_24578,CUST_2825,2023-07-28,182.54
TXN_24579,CUST_2826,2023-11-21,94.16
TXN_24580,CUST_2827,2023-12-30,123.42
TXN_24581,CUST_2828,2023-12-31,206.13
TXN_24582,CUST_2828,2023-07-19,150.75
TXN_24583,CUST_2828,2023-07-11,73.03
TXN_24584,CUST_2828,2023-07-18,93.85
TXN_24585,CUST_2828,2023-09-12,132.36
TXN_24586,CUST_2828,2023-12-13,65.0
TXN_24587,CUST_2828,2023-08-02,92.52
TXN_24588,CUST_2828,2023-07-22,248.4
TXN_24589,CUST_2828,2023-08-04,236.02
TXN_24590,CUST_2828,2023-08-05,62.96
TXN_24591,CUST_2828,2023-07-14,216.06
TXN_24592,CUST_2828,2023-07-08,241.63
TXN_24593,CUST_2828,2023-08-07,73.13
TXN_24594,CUST_2829,2023-08-03,242.79
TXN_24595,CUST_2829,2023-07-26,136.78
TXN_24596,CUST_2829,2023-08-25,216.6
TXN_24597,CUST_2829,2023-05-17,235.23
TXN_24598,CUST_2829,2023-03-01,17.37
TXN_24599,CUST_2830,2023-02-06,114.78
TXN_24600,CUST_2831,2023-08-10,193.44
TXN_24601,CUST_2831,2023-04-08,22.28
TXN_24602,CUST_2831,2023-07-11,215.99
TXN_24603,CUST_2831,2023-08-03,62.66
TXN_24604,CUST_2831,2023-06-15,192.98
TXN_24605,CUST_2831,2023-04-21,139.01
TXN_24606,CUST_2831,2023-04-29,68.01
TXN_24607,CUST_2831,2023-12-31,229.46
TXN_24608,CUST_2832,2023-09-01,75.09
TXN_24609,CUST_2832,2023-06-14,104.66
TXN_24610,CUST_2832,2023-07-24,37.9
TXN_24611,CUST_2832,2023-07-31,18.61
TXN_24612,CUST_2832,2023-11-05,231.37
TXN_24613,CUST_2832,2023-09-02,124.64
TXN_24614,CUST_2833,2023-07-04,233.97
TXN_24615,CUST_2834,2023-09-01,89.09
TXN_24616,CUST_2835,2023-12-30,238.67
TXN_24617,CUST_2836,2023-06-13,238.6
TXN_24618,CUST_2837,2023-12-18,131.65
TXN_24619,CUST_2837,2023-12-13,128.52
TXN_24620,CUST_2837,2023-12-30,236.93
TXN_24621,CUST_2837,2023-12-26,223.38
TXN_24622,CUST_2837,2023-12-08,109.14
TXN_24623,CUST_2837,2023-12-25,192.45
TXN_24624,CUST_2837,2023-12-12,196.71
TXN_24625,CUST_2837,2023-12-09,155.95
TXN_24626,CUST_2837,2023-12-13,149.78
TXN_24627,CUST_2838,2023-10-11,169.89
TXN_24628,CUST_2838,2023-10-19,32.27
TXN_24629,CUST_2838,2023-09-18,234.06
TXN_24630,CUST_2838,2023-08-13,37.17
TXN_24631,CUST_2838,2023-10-07,89.07
TXN_24632,CUST_2838,2023-09-28,143.17
TXN_24633,CUST_2838,2023-12-31,223.93
TXN_24634,CUST_2838,2023-10-01,76.49
TXN_24635,CUST_2838,2023-08-22,222.33
TXN_24636,CUST_2838,2023-09-19,200.48
TXN_24637,CUST_2838,2023-09-05,39.22
TXN_24638,CUST_2838,2023-08-27,52.87
TXN_24639,CUST_2839,2023-08-29,148.66
TXN_24640,CUST_2839,2023-07-20,182.55
TXN_24641,CUST_2839,2023-07-07,182.91
TXN_24642,CUST_2839,2023-08-04,72.72
TXN_24643,CUST_2839,2023-08-25,222.92
TXN_24644,CUST_2839,2023-07-06,205.9
TXN_24645,CUST_2839,2023-07-09,207.96
TXN_24646,CUST_2839,2023-06-15,16.7
TXN_24647,CUST_2839,2023-06-20,220.38
TXN_24648,CUST_2839,2023-08-02,154.61
TXN_24649,CUST_2839,2023-10-14,26.9
TXN_24650,CUST_2839,2023-07-14,166.13
TXN_24651,CUST_2840,2023-09-13,89.87
TXN_24652,CUST_2840,2023-09-09,145.91
TXN_24653,CUST_2840,2023-08-09,69.82
TXN_24654,CUST_2841,2023-10-23,78.64
TXN_24655,CUST_2841,2023-10-13,37.57
TXN_24656,CUST_2841,2023-12-31,219.14
TXN_24657,CUST_2841,2023-09-29,54.13
TXN_24658,CUST_2841,2023-10-24,69.62
TXN_24659,CUST_2841,2023-12-22,192.56
TXN_24660,CUST_2841,2023-10-07,16.43
TXN_24661,CUST_2842,2023-05-28,15.8
TXN_24662,CUST_2842,2023-05-05,76.81
TXN_24663,CUST_2842,2023-07-02,34.64
TXN_24664,CUST_2842,2023-12-31,111.58
TXN_24665,CUST_2842,2023-05-31,138.42
TXN_24666,CUST_2843,2023-12-20,123.17
TXN_24667,CUST_2844,2023-07-11,99.82
TXN_24668,CUST_2845,2023-04-19,211.91
TXN_24669,CUST_2845,2023-04-22,41.99
TXN_24670,CUST_2845,2023-05-09,119.73
TXN_24671,CUST_2845,2023-08-28,73.16
TXN_24672,CUST_2845,2023-06-22,36.24
TXN_24673,CUST_2846,2023-08-09,63.66
TXN_24674,CUST_2846,2023-12-31,94.35
TXN_24675,CUST_2847,2023-07-28,178.29
TXN_24676,CUST_2848,2023-06-17,138.55
TXN_24677,CUST_2848,2023-05-31,248.79
TXN_24678,CUST_2848,2023-03-13,230.02
TXN_24679,CUST_2848,2023-09-08,112.61
TXN_24680,CUST_2848,2023-10-06,167.41
TXN_24681,CUST_2848,2023-10-13,154.76
TXN_24682,CUST_2848,2023-04-03,150.41
TXN_24683,CUST_2848,2023-03-30,48.09
TXN_24684,CUST_2848,2023-06-23,237.66
TXN_24685,CUST_2848,2023-06-06,202.01
TXN_24686,CUST_2848,2023-03-29,168.74
TXN_24687,CUST_2848,2023-07-18,24.78
TXN_24688,CUST_2848,2023-03-21,198.67
TXN_24689,CUST_2849,2023-07-01,67.04
TXN_24690,CUST_2849,2023-03-08,217.52
TXN_24691,CUST_2849,2023-05-26,247.42
TXN_24692,CUST_2849,2023-02-28,98.69
TXN_24693,CUST_2849,2023-03-24,221.83
TXN_24694,CUST_2849,2023-03-16,98.06
TXN_24695,CUST_2849,2023-03-01,197.22
TXN_24696,CUST_2849,2023-03-14,31.06
TXN_24697,CUST_2849,2023-04-15,106.99
TXN_24698,CUST_2849,2023-03-05,46.4
TXN_24699,CUST_2849,2023-10-13,30.94
TXN_24700,CUST_2849,2023-02-24,72.59
TXN_24701,CUST_2849,2023-12-31,35.07
TXN_24702,CUST_2850,2023-11-28,189.38
TXN_24703,CUST_2850,2023-12-06,175.86
TXN_24704,CUST_2850,2023-12-09,176.24
TXN_24705,CUST_2850,2023-11-30,88.2
TXN_24706,CUST_2851,2023-11-12,159.03
TXN_24707,CUST_2851,2023-10-31,32.98
TXN_24708,CUST_2851,2023-11-01,113.84
TXN_24709,CUST_2851,2023-12-13,140.0
TXN_24710,CUST_2851,2023-11-26,55.92
TXN_24711,CUST_2851,2023-10-30,71.31
TXN_24712,CUST_2852,2023-09-21,222.09
TXN_24713,CUST_2853,2023-07-06,89.72
TXN_24714,CUST_2853,2023-08-02,177.3
TXN_24715,CUST_2853,2023-07-05,224.1
TXN_24716,CUST_2853,2023-09-05,79.63
TXN_24717,CUST_2853,2023-09-05,141.18
TXN_24718,CUST_2854,2023-04-19,144.51
TXN_24719,CUST_2855,2023-08-27,35.8
TXN_24720,CUST_2856,2023-12-06,108.81
TXN_24721,CUST_2856,2023-12-06,15.29
TXN_24722,CUST_2856,2023-12-13,24.99
TXN_24723,CUST_2857,2023-10-26,171.45
TXN_24724,CUST_2858,2023-12-29,233.69
TXN_24725,CUST_2859,2023-03-23,186.42
TXN_24726,CUST_2860,2023-07-25,199.3
TXN_24727,CUST_2860,2023-12-31,195.38
TXN_24728,CUST_2860,2023-12-31,157.17
TXN_24729,CUST_2860,2023-12-11,177.25
TXN_24730,CUST_2860,2023-11-26,52.97
TXN_24731,CUST_2860,2023-10-18,61.24
TXN_24732,CUST_2861,2023-08-11,89.79
TXN_24733,CUST_2862,2023-12-31,171.62
TXN_24734,CUST_2863,2023-07-29,214.18
TXN_24735,CUST_2863,2023-04-06,109.26
TXN_24736,CUST_2863,2023-03-21,236.09
TXN_24737,CUST_2863,2023-04-13,155.06
TXN_24738,CUST_2863,2023-03-27,203.66
TXN_24739,CUST_2863,2023-03-31,205.21
TXN_24740,CUST_2863,2023-04-30,150.77
TXN_24741,CUST_2863,2023-04-10,222.45
TXN_24742,CUST_2863,2023-07-29,98.25
TXN_24743,CUST_2863,2023-06-05,45.31
TXN_24744,CUST_2863,2023-03-28,140.41
TXN_24745,CUST_2863,2023-06-19,146.0
TXN_24746,CUST_2863,2023-05-30,189.44
TXN_24747,CUST_2863,2023-10-25,106.09
TXN_24748,CUST_2864,2023-05-28,118.3
TXN_24749,CUST_2864,2023-07-11,230.24
TXN_24750,CUST_2864,2023-10-30,164.73
TXN_24751,CUST_2864,2023-05-30,199.07
TXN_24752,CUST_2864,2023-05-24,241.82
TXN_24753,CUST_2864,2023-05-07,148.9
TXN_24754,CUST_2864,2023-05-14,110.79
TXN_24755,CUST_2864,2023-07-25,177.06
TXN_24756,CUST_2864,2023-09-06,154.43
TXN_24757,CUST_2864,2023-05-29,223.97
TXN_24758,CUST_2864,2023-09-16,52.61
TXN_24759,CUST_2864,2023-09-22,243.57
TXN_24760,CUST_2864,2023-07-26,81.22
TXN_24761,CUST_2865,2023-09-09,141.72
TXN_24762,CUST_2865,2023-09-18,50.72
TXN_24763,CUST_2865,2023-09-20,114.52
TXN_24764,CUST_2865,2023-09-11,68.52
TXN_24765,CUST_2865,2023-10-09,148.51
TXN_24766,CUST_2865,2023-06-09,137.03
TXN_24767,CUST_2865,2023-07-04,28.51
TXN_24768,CUST_2865,2023-07-19,88.2
TXN_24769,CUST_2865,2023-06-24,97.04
TXN_24770,CUST_2865,2023-06-22,85.46
TXN_24771,CUST_2865,2023-06-17,34.81
TXN_24772,CUST_2865,2023-11-20,227.15
TXN_24773,CUST_2865,2023-10-07,69.13
TXN_24774,CUST_2865,2023-09-05,153.58
TXN_24775,CUST_2866,2023-12-03,249.53
TXN_24776,CUST_2867,2023-12-31,41.16
TXN_24777,CUST_2867,2023-07-28,25.18
TXN_24778,CUST_2867,2023-08-11,108.58
TXN_24779,CUST_2867,2023-07-27,144.05
TXN_24780,CUST_2867,2023-09-07,191.49
TXN_24781,CUST_2867,2023-12-31,160.55
TXN_24782,CUST_2867,2023-07-28,35.8
TXN_24783,CUST_2868,2023-06-10,59.18
TXN_24784,CUST_2868,2023-11-10,70.52
TXN_24785,CUST_2868,2023-08-30,78.2
TXN_24786,CUST_2868,2023-08-28,33.42
TXN_24787,CUST_2868,2023-06-13,111.04
TXN_24788,CUST_2868,2023-07-19,97.94
TXN_24789,CUST_2868,2023-07-28,91.46
TXN_24790,CUST_2868,2023-08-18,135.13
TXN_24791,CUST_2868,2023-08-24,116.28
TXN_24792,CUST_2868,2023-10-26,104.8
TXN_24793,CUST_2868,2023-06-23,145.91
TXN_24794,CUST_2868,2023-07-18,136.75
TXN_24795,CUST_2868,2023-09-20,153.32
TXN_24796,CUST_2868,2023-10-31,160.49
TXN_24797,CUST_2869,2023-10-21,212.35
TXN_24798,CUST_2870,2023-07-25,145.74
TXN_24799,CUST_2871,2023-07-10,244.21
TXN_24800,CUST_2872,2023-06-08,173.94
TXN_24801,CUST_2873,2023-12-08,61.77
TXN_24802,CUST_2874,2023-07-05,160.5
TXN_24803,CUST_2874,2023-09-13,191.7
TXN_24804,CUST_2874,2023-06-14,168.18
TXN_24805,CUST_2874,2023-08-19,136.65
TXN_24806,CUST_2874,2023-07-15,202.4
TXN_24807,CUST_2875,2023-11-14,87.87
TXN_24808,CUST_2876,2023-02-27,77.0
TXN_24809,CUST_2876,2023-02-21,245.21
TXN_24810,CUST_2876,2023-03-20,89.46
TXN_24811,CUST_2876,2023-03-24,42.21
TXN_24812,CUST_2876,2023-02-15,134.59
TXN_24813,CUST_2876,2023-07-23,220.96
TXN_24814,CUST_2876,2023-09-08,237.02
TXN_24815,CUST_2876,2023-02-05,24.63
TXN_24816,CUST_2876,2023-02-02,156.17
TXN_24817,CUST_2877,2023-07-07,165.09
TXN_24818,CUST_2877,2023-09-14,18.33
TXN_24819,CUST_2877,2023-11-27,209.87
TXN_24820,CUST_2877,2023-12-10,201.49
TXN_24821,CUST_2877,2023-10-07,62.72
TXN_24822,CUST_2877,2023-04-28,89.08
TXN_24823,CUST_2877,2023-04-02,186.45
TXN_24824,CUST_2877,2023-04-05,27.34
TXN_24825,CUST_2877,2023-08-10,227.6
TXN_24826,CUST_2877,2023-08-06,208.96
TXN_24827,CUST_2877,2023-06-16,223.62
TXN_24828,CUST_2877,2023-05-26,247.26
TXN_24829,CUST_2877,2023-04-02,205.16
TXN_24830,CUST_2877,2023-06-27,151.45
TXN_24831,CUST_2878,2023-03-22,245.0
TXN_24832,CUST_2878,2023-04-26,209.07
TXN_24833,CUST_2878,2023-03-29,47.62
TXN_24834,CUST_2878,2023-06-21,228.69
TXN_24835,CUST_2878,2023-03-22,153.47
TXN_24836,CUST_2878,2023-03-18,205.86
TXN_24837,CUST_2878,2023-11-01,162.77
TXN_24838,CUST_2878,2023-07-03,28.03
TXN_24839,CUST_2879,2023-05-26,79.35
TXN_24840,CUST_2880,2023-04-22,55.39
TXN_24841,CUST_2880,2023-04-01,25.72
TXN_24842,CUST_2880,2023-04-16,38.63
TXN_24843,CUST_2880,2023-06-11,99.15
TXN_24844,CUST_2880,2023-05-21,154.61
TXN_24845,CUST_2880,2023-07-05,167.33
TXN_24846,CUST_2881,2023-10-26,230.66
TXN_24847,CUST_2882,2023-11-01,226.3
TXN_24848,CUST_2883,2023-12-11,206.86
TXN_24849,CUST_2883,2023-12-13,229.93
TXN_24850,CUST_2883,2023-12-12,217.37
TXN_24851,CUST_2883,2023-12-11,76.25
TXN_24852,CUST_2883,2023-12-31,69.33
TXN_24853,CUST_2883,2023-12-11,216.41
TXN_24854,CUST_2883,2023-12-11,37.9
TXN_24855,CUST_2883,2023-12-13,164.3
TXN_24856,CUST_2883,2023-12-19,222.09
TXN_24857,CUST_2883,2023-12-16,107.45
TXN_24858,CUST_2883,2023-12-13,214.02
TXN_24859,CUST_2883,2023-12-19,227.78
TXN_24860,CUST_2884,2023-12-12,201.22
TXN_24861,CUST_2884,2023-12-09,102.31
TXN_24862,CUST_2884,2023-12-16,248.34
TXN_24863,CUST_2884,2023-12-25,137.39
TXN_24864,CUST_2884,2023-12-16,140.0
TXN_24865,CUST_2884,2023-12-11,156.54
TXN_24866,CUST_2884,2023-12-10,80.84
TXN_24867,CUST_2884,2023-12-16,219.91
TXN_24868,CUST_2884,2023-12-09,181.12
TXN_24869,CUST_2884,2023-12-11,85.99
TXN_24870,CUST_2885,2023-09-18,151.45
TXN_24871,CUST_2885,2023-07-14,164.47
TXN_24872,CUST_2885,2023-09-07,20.38
TXN_24873,CUST_2885,2023-06-16,37.2
TXN_24874,CUST_2886,2023-07-31,203.86
TXN_24875,CUST_2887,2023-04-28,128.59
TXN_24876,CUST_2888,2023-07-18,141.59
TXN_24877,CUST_2888,2023-07-30,203.38
TXN_24878,CUST_2888,2023-07-17,49.35
TXN_24879,CUST_2888,2023-07-21,30.33
TXN_24880,CUST_2888,2023-09-04,219.11
TXN_24881,CUST_2888,2023-08-24,64.49
TXN_24882,CUST_2888,2023-08-07,99.69
TXN_24883,CUST_2888,2023-08-17,113.83
TXN_24884,CUST_2888,2023-09-15,94.88
TXN_24885,CUST_2888,2023-09-14,143.49
TXN_24886,CUST_2888,2023-07-17,231.12
TXN_24887,CUST_2888,2023-07-26,121.11
TXN_24888,CUST_2889,2023-11-28,96.58
TXN_24889,CUST_2889,2023-11-24,99.8
TXN_24890,CUST_2889,2023-12-13,112.25
TXN_24891,CUST_2889,2023-12-04,53.44
TXN_24892,CUST_2889,2023-11-23,221.79
TXN_24893,CUST_2889,2023-11-28,97.33
TXN_24894,CUST_2890,2023-05-12,212.37
TXN_24895,CUST_2890,2023-04-09,187.95
TXN_24896,CUST_2890,2023-06-06,226.66
TXN_24897,CUST_2890,2023-07-27,170.22
TXN_24898,CUST_2890,2023-10-15,228.43
TXN_24899,CUST_2890,2023-05-11,233.04
TXN_24900,CUST_2890,2023-04-01,194.2
TXN_24901,CUST_2890,2023-05-04,129.54
TXN_24902,CUST_2890,2023-09-10,164.7
TXN_24903,CUST_2890,2023-05-22,53.52
TXN_24904,CUST_2891,2023-10-18,147.57
TXN_24905,CUST_2891,2023-10-29,153.77
TXN_24906,CUST_2891,2023-10-22,104.0
TXN_24907,CUST_2891,2023-12-31,235.09
TXN_24908,CUST_2891,2023-12-05,198.09
TXN_24909,CUST_2891,2023-10-20,124.73
TXN_24910,CUST_2891,2023-11-17,76.52
TXN_24911,CUST_2891,2023-10-16,113.25
TXN_24912,CUST_2891,2023-10-30,30.3
TXN_24913,CUST_2891,2023-10-25,230.57
TXN_24914,CUST_2891,2023-10-23,148.75
TXN_24915,CUST_2892,2023-06-30,52.23
TXN_24916,CUST_2892,2023-04-05,146.01
TXN_24917,CUST_2892,2023-03-26,107.48
TXN_24918,CUST_2892,2023-05-09,61.14
TXN_24919,CUST_2892,2023-04-24,92.54
TXN_24920,CUST_2892,2023-03-23,204.38
TXN_24921,CUST_2892,2023-12-31,82.98
TXN_24922,CUST_2892,2023-04-02,239.08
TXN_24923,CUST_2893,2023-06-04,44.83
TXN_24924,CUST_2893,2023-10-20,213.84
TXN_24925,CUST_2893,2023-07-01,96.78
TXN_24926,CUST_2893,2023-12-13,21.07
TXN_24927,CUST_2893,2023-08-01,155.39
TXN_24928,CUST_2893,2023-09-19,238.66
TXN_24929,CUST_2893,2023-07-02,117.89
TXN_24930,CUST_2893,2023-08-18,242.31
TXN_24931,CUST_2893,2023-11-05,171.76
TXN_24932,CUST_2893,2023-10-16,35.02
TXN_24933,CUST_2894,2023-03-03,56.71
TXN_24934,CUST_2895,2023-03-17,139.61
TXN_24935,CUST_2895,2023-08-12,244.08
TXN_24936,CUST_2895,2023-05-16,45.44
TXN_24937,CUST_2895,2023-08-17,178.51
TXN_24938,CUST_2895,2023-12-31,140.78
TXN_24939,CUST_2895,2023-04-15,241.27
TXN_24940,CUST_2895,2023-05-19,18.74
TXN_24941,CUST_2895,2023-05-06,15.56
TXN_24942,CUST_2895,2023-07-15,148.0
TXN_24943,CUST_2895,2023-03-13,206.06
TXN_24944,CUST_2895,2023-05-18,41.8
TXN_24945,CUST_2896,2023-12-26,98.54
TXN_24946,CUST_2897,2023-07-22,83.93
TXN_24947,CUST_2897,2023-09-11,184.83
TXN_24948,CUST_2897,2023-08-17,181.52
TXN_24949,CUST_2898,2023-06-19,43.46
TXN_24950,CUST_2898,2023-05-09,233.53
TXN_24951,CUST_2898,2023-05-26,139.27
TXN_24952,CUST_2898,2023-04-01,200.37
TXN_24953,CUST_2898,2023-11-01,192.03
TXN_24954,CUST_2898,2023-06-30,60.24
TXN_24955,CUST_2898,2023-08-23,24.56
TXN_24956,CUST_2898,2023-07-14,64.55
TXN_24957,CUST_2899,2023-09-18,223.7
TXN_24958,CUST_2899,2023-07-09,67.72
TXN_24959,CUST_2899,2023-12-31,63.78
TXN_24960,CUST_2899,2023-08-28,238.9
TXN_24961,CUST_2899,2023-11-13,119.17
TXN_24962,CUST_2899,2023-08-23,139.34
TXN_24963,CUST_2899,2023-07-15,48.94
TXN_24964,CUST_2900,2023-09-15,27.28
TXN_24965,CUST_2900,2023-11-26,15.32
TXN_24966,CUST_2900,2023-12-12,121.87
TXN_24967,CUST_2900,2023-04-06,173.43
TXN_24968,CUST_2900,2023-10-23,117.95
TXN_24969,CUST_2900,2023-07-14,245.15
TXN_24970,CUST_2900,2023-04-21,207.81
TXN_24971,CUST_2900,2023-04-28,115.19
TXN_24972,CUST_2900,2023-04-26,119.81
TXN_24973,CUST_2900,2023-03-27,86.31
TXN_24974,CUST_2900,2023-05-20,163.58
TXN_24975,CUST_2900,2023-06-29,152.19
TXN_24976,CUST_2900,2023-04-28,237.64
TXN_24977,CUST_2900,2023-05-12,65.97
TXN_24978,CUST_2901,2023-08-09,97.14
TXN_24979,CUST_2901,2023-10-11,21.18
TXN_24980,CUST_2901,2023-07-10,51.49
TXN_24981,CUST_2901,2023-09-17,88.34
TXN_24982,CUST_2901,2023-09-26,24.75
TXN_24983,CUST_2901,2023-08-23,89.78
TXN_24984,CUST_2901,2023-07-08,206.94
TXN_24985,CUST_2901,2023-07-29,149.33
TXN_24986,CUST_2902,2023-07-17,82.42
TXN_24987,CUST_2903,2023-12-31,247.62
TXN_24988,CUST_2903,2023-05-25,49.96
TXN_24989,CUST_2903,2023-11-08,201.48
TXN_24990,CUST_2903,2023-06-10,100.86
TXN_24991,CUST_2904,2023-08-03,26.49
TXN_24992,CUST_2904,2023-07-28,111.1
TXN_24993,CUST_2904,2023-08-12,61.69
TXN_24994,CUST_2904,2023-07-21,89.76
TXN_24995,CUST_2905,2023-07-05,81.07
TXN_24996,CUST_2905,2023-04-16,133.69
TXN_24997,CUST_2905,2023-06-20,121.36
TXN_24998,CUST_2905,2023-06-01,153.57
TXN_24999,CUST_2905,2023-06-13,46.15
TXN_25000,CUST_2906,2023-03-21,177.92
TXN_25001,CUST_2907,2023-12-14,91.56
TXN_25002,CUST_2907,2023-12-05,32.49
TXN_25003,CUST_2907,2023-12-11,178.37
TXN_25004,CUST_2907,2023-12-14,222.85
TXN_25005,CUST_2907,2023-12-12,213.46
TXN_25006,CUST_2907,2023-11-30,95.68
TXN_25007,CUST_2907,2023-12-29,229.93
TXN_25008,CUST_2907,2023-12-05,101.14
TXN_25009,CUST_2907,2023-12-19,91.0
TXN_25010,CUST_2907,2023-11-27,165.28
TXN_25011,CUST_2907,2023-11-26,104.09
TXN_25012,CUST_2907,2023-12-15,84.38
TXN_25013,CUST_2907,2023-12-27,239.62
TXN_25014,CUST_2908,2023-12-13,148.76
TXN_25015,CUST_2908,2023-12-21,130.81
TXN_25016,CUST_2908,2023-12-11,159.47
TXN_25017,CUST_2908,2023-12-15,191.46
TXN_25018,CUST_2908,2023-12-15,190.24
TXN_25019,CUST_2908,2023-12-15,127.9
TXN_25020,CUST_2908,2023-12-08,199.58
TXN_25021,CUST_2908,2023-12-07,248.24
TXN_25022,CUST_2908,2023-12-21,172.66
TXN_25023,CUST_2908,2023-12-31,158.93
TXN_25024,CUST_2909,2023-04-13,80.14
TXN_25025,CUST_2910,2023-03-17,197.03
TXN_25026,CUST_2911,2023-03-04,141.87
TXN_25027,CUST_2911,2023-02-23,76.33
TXN_25028,CUST_2911,2023-07-02,95.5
TXN_25029,CUST_2911,2023-01-28,95.76
TXN_25030,CUST_2911,2023-05-18,206.29
TXN_25031,CUST_2911,2023-12-31,190.36
TXN_25032,CUST_2911,2023-03-27,85.29
TXN_25033,CUST_2911,2023-02-06,162.51
TXN_25034,CUST_2911,2023-04-13,174.26
TXN_25035,CUST_2912,2023-05-24,83.64
TXN_25036,CUST_2913,2023-07-05,38.12
TXN_25037,CUST_2913,2023-05-15,182.06
TXN_25038,CUST_2913,2023-06-03,114.63
TXN_25039,CUST_2913,2023-03-27,70.98
TXN_25040,CUST_2913,2023-11-21,70.16
TXN_25041,CUST_2913,2023-12-31,64.4
TXN_25042,CUST_2913,2023-04-16,17.9
TXN_25043,CUST_2914,2023-04-20,212.99
TXN_25044,CUST_2914,2023-08-10,212.75
TXN_25045,CUST_2915,2023-11-30,80.54
TXN_25046,CUST_2915,2023-12-31,186.13
TXN_25047,CUST_2916,2023-04-30,209.74
TXN_25048,CUST_2916,2023-06-18,247.0
TXN_25049,CUST_2916,2023-04-29,185.01
TXN_25050,CUST_2916,2023-06-17,233.97
TXN_25051,CUST_2916,2023-05-05,28.97
TXN_25052,CUST_2916,2023-06-16,137.58
TXN_25053,CUST_2917,2023-12-31,31.38
TXN_25054,CUST_2918,2023-08-08,217.22
TXN_25055,CUST_2918,2023-09-28,183.9
TXN_25056,CUST_2919,2023-11-01,197.51
TXN_25057,CUST_2919,2023-10-14,48.09
TXN_25058,CUST_2919,2023-07-10,114.85
TXN_25059,CUST_2919,2023-10-14,224.83
TXN_25060,CUST_2919,2023-07-08,176.31
TXN_25061,CUST_2919,2023-06-21,111.25
TXN_25062,CUST_2919,2023-07-30,194.92
TXN_25063,CUST_2919,2023-11-09,94.26
TXN_25064,CUST_2919,2023-08-04,167.15
TXN_25065,CUST_2919,2023-07-12,246.6
TXN_25066,CUST_2919,2023-10-31,84.65
TXN_25067,CUST_2919,2023-08-01,69.25
TXN_25068,CUST_2919,2023-08-02,175.58
TXN_25069,CUST_2920,2023-10-02,154.53
TXN_25070,CUST_2921,2023-12-31,137.24
TXN_25071,CUST_2921,2023-12-31,91.4
TXN_25072,CUST_2921,2023-05-28,42.17
TXN_25073,CUST_2921,2023-06-03,141.03
TXN_25074,CUST_2921,2023-09-14,249.19
TXN_25075,CUST_2921,2023-12-31,70.53
TXN_25076,CUST_2921,2023-04-25,79.54
TXN_25077,CUST_2921,2023-04-07,50.28
TXN_25078,CUST_2921,2023-05-25,220.04
TXN_25079,CUST_2921,2023-06-10,220.08
TXN_25080,CUST_2921,2023-12-31,105.04
TXN_25081,CUST_2921,2023-09-06,27.3
TXN_25082,CUST_2921,2023-05-19,101.55
TXN_25083,CUST_2922,2023-12-14,119.27
TXN_25084,CUST_2923,2023-12-09,99.9
TXN_25085,CUST_2923,2023-11-03,66.93
TXN_25086,CUST_2923,2023-11-03,69.36
TXN_25087,CUST_2923,2023-11-15,132.24
TXN_25088,CUST_2923,2023-11-26,88.49
TXN_25089,CUST_2923,2023-11-06,75.99
TXN_25090,CUST_2923,2023-12-24,137.65
TXN_25091,CUST_2923,2023-10-25,79.1
TXN_25092,CUST_2923,2023-10-23,21.54
TXN_25093,CUST_2923,2023-11-07,94.22
TXN_25094,CUST_2923,2023-12-31,55.26
TXN_25095,CUST_2924,2023-03-08,33.77
TXN_25096,CUST_2924,2023-08-28,162.96
TXN_25097,CUST_2924,2023-04-02,192.94
TXN_25098,CUST_2924,2023-03-14,166.63
TXN_25099,CUST_2924,2023-12-31,50.25
TXN_25100,CUST_2924,2023-03-15,124.94
TXN_25101,CUST_2924,2023-06-12,21.24
TXN_25102,CUST_2924,2023-05-09,34.55
TXN_25103,CUST_2924,2023-03-28,182.41
TXN_25104,CUST_2924,2023-07-14,186.49
TXN_25105,CUST_2924,2023-03-06,199.89
TXN_25106,CUST_2925,2023-12-06,188.11
TXN_25107,CUST_2925,2023-05-19,71.36
TXN_25108,CUST_2925,2023-06-27,151.96
TXN_25109,CUST_2925,2023-08-17,64.4
TXN_25110,CUST_2925,2023-10-02,213.74
TXN_25111,CUST_2925,2023-08-02,231.46
TXN_25112,CUST_2925,2023-09-21,67.08
TXN_25113,CUST_2925,2023-09-16,239.0
TXN_25114,CUST_2925,2023-05-29,244.99
TXN_25115,CUST_2925,2023-05-19,137.71
TXN_25116,CUST_2925,2023-09-07,200.75
TXN_25117,CUST_2925,2023-08-26,139.4
TXN_25118,CUST_2926,2023-07-28,34.0
TXN_25119,CUST_2926,2023-12-31,58.91
TXN_25120,CUST_2926,2023-05-18,128.02
TXN_25121,CUST_2926,2023-10-21,184.8
TXN_25122,CUST_2926,2023-04-22,118.07
TXN_25123,CUST_2926,2023-06-17,180.0
TXN_25124,CUST_2926,2023-06-23,122.47
TXN_25125,CUST_2926,2023-08-15,103.84
TXN_25126,CUST_2926,2023-12-31,237.73
TXN_25127,CUST_2926,2023-07-26,222.41
TXN_25128,CUST_2926,2023-05-23,151.65
TXN_25129,CUST_2926,2023-05-07,223.13
TXN_25130,CUST_2926,2023-06-04,140.99
TXN_25131,CUST_2927,2023-11-30,34.33
TXN_25132,CUST_2927,2023-08-01,85.13
TXN_25133,CUST_2927,2023-12-31,146.42
TXN_25134,CUST_2927,2023-11-10,115.12
TXN_25135,CUST_2927,2023-09-22,82.35
TXN_25136,CUST_2927,2023-11-28,121.96
TXN_25137,CUST_2928,2023-11-20,227.37
TXN_25138,CUST_2928,2023-09-29,231.5
TXN_25139,CUST_2929,2023-11-17,58.22
TXN_25140,CUST_2929,2023-11-24,95.54
TXN_25141,CUST_2929,2023-11-23,123.29
TXN_25142,CUST_2929,2023-11-17,57.58
TXN_25143,CUST_2929,2023-12-13,53.24
TXN_25144,CUST_2929,2023-12-01,113.35
TXN_25145,CUST_2929,2023-12-31,30.53
TXN_25146,CUST_2929,2023-12-12,130.49
TXN_25147,CUST_2929,2023-11-15,76.96
TXN_25148,CUST_2929,2023-11-23,88.84
TXN_25149,CUST_2930,2023-11-06,99.82
TXN_25150,CUST_2931,2023-07-26,34.76
TXN_25151,CUST_2931,2023-06-16,128.4
TXN_25152,CUST_2931,2023-02-16,77.21
TXN_25153,CUST_2931,2023-02-06,99.66
TXN_25154,CUST_2931,2023-03-05,104.79
TXN_25155,CUST_2931,2023-05-08,187.1
TXN_25156,CUST_2931,2023-05-15,174.42
TXN_25157,CUST_2932,2023-11-30,50.99
TXN_25158,CUST_2932,2023-10-12,133.05
TXN_25159,CUST_2932,2023-10-17,45.94
TXN_25160,CUST_2933,2023-12-31,96.53
TXN_25161,CUST_2934,2023-06-27,168.89
TXN_25162,CUST_2934,2023-06-19,228.28
TXN_25163,CUST_2934,2023-10-16,124.25
TXN_25164,CUST_2934,2023-06-17,131.68
TXN_25165,CUST_2934,2023-06-14,78.41
TXN_25166,CUST_2934,2023-07-19,19.97
TXN_25167,CUST_2934,2023-09-13,61.27
TXN_25168,CUST_2934,2023-10-22,20.23
TXN_25169,CUST_2934,2023-07-26,197.51
TXN_25170,CUST_2934,2023-06-22,181.27
TXN_25171,CUST_2934,2023-08-31,164.89
TXN_25172,CUST_2935,2023-08-08,162.68
TXN_25173,CUST_2936,2023-08-28,91.73
TXN_25174,CUST_2936,2023-12-03,58.66
TXN_25175,CUST_2936,2023-08-21,226.13
TXN_25176,CUST_2936,2023-08-22,139.87
TXN_25177,CUST_2936,2023-08-03,246.45
TXN_25178,CUST_2936,2023-10-28,164.08
TXN_25179,CUST_2936,2023-08-05,32.59
TXN_25180,CUST_2936,2023-09-10,81.99
TXN_25181,CUST_2936,2023-09-20,155.58
TXN_25182,CUST_2936,2023-11-01,81.12
TXN_25183,CUST_2936,2023-09-14,197.68
TXN_25184,CUST_2936,2023-09-04,210.2
TXN_25185,CUST_2936,2023-08-09,187.47
TXN_25186,CUST_2936,2023-12-24,92.99
TXN_25187,CUST_2937,2023-05-29,165.75
TXN_25188,CUST_2938,2023-08-23,70.08
TXN_25189,CUST_2938,2023-11-23,83.63
TXN_25190,CUST_2938,2023-08-26,20.33
TXN_25191,CUST_2938,2023-09-04,65.8
TXN_25192,CUST_2938,2023-08-24,238.51
TXN_25193,CUST_2938,2023-09-02,16.45
TXN_25194,CUST_2938,2023-12-26,150.95
TXN_25195,CUST_2938,2023-08-23,22.38
TXN_25196,CUST_2938,2023-08-25,154.0
TXN_25197,CUST_2939,2023-09-12,168.35
TXN_25198,CUST_2940,2023-05-22,241.51
TXN_25199,CUST_2941,2023-08-15,41.02
TXN_25200,CUST_2941,2023-12-29,161.28
TXN_25201,CUST_2941,2023-08-05,29.63
TXN_25202,CUST_2941,2023-09-18,141.93
TXN_25203,CUST_2941,2023-08-05,67.71
TXN_25204,CUST_2941,2023-12-13,149.42
TXN_25205,CUST_2941,2023-08-31,73.79
TXN_25206,CUST_2941,2023-08-09,109.62
TXN_25207,CUST_2941,2023-12-08,26.45
TXN_25208,CUST_2942,2023-05-09,107.43
TXN_25209,CUST_2942,2023-05-17,173.86
TXN_25210,CUST_2942,2023-05-03,119.27
TXN_25211,CUST_2942,2023-05-23,154.92
TXN_25212,CUST_2942,2023-09-05,232.04
TXN_25213,CUST_2942,2023-12-31,97.53
TXN_25214,CUST_2942,2023-10-03,154.11
TXN_25215,CUST_2942,2023-08-01,215.02
TXN_25216,CUST_2942,2023-05-07,237.64
TXN_25217,CUST_2942,2023-06-30,93.96
TXN_25218,CUST_2942,2023-05-30,191.49
TXN_25219,CUST_2942,2023-07-29,186.43
TXN_25220,CUST_2942,2023-05-20,55.0
TXN_25221,CUST_2942,2023-08-10,85.14
TXN_25222,CUST_2943,2023-04-23,49.87
TXN_25223,CUST_2944,2023-11-29,67.0
TXN_25224,CUST_2944,2023-10-09,153.06
TXN_25225,CUST_2944,2023-10-05,214.16
TXN_25226,CUST_2944,2023-10-11,151.68
TXN_25227,CUST_2944,2023-10-05,24.73
TXN_25228,CUST_2944,2023-10-03,25.86
TXN_25229,CUST_2944,2023-10-17,152.86
TXN_25230,CUST_2944,2023-09-28,36.26
TXN_25231,CUST_2944,2023-10-18,202.81
TXN_25232,CUST_2944,2023-10-28,39.61
TXN_25233,CUST_2945,2023-06-21,46.03
TXN_25234,CUST_2945,2023-07-24,139.67
TXN_25235,CUST_2946,2023-12-31,61.85
TXN_25236,CUST_2946,2023-04-11,198.62
TXN_25237,CUST_2946,2023-08-02,187.06
TXN_25238,CUST_2946,2023-09-15,180.1
TXN_25239,CUST_2946,2023-06-10,122.85
TXN_25240,CUST_2946,2023-05-02,110.45
TXN_25241,CUST_2946,2023-06-06,110.57
TXN_25242,CUST_2946,2023-03-15,40.03
TXN_25243,CUST_2947,2023-12-31,75.61
TXN_25244,CUST_2947,2023-11-01,56.23
TXN_25245,CUST_2947,2023-10-21,183.51
TXN_25246,CUST_2947,2023-11-07,112.36
TXN_25247,CUST_2947,2023-12-25,197.14
TXN_25248,CUST_2947,2023-10-19,124.38
TXN_25249,CUST_2948,2023-03-02,170.96
TXN_25250,CUST_2948,2023-03-19,66.45
TXN_25251,CUST_2948,2023-03-26,194.37
TXN_25252,CUST_2948,2023-04-08,85.47
TXN_25253,CUST_2948,2023-08-15,222.19
TXN_25254,CUST_2948,2023-03-31,103.05
TXN_25255,CUST_2948,2023-05-13,28.62
TXN_25256,CUST_2948,2023-06-07,198.84
TXN_25257,CUST_2948,2023-03-24,56.03
TXN_25258,CUST_2948,2023-01-29,164.75
TXN_25259,CUST_2948,2023-03-02,124.01
TXN_25260,CUST_2948,2023-03-22,56.1
TXN_25261,CUST_2949,2023-05-01,221.37
TXN_25262,CUST_2949,2023-06-29,164.91
TXN_25263,CUST_2949,2023-07-14,188.5
TXN_25264,CUST_2949,2023-05-13,113.54
TXN_25265,CUST_2949,2023-11-01,131.85
TXN_25266,CUST_2949,2023-03-31,137.58
TXN_25267,CUST_2949,2023-03-10,184.98
TXN_25268,CUST_2950,2023-09-09,237.39
TXN_25269,CUST_2951,2023-09-20,136.42
TXN_25270,CUST_2951,2023-11-30,218.73
TXN_25271,CUST_2951,2023-12-23,128.77
TXN_25272,CUST_2951,2023-09-30,171.46
TXN_25273,CUST_2951,2023-09-30,24.86
TXN_25274,CUST_2951,2023-10-28,81.03
TXN_25275,CUST_2951,2023-09-12,19.85
TXN_25276,CUST_2951,2023-12-19,74.24
TXN_25277,CUST_2951,2023-10-02,238.39
TXN_25278,CUST_2951,2023-10-04,33.47
TXN_25279,CUST_2951,2023-10-10,35.73
TXN_25280,CUST_2951,2023-09-14,215.1
TXN_25281,CUST_2952,2023-06-14,134.6
TXN_25282,CUST_2953,2023-06-11,31.21
TXN_25283,CUST_2954,2023-05-01,68.67
TXN_25284,CUST_2955,2023-09-08,15.97
TXN_25285,CUST_2955,2023-08-31,61.0
TXN_25286,CUST_2955,2023-09-26,192.69
TXN_25287,CUST_2955,2023-09-15,58.69
TXN_25288,CUST_2955,2023-08-17,88.68
TXN_25289,CUST_2955,2023-10-29,113.59
TXN_25290,CUST_2955,2023-08-28,19.87
TXN_25291,CUST_2955,2023-09-15,175.93
TXN_25292,CUST_2956,2023-10-15,113.87
TXN_25293,CUST_2957,2023-09-14,166.18
TXN_25294,CUST_2957,2023-07-14,54.86
TXN_25295,CUST_2957,2023-07-02,16.49
TXN_25296,CUST_2958,2023-10-17,153.94
TXN_25297,CUST_2958,2023-12-31,78.72
TXN_25298,CUST_2958,2023-10-24,191.84
TXN_25299,CUST_2958,2023-11-08,212.1
TXN_25300,CUST_2958,2023-10-27,89.95
TXN_25301,CUST_2958,2023-10-27,97.24
TXN_25302,CUST_2958,2023-10-11,145.42
TXN_25303,CUST_2958,2023-10-07,23.6
TXN_25304,CUST_2958,2023-10-07,173.06
TXN_25305,CUST_2958,2023-10-20,131.12
TXN_25306,CUST_2959,2023-04-25,99.2
TXN_25307,CUST_2960,2023-09-05,38.91
TXN_25308,CUST_2961,2023-10-13,15.77
TXN_25309,CUST_2961,2023-08-18,219.67
TXN_25310,CUST_2961,2023-08-08,185.74
TXN_25311,CUST_2961,2023-09-14,50.77
TXN_25312,CUST_2961,2023-10-07,41.44
TXN_25313,CUST_2961,2023-09-26,247.88
TXN_25314,CUST_2961,2023-12-31,203.06
TXN_25315,CUST_2961,2023-08-27,173.58
TXN_25316,CUST_2962,2023-11-16,156.06
TXN_25317,CUST_2962,2023-11-07,45.9
TXN_25318,CUST_2962,2023-11-13,216.02
TXN_25319,CUST_2962,2023-11-08,161.1
TXN_25320,CUST_2963,2023-09-28,197.82
TXN_25321,CUST_2963,2023-10-22,152.59
TXN_25322,CUST_2963,2023-11-12,67.37
TXN_25323,CUST_2964,2023-09-28,39.69
TXN_25324,CUST_2964,2023-09-29,159.5
TXN_25325,CUST_2964,2023-09-28,148.97
TXN_25326,CUST_2965,2023-12-06,163.33
TXN_25327,CUST_2965,2023-07-26,171.16
TXN_25328,CUST_2965,2023-06-22,229.68
TXN_25329,CUST_2965,2023-04-26,115.51
TXN_25330,CUST_2965,2023-04-30,194.82
TXN_25331,CUST_2965,2023-09-27,99.01
TXN_25332,CUST_2965,2023-03-29,131.12
TXN_25333,CUST_2965,2023-12-31,62.87
TXN_25334,CUST_2965,2023-05-12,78.78
TXN_25335,CUST_2966,2023-02-25,106.29
TXN_25336,CUST_2966,2023-06-23,170.38
TXN_25337,CUST_2966,2023-12-31,58.59
TXN_25338,CUST_2966,2023-04-11,120.54
TXN_25339,CUST_2966,2023-11-02,17.5
TXN_25340,CUST_2966,2023-12-31,127.74
TXN_25341,CUST_2967,2023-10-24,171.5
TXN_25342,CUST_2967,2023-10-27,239.89
TXN_25343,CUST_2967,2023-11-14,214.67
TXN_25344,CUST_2967,2023-11-30,146.08
TXN_25345,CUST_2967,2023-11-06,131.75
TXN_25346,CUST_2967,2023-11-29,165.51
TXN_25347,CUST_2967,2023-10-29,158.2
TXN_25348,CUST_2967,2023-11-04,29.4
TXN_25349,CUST_2967,2023-11-03,68.49
TXN_25350,CUST_2967,2023-12-04,39.67
TXN_25351,CUST_2967,2023-11-03,178.44
TXN_25352,CUST_2967,2023-12-14,93.8
TXN_25353,CUST_2967,2023-11-14,102.81
TXN_25354,CUST_2968,2023-07-09,164.44
TXN_25355,CUST_2969,2023-05-05,35.87
TXN_25356,CUST_2969,2023-04-19,58.27
TXN_25357,CUST_2969,2023-07-31,198.29
TXN_25358,CUST_2969,2023-08-13,242.72
TXN_25359,CUST_2969,2023-10-13,131.98
TXN_25360,CUST_2969,2023-05-15,230.21
TXN_25361,CUST_2969,2023-06-22,84.18
TXN_25362,CUST_2969,2023-06-11,248.16
TXN_25363,CUST_2969,2023-09-18,81.1
TXN_25364,CUST_2969,2023-12-31,245.64
TXN_25365,CUST_2970,2023-10-19,222.55
TXN_25366,CUST_2971,2023-06-18,86.74
TXN_25367,CUST_2972,2023-03-30,118.09
TXN_25368,CUST_2972,2023-05-24,132.44
TXN_25369,CUST_2972,2023-02-23,136.15
TXN_25370,CUST_2972,2023-03-02,137.01
TXN_25371,CUST_2973,2023-09-01,82.66
TXN_25372,CUST_2974,2023-05-13,218.73
TXN_25373,CUST_2975,2023-08-30,137.15
TXN_25374,CUST_2976,2023-04-14,215.45
TXN_25375,CUST_2977,2023-12-23,219.71
TXN_25376,CUST_2978,2023-10-04,210.61
TXN_25377,CUST_2978,2023-10-08,182.94
TXN_25378,CUST_2979,2023-12-22,80.41
TXN_25379,CUST_2979,2023-10-01,78.62
TXN_25380,CUST_2979,2023-09-25,116.22
TXN_25381,CUST_2980,2023-12-08,204.96
TXN_25382,CUST_2980,2023-12-10,223.78
TXN_25383,CUST_2980,2023-12-08,67.81
TXN_25384,CUST_2980,2023-12-03,219.07
TXN_25385,CUST_2980,2023-12-02,42.64
TXN_25386,CUST_2980,2023-12-02,114.58
TXN_25387,CUST_2980,2023-12-09,19.67
TXN_25388,CUST_2980,2023-12-09,107.53
TXN_25389,CUST_2980,2023-12-16,210.04
TXN_25390,CUST_2980,2023-12-13,126.27
TXN_25391,CUST_2980,2023-12-04,214.07
TXN_25392,CUST_2980,2023-12-06,98.73
TXN_25393,CUST_2980,2023-12-25,244.27
TXN_25394,CUST_2980,2023-12-24,249.59
TXN_25395,CUST_2981,2023-12-31,84.05
TXN_25396,CUST_2981,2023-12-31,238.94
TXN_25397,CUST_2981,2023-12-31,221.01
TXN_25398,CUST_2981,2023-12-31,71.58
TXN_25399,CUST_2981,2023-12-31,129.95
TXN_25400,CUST_2981,2023-12-31,31.46
TXN_25401,CUST_2982,2023-10-19,57.03
TXN_25402,CUST_2982,2023-10-13,81.53
TXN_25403,CUST_2982,2023-10-15,44.49
TXN_25404,CUST_2982,2023-09-25,205.05
TXN_25405,CUST_2982,2023-10-04,173.34
TXN_25406,CUST_2982,2023-10-10,95.06
TXN_25407,CUST_2982,2023-10-10,206.22
TXN_25408,CUST_2982,2023-09-27,114.04
TXN_25409,CUST_2982,2023-09-23,97.53
TXN_25410,CUST_2982,2023-12-01,199.64
TXN_25411,CUST_2982,2023-10-02,46.11
TXN_25412,CUST_2983,2023-12-21,84.52
TXN_25413,CUST_2983,2023-11-22,52.09
TXN_25414,CUST_2983,2023-10-15,122.2
TXN_25415,CUST_2983,2023-10-17,227.21
TXN_25416,CUST_2983,2023-10-11,155.36
TXN_25417,CUST_2983,2023-11-04,30.52
TXN_25418,CUST_2983,2023-11-15,125.19
TXN_25419,CUST_2983,2023-11-14,209.33
TXN_25420,CUST_2983,2023-10-20,128.85
TXN_25421,CUST_2983,2023-10-18,62.36
TXN_25422,CUST_2984,2023-12-31,118.62
TXN_25423,CUST_2985,2023-12-29,82.76
TXN_25424,CUST_2986,2023-03-31,29.79
TXN_25425,CUST_2987,2023-09-30,228.11
TXN_25426,CUST_2988,2023-05-09,180.09
TXN_25427,CUST_2988,2023-06-18,82.68
TXN_25428,CUST_2988,2023-06-24,32.01
TXN_25429,CUST_2988,2023-06-17,88.95
TXN_25430,CUST_2988,2023-09-12,56.09
TXN_25431,CUST_2988,2023-08-28,132.59
TXN_25432,CUST_2989,2023-12-31,187.54
TXN_25433,CUST_2990,2023-06-26,226.48
TXN_25434,CUST_2991,2023-12-31,222.78
TXN_25435,CUST_2991,2023-07-28,97.21
TXN_25436,CUST_2991,2023-07-03,23.27
TXN_25437,CUST_2992,2023-12-15,240.27
TXN_25438,CUST_2993,2023-05-25,133.01
TXN_25439,CUST_2993,2023-04-14,63.84
TXN_25440,CUST_2993,2023-09-15,127.41
TXN_25441,CUST_2993,2023-05-04,101.69
TXN_25442,CUST_2993,2023-05-10,145.71
TXN_25443,CUST_2993,2023-04-15,67.87
TXN_25444,CUST_2993,2023-05-19,233.13
TXN_25445,CUST_2993,2023-07-05,133.5
TXN_25446,CUST_2993,2023-04-29,146.1
TXN_25447,CUST_2994,2023-09-23,249.32
TXN_25448,CUST_2994,2023-10-11,90.1
TXN_25449,CUST_2994,2023-10-11,76.97
TXN_25450,CUST_2994,2023-09-18,224.04
TXN_25451,CUST_2994,2023-10-06,191.93
TXN_25452,CUST_2994,2023-12-31,163.66
TXN_25453,CUST_2994,2023-10-28,236.66
TXN_25454,CUST_2994,2023-10-12,90.18
TXN_25455,CUST_2994,2023-12-15,31.21
TXN_25456,CUST_2995,2023-09-19,198.8
TXN_25457,CUST_2996,2023-10-10,178.21
TXN_25458,CUST_2996,2023-12-17,212.69
TXN_25459,CUST_2996,2023-10-08,89.47
TXN_25460,CUST_2996,2023-10-23,149.33
TXN_25461,CUST_2996,2023-10-08,69.05
TXN_25462,CUST_2996,2023-11-13,186.62
TXN_25463,CUST_2996,2023-11-25,234.24
TXN_25464,CUST_2996,2023-10-13,217.0
TXN_25465,CUST_2996,2023-11-03,240.08
TXN_25466,CUST_2996,2023-10-11,78.37
TXN_25467,CUST_2996,2023-11-07,233.18
TXN_25468,CUST_2997,2023-05-17,155.24
TXN_25469,CUST_2997,2023-10-10,57.16
TXN_25470,CUST_2997,2023-04-13,163.48
TXN_25471,CUST_2997,2023-04-23,120.83
TXN_25472,CUST_2997,2023-12-31,236.37
TXN_25473,CUST_2997,2023-05-16,118.3
TXN_25474,CUST_2997,2023-07-07,135.54
TXN_25475,CUST_2997,2023-12-31,176.2
TXN_25476,CUST_2997,2023-02-08,109.45
TXN_25477,CUST_2997,2023-06-26,212.96
TXN_25478,CUST_2997,2023-08-06,244.65
TXN_25479,CUST_2997,2023-04-16,47.92
TXN_25480,CUST_2998,2023-07-21,28.95
TXN_25481,CUST_2998,2023-06-13,159.84
TXN_25482,CUST_2998,2023-06-17,135.6
TXN_25483,CUST_2998,2023-11-15,97.26
TXN_25484,CUST_2998,2023-06-17,207.64
TXN_25485,CUST_2998,2023-06-15,33.32
TXN_25486,CUST_2998,2023-06-01,237.97
TXN_25487,CUST_2998,2023-12-08,67.83
TXN_25488,CUST_2998,2023-07-17,47.28
TXN_25489,CUST_2998,2023-08-10,58.55
TXN_25490,CUST_2999,2023-08-05,91.47
TXN_25491,CUST_3000,2023-12-05,194.16
TXN_25492,CUST_3001,2023-04-01,216.66
TXN_25493,CUST_3001,2023-02-05,192.91
TXN_25494,CUST_3001,2023-11-25,189.23
TXN_25495,CUST_3001,2023-03-17,69.16
TXN_25496,CUST_3001,2023-01-28,165.96
TXN_25497,CUST_3001,2023-02-02,212.0
TXN_25498,CUST_3001,2023-12-31,46.91
TXN_25499,CUST_3001,2023-03-11,235.26
TXN_25500,CUST_3001,2023-03-31,140.82
TXN_25501,CUST_3001,2023-06-25,64.48
TXN_25502,CUST_3001,2023-12-31,198.51
TXN_25503,CUST_3001,2023-02-05,41.1
TXN_25504,CUST_3001,2023-11-29,175.98
TXN_25505,CUST_3001,2023-01-20,48.37
TXN_25506,CUST_3002,2023-12-31,131.99
TXN_25507,CUST_3003,2023-05-13,136.67
TXN_25508,CUST_3003,2023-12-31,41.19
TXN_25509,CUST_3003,2023-12-31,53.93
TXN_25510,CUST_3003,2023-05-07,94.34
TXN_25511,CUST_3003,2023-12-31,129.09
TXN_25512,CUST_3003,2023-03-06,67.1
TXN_25513,CUST_3003,2023-04-29,173.95
TXN_25514,CUST_3003,2023-05-26,214.73
TXN_25515,CUST_3003,2023-08-28,153.77
TXN_25516,CUST_3003,2023-05-28,80.37
TXN_25517,CUST_3003,2023-12-31,33.06
TXN_25518,CUST_3003,2023-04-23,170.3
TXN_25519,CUST_3004,2023-05-20,126.63
TXN_25520,CUST_3004,2023-04-27,55.68
TXN_25521,CUST_3004,2023-04-24,146.64
TXN_25522,CUST_3004,2023-07-11,230.29
TXN_25523,CUST_3004,2023-06-24,76.24
TXN_25524,CUST_3004,2023-04-24,222.96
TXN_25525,CUST_3004,2023-06-13,188.27
TXN_25526,CUST_3004,2023-04-20,129.71
TXN_25527,CUST_3004,2023-05-22,22.13
TXN_25528,CUST_3004,2023-08-24,135.53
TXN_25529,CUST_3005,2023-07-27,120.03
TXN_25530,CUST_3006,2023-12-23,75.09
TXN_25531,CUST_3007,2023-12-31,51.11
TXN_25532,CUST_3007,2023-12-24,147.07
TXN_25533,CUST_3007,2023-12-31,149.69
TXN_25534,CUST_3007,2023-10-30,191.15
TXN_25535,CUST_3007,2023-11-20,127.23
TXN_25536,CUST_3007,2023-11-01,159.5
TXN_25537,CUST_3007,2023-10-12,207.89
TXN_25538,CUST_3007,2023-10-02,54.28
TXN_25539,CUST_3007,2023-11-07,164.81
TXN_25540,CUST_3007,2023-10-08,164.26
TXN_25541,CUST_3007,2023-11-12,65.99
TXN_25542,CUST_3008,2023-07-31,84.0
TXN_25543,CUST_3008,2023-11-16,201.67
TXN_25544,CUST_3008,2023-09-28,116.79
TXN_25545,CUST_3008,2023-06-15,175.52
TXN_25546,CUST_3008,2023-07-12,219.55
TXN_25547,CUST_3008,2023-09-21,49.15
TXN_25548,CUST_3008,2023-08-12,177.67
TXN_25549,CUST_3009,2023-12-31,67.26
TXN_25550,CUST_3009,2023-10-26,121.72
TXN_25551,CUST_3009,2023-10-15,234.18
TXN_25552,CUST_3009,2023-10-13,86.73
TXN_25553,CUST_3009,2023-09-25,224.62
TXN_25554,CUST_3009,2023-12-31,74.18
TXN_25555,CUST_3009,2023-10-31,133.85
TXN_25556,CUST_3009,2023-10-28,241.59
TXN_25557,CUST_3009,2023-09-28,188.89
TXN_25558,CUST_3009,2023-10-07,168.35
TXN_25559,CUST_3009,2023-10-05,181.46
TXN_25560,CUST_3010,2023-06-09,181.57
TXN_25561,CUST_3011,2023-08-29,143.35
TXN_25562,CUST_3012,2023-07-01,206.12
TXN_25563,CUST_3013,2023-10-26,166.86
TXN_25564,CUST_3014,2023-12-31,124.04
TXN_25565,CUST_3014,2023-05-24,183.77
TXN_25566,CUST_3014,2023-07-20,206.81
TXN_25567,CUST_3014,2023-12-31,25.54
TXN_25568,CUST_3014,2023-08-22,247.45
TXN_25569,CUST_3014,2023-07-08,183.19
TXN_25570,CUST_3015,2023-10-19,187.39
TXN_25571,CUST_3015,2023-12-06,26.09
TXN_25572,CUST_3016,2023-12-04,143.79
TXN_25573,CUST_3017,2023-04-25,244.0
TXN_25574,CUST_3018,2023-06-16,130.51
TXN_25575,CUST_3018,2023-05-28,97.3
TXN_25576,CUST_3018,2023-12-31,101.5
TXN_25577,CUST_3018,2023-06-21,19.67
TXN_25578,CUST_3018,2023-06-17,194.4
TXN_25579,CUST_3018,2023-07-06,169.41
TXN_25580,CUST_3018,2023-07-13,39.79
TXN_25581,CUST_3018,2023-06-11,178.14
TXN_25582,CUST_3018,2023-07-11,173.62
TXN_25583,CUST_3018,2023-06-14,60.52
TXN_25584,CUST_3019,2023-12-23,118.61
TXN_25585,CUST_3019,2023-12-23,188.33
TXN_25586,CUST_3019,2023-12-19,75.47
TXN_25587,CUST_3019,2023-12-19,212.68
TXN_25588,CUST_3019,2023-12-23,120.93
TXN_25589,CUST_3019,2023-12-25,183.44
TXN_25590,CUST_3019,2023-12-28,33.05
TXN_25591,CUST_3019,2023-12-21,181.09
TXN_25592,CUST_3019,2023-12-19,91.87
TXN_25593,CUST_3019,2023-12-21,201.67
TXN_25594,CUST_3019,2023-12-21,130.82
TXN_25595,CUST_3019,2023-12-21,68.72
TXN_25596,CUST_3019,2023-12-29,89.68
TXN_25597,CUST_3020,2023-07-19,129.34
TXN_25598,CUST_3020,2023-08-22,159.73
TXN_25599,CUST_3020,2023-08-04,76.05
TXN_25600,CUST_3020,2023-08-21,170.01
TXN_25601,CUST_3020,2023-07-17,83.99
TXN_25602,CUST_3020,2023-10-10,128.78
TXN_25603,CUST_3020,2023-12-31,218.87
TXN_25604,CUST_3020,2023-08-07,185.67
TXN_25605,CUST_3020,2023-08-02,56.19
TXN_25606,CUST_3020,2023-11-11,97.31
TXN_25607,CUST_3020,2023-07-27,241.77
TXN_25608,CUST_3020,2023-07-16,101.22
TXN_25609,CUST_3021,2023-10-27,109.28
TXN_25610,CUST_3022,2023-07-22,75.35
TXN_25611,CUST_3022,2023-10-17,169.52
TXN_25612,CUST_3022,2023-10-18,79.87
TXN_25613,CUST_3022,2023-08-13,182.83
TXN_25614,CUST_3022,2023-07-07,205.88
TXN_25615,CUST_3022,2023-06-03,154.81
TXN_25616,CUST_3023,2023-05-17,119.38
TXN_25617,CUST_3023,2023-09-18,171.04
TXN_25618,CUST_3023,2023-08-08,76.67
TXN_25619,CUST_3023,2023-05-13,120.9
TXN_25620,CUST_3023,2023-06-18,237.6
TXN_25621,CUST_3023,2023-05-18,197.46
TXN_25622,CUST_3023,2023-06-19,209.96
TXN_25623,CUST_3023,2023-07-04,207.82
TXN_25624,CUST_3023,2023-06-30,109.44
TXN_25625,CUST_3023,2023-12-31,101.68
TXN_25626,CUST_3023,2023-09-16,30.75
TXN_25627,CUST_3023,2023-05-18,117.96
TXN_25628,CUST_3023,2023-07-20,158.01
TXN_25629,CUST_3024,2023-10-08,45.53
TXN_25630,CUST_3025,2023-07-09,43.87
TXN_25631,CUST_3025,2023-07-13,38.08
TXN_25632,CUST_3025,2023-07-25,140.03
TXN_25633,CUST_3025,2023-07-15,234.75
TXN_25634,CUST_3025,2023-10-28,243.34
TXN_25635,CUST_3025,2023-07-10,215.08
TXN_25636,CUST_3025,2023-10-11,226.99
TXN_25637,CUST_3025,2023-08-21,200.15
TXN_25638,CUST_3025,2023-07-11,32.83
TXN_25639,CUST_3025,2023-07-15,229.98
TXN_25640,CUST_3026,2023-09-25,233.65
TXN_25641,CUST_3027,2023-10-17,200.48
TXN_25642,CUST_3028,2023-07-31,140.58
TXN_25643,CUST_3029,2023-04-07,105.78
TXN_25644,CUST_3029,2023-04-19,187.53
TXN_25645,CUST_3029,2023-04-12,49.73
TXN_25646,CUST_3029,2023-07-18,122.63
TXN_25647,CUST_3029,2023-03-09,200.66
TXN_25648,CUST_3029,2023-05-29,130.0
TXN_25649,CUST_3030,2023-12-30,27.32
TXN_25650,CUST_3030,2023-12-30,152.06
TXN_25651,CUST_3030,2023-12-30,239.81
TXN_25652,CUST_3030,2023-12-30,80.76
TXN_25653,CUST_3030,2023-12-30,215.98
TXN_25654,CUST_3031,2023-12-30,75.2
TXN_25655,CUST_3032,2023-09-04,103.54
TXN_25656,CUST_3032,2023-08-22,55.63
TXN_25657,CUST_3032,2023-08-21,106.98
TXN_25658,CUST_3032,2023-08-30,172.99
TXN_25659,CUST_3032,2023-08-31,202.13
TXN_25660,CUST_3032,2023-09-21,59.56
TXN_25661,CUST_3032,2023-08-17,33.62
TXN_25662,CUST_3032,2023-12-26,223.34
TXN_25663,CUST_3033,2023-09-15,240.69
TXN_25664,CUST_3034,2023-08-29,105.49
TXN_25665,CUST_3034,2023-08-27,142.69
TXN_25666,CUST_3034,2023-10-09,203.76
TXN_25667,CUST_3034,2023-12-10,99.42
TXN_25668,CUST_3034,2023-12-16,159.98
TXN_25669,CUST_3034,2023-09-05,223.51
TXN_25670,CUST_3034,2023-09-23,121.76
TXN_25671,CUST_3034,2023-08-14,183.61
TXN_25672,CUST_3034,2023-08-17,83.01
TXN_25673,CUST_3034,2023-12-31,51.48
TXN_25674,CUST_3034,2023-08-31,234.1
TXN_25675,CUST_3034,2023-09-02,92.24
TXN_25676,CUST_3034,2023-10-01,45.87
TXN_25677,CUST_3034,2023-12-31,79.63
TXN_25678,CUST_3035,2023-06-05,28.52
TXN_25679,CUST_3035,2023-05-20,137.66
TXN_25680,CUST_3035,2023-07-17,206.72
TXN_25681,CUST_3035,2023-05-15,98.7
TXN_25682,CUST_3035,2023-05-28,99.1
TXN_25683,CUST_3035,2023-06-14,98.26
TXN_25684,CUST_3035,2023-06-08,194.53
TXN_25685,CUST_3036,2023-03-21,82.17
TXN_25686,CUST_3036,2023-04-30,244.25
TXN_25687,CUST_3036,2023-03-17,87.38
TXN_25688,CUST_3036,2023-11-28,87.07
TXN_25689,CUST_3036,2023-04-10,186.57
TXN_25690,CUST_3036,2023-07-26,125.96
TXN_25691,CUST_3036,2023-12-24,62.64
TXN_25692,CUST_3036,2023-11-07,192.54
TXN_25693,CUST_3036,2023-04-30,204.62
TXN_25694,CUST_3037,2023-10-16,233.54
TXN_25695,CUST_3038,2023-10-04,106.42
TXN_25696,CUST_3039,2023-10-21,231.83
TXN_25697,CUST_3040,2023-10-01,27.74
TXN_25698,CUST_3040,2023-10-14,236.23
TXN_25699,CUST_3040,2023-09-25,225.17
TXN_25700,CUST_3040,2023-11-09,53.0
TXN_25701,CUST_3040,2023-11-04,136.43
TXN_25702,CUST_3040,2023-12-11,59.52
TXN_25703,CUST_3040,2023-09-10,71.7
TXN_25704,CUST_3040,2023-09-07,90.22
TXN_25705,CUST_3040,2023-09-17,112.81
TXN_25706,CUST_3040,2023-09-29,49.01
TXN_25707,CUST_3040,2023-10-12,67.54
TXN_25708,CUST_3041,2023-10-05,20.34
TXN_25709,CUST_3042,2023-07-18,222.46
TXN_25710,CUST_3043,2023-08-04,84.41
TXN_25711,CUST_3043,2023-06-26,88.21
TXN_25712,CUST_3043,2023-10-03,28.6
TXN_25713,CUST_3043,2023-08-21,229.64
TXN_25714,CUST_3043,2023-07-22,226.86
TXN_25715,CUST_3043,2023-11-18,158.26
TXN_25716,CUST_3043,2023-07-22,188.35
TXN_25717,CUST_3043,2023-11-25,174.81
TXN_25718,CUST_3043,2023-06-27,207.71
TXN_25719,CUST_3043,2023-12-31,111.41
TXN_25720,CUST_3044,2023-07-05,153.43
TXN_25721,CUST_3044,2023-07-22,210.28
TXN_25722,CUST_3044,2023-10-06,249.64
TXN_25723,CUST_3044,2023-07-17,29.52
TXN_25724,CUST_3044,2023-08-04,34.6
TXN_25725,CUST_3044,2023-07-11,155.37
TXN_25726,CUST_3044,2023-08-23,25.18
TXN_25727,CUST_3044,2023-08-04,139.6
TXN_25728,CUST_3044,2023-07-18,219.93
TXN_25729,CUST_3044,2023-07-09,74.67
TXN_25730,CUST_3044,2023-07-09,42.39
TXN_25731,CUST_3044,2023-11-06,80.3
TXN_25732,CUST_3044,2023-09-16,115.58
TXN_25733,CUST_3045,2023-03-04,241.89
TXN_25734,CUST_3045,2023-09-02,246.48
TXN_25735,CUST_3045,2023-06-08,233.72
TXN_25736,CUST_3045,2023-06-12,215.95
TXN_25737,CUST_3045,2023-05-18,233.36
TXN_25738,CUST_3045,2023-04-24,188.09
TXN_25739,CUST_3045,2023-11-04,114.26
TXN_25740,CUST_3045,2023-02-05,41.57
TXN_25741,CUST_3045,2023-12-31,220.2
TXN_25742,CUST_3045,2023-04-16,240.81
TXN_25743,CUST_3045,2023-02-25,41.08
TXN_25744,CUST_3045,2023-05-15,104.8
TXN_25745,CUST_3046,2023-07-03,50.25
TXN_25746,CUST_3047,2023-12-02,52.95
TXN_25747,CUST_3047,2023-11-10,81.95
TXN_25748,CUST_3047,2023-11-03,123.61
TXN_25749,CUST_3047,2023-12-01,20.21
TXN_25750,CUST_3047,2023-11-05,184.24
TXN_25751,CUST_3047,2023-11-20,183.08
TXN_25752,CUST_3047,2023-11-08,203.89
TXN_25753,CUST_3047,2023-11-15,158.42
TXN_25754,CUST_3047,2023-11-04,63.18
TXN_25755,CUST_3047,2023-12-01,67.62
TXN_25756,CUST_3048,2023-12-12,143.77
TXN_25757,CUST_3049,2023-12-25,88.69
TXN_25758,CUST_3049,2023-12-04,125.21
TXN_25759,CUST_3049,2023-11-12,170.55
TXN_25760,CUST_3049,2023-11-14,82.66
TXN_25761,CUST_3049,2023-11-10,18.85
TXN_25762,CUST_3049,2023-11-22,28.58
TXN_25763,CUST_3049,2023-11-13,232.09
TXN_25764,CUST_3049,2023-11-11,83.34
TXN_25765,CUST_3049,2023-12-02,222.82
TXN_25766,CUST_3049,2023-11-10,58.58
TXN_25767,CUST_3050,2023-04-28,82.8
TXN_25768,CUST_3051,2023-10-14,46.36
TXN_25769,CUST_3052,2023-08-22,83.66
TXN_25770,CUST_3053,2023-07-07,40.79
TXN_25771,CUST_3054,2023-11-11,89.89
TXN_25772,CUST_3054,2023-10-07,241.7
TXN_25773,CUST_3054,2023-10-17,15.37
TXN_25774,CUST_3054,2023-11-24,155.92
TXN_25775,CUST_3054,2023-10-05,22.08
TXN_25776,CUST_3054,2023-10-10,233.05
TXN_25777,CUST_3054,2023-12-22,88.09
TXN_25778,CUST_3055,2023-11-28,146.09
TXN_25779,CUST_3055,2023-11-23,151.71
TXN_25780,CUST_3055,2023-12-16,217.96
TXN_25781,CUST_3055,2023-11-29,70.4
TXN_25782,CUST_3055,2023-12-15,249.87
TXN_25783,CUST_3055,2023-11-27,232.23
TXN_25784,CUST_3055,2023-12-31,107.97
TXN_25785,CUST_3055,2023-12-07,151.56
TXN_25786,CUST_3055,2023-12-08,51.23
TXN_25787,CUST_3055,2023-11-27,29.76
TXN_25788,CUST_3055,2023-12-03,232.77
TXN_25789,CUST_3056,2023-05-20,202.3
TXN_25790,CUST_3056,2023-05-08,147.25
TXN_25791,CUST_3056,2023-05-07,81.98
TXN_25792,CUST_3056,2023-05-11,166.58
TXN_25793,CUST_3056,2023-06-21,184.51
TXN_25794,CUST_3057,2023-05-19,174.92
TXN_25795,CUST_3058,2023-12-17,86.84
TXN_25796,CUST_3059,2023-11-17,71.26
TXN_25797,CUST_3059,2023-10-22,248.0
TXN_25798,CUST_3059,2023-12-31,89.21
TXN_25799,CUST_3059,2023-10-02,235.47
TXN_25800,CUST_3059,2023-12-07,159.77
TXN_25801,CUST_3059,2023-09-29,191.55
TXN_25802,CUST_3059,2023-10-03,236.61
TXN_25803,CUST_3059,2023-10-15,159.55
TXN_25804,CUST_3059,2023-10-08,126.64
TXN_25805,CUST_3059,2023-11-11,130.62
TXN_25806,CUST_3059,2023-11-25,182.56
TXN_25807,CUST_3059,2023-09-30,157.61
TXN_25808,CUST_3060,2023-12-16,91.58
TXN_25809,CUST_3060,2023-12-31,219.1
TXN_25810,CUST_3060,2023-12-23,132.76
TXN_25811,CUST_3060,2023-12-22,77.71
TXN_25812,CUST_3060,2023-12-17,107.34
TXN_25813,CUST_3060,2023-12-14,32.06
TXN_25814,CUST_3061,2023-12-02,93.53
TXN_25815,CUST_3061,2023-11-10,189.0
TXN_25816,CUST_3061,2023-10-16,105.38
TXN_25817,CUST_3061,2023-11-08,214.31
TXN_25818,CUST_3061,2023-11-17,225.59
TXN_25819,CUST_3061,2023-10-18,31.88
TXN_25820,CUST_3061,2023-11-16,108.65
TXN_25821,CUST_3061,2023-11-01,157.01
TXN_25822,CUST_3061,2023-12-31,30.78
TXN_25823,CUST_3061,2023-10-18,209.89
TXN_25824,CUST_3061,2023-10-16,120.86
TXN_25825,CUST_3061,2023-11-22,60.89
TXN_25826,CUST_3061,2023-10-21,87.91
TXN_25827,CUST_3061,2023-10-20,174.46
TXN_25828,CUST_3062,2023-08-13,150.11
TXN_25829,CUST_3063,2023-10-21,229.78
TXN_25830,CUST_3063,2023-10-31,64.8
TXN_25831,CUST_3063,2023-10-04,102.51
TXN_25832,CUST_3063,2023-10-12,110.68
TXN_25833,CUST_3064,2023-12-31,49.24
TXN_25834,CUST_3065,2023-09-06,237.71
TXN_25835,CUST_3065,2023-09-22,230.59
TXN_25836,CUST_3065,2023-10-09,168.36
TXN_25837,CUST_3065,2023-12-31,208.22
TXN_25838,CUST_3065,2023-09-10,16.23
TXN_25839,CUST_3065,2023-09-19,129.81
TXN_25840,CUST_3065,2023-10-26,170.35
TXN_25841,CUST_3065,2023-09-19,142.37
TXN_25842,CUST_3065,2023-10-16,135.73
TXN_25843,CUST_3065,2023-10-20,129.03
TXN_25844,CUST_3066,2023-07-05,184.94
TXN_25845,CUST_3066,2023-06-06,165.7
TXN_25846,CUST_3066,2023-09-14,93.66
TXN_25847,CUST_3066,2023-06-10,207.49
TXN_25848,CUST_3066,2023-06-15,102.14
TXN_25849,CUST_3066,2023-08-29,206.99
TXN_25850,CUST_3066,2023-10-21,139.65
TXN_25851,CUST_3067,2023-05-10,105.74
TXN_25852,CUST_3067,2023-02-24,124.19
TXN_25853,CUST_3067,2023-03-22,33.0
TXN_25854,CUST_3067,2023-06-13,244.67
TXN_25855,CUST_3068,2023-08-08,36.14
TXN_25856,CUST_3069,2023-06-21,95.88
TXN_25857,CUST_3070,2023-05-08,233.69
TXN_25858,CUST_3070,2023-09-09,80.38
TXN_25859,CUST_3070,2023-07-24,154.24
TXN_25860,CUST_3070,2023-08-21,216.93
TXN_25861,CUST_3071,2023-05-12,203.48
TXN_25862,CUST_3072,2023-10-10,243.89
TXN_25863,CUST_3072,2023-11-13,129.16
TXN_25864,CUST_3072,2023-09-14,173.37
TXN_25865,CUST_3072,2023-10-25,124.08
TXN_25866,CUST_3072,2023-09-14,145.95
TXN_25867,CUST_3072,2023-09-15,235.9
TXN_25868,CUST_3072,2023-10-12,83.6
TXN_25869,CUST_3072,2023-09-13,183.43
TXN_25870,CUST_3072,2023-10-22,155.33
TXN_25871,CUST_3072,2023-10-11,156.91
TXN_25872,CUST_3072,2023-09-21,235.29
TXN_25873,CUST_3073,2023-12-15,226.12
TXN_25874,CUST_3073,2023-12-17,209.22
TXN_25875,CUST_3073,2023-12-19,80.01
TXN_25876,CUST_3073,2023-12-10,75.74
TXN_25877,CUST_3074,2023-06-15,168.67
TXN_25878,CUST_3075,2023-07-11,99.07
TXN_25879,CUST_3075,2023-07-17,20.26
TXN_25880,CUST_3075,2023-10-31,79.42
TXN_25881,CUST_3075,2023-08-19,57.16
TXN_25882,CUST_3075,2023-07-12,190.04
TXN_25883,CUST_3075,2023-07-17,21.04
TXN_25884,CUST_3075,2023-08-30,18.16
TXN_25885,CUST_3075,2023-08-12,82.88
TXN_25886,CUST_3075,2023-08-01,15.92
TXN_25887,CUST_3075,2023-12-31,136.49
TXN_25888,CUST_3076,2023-08-13,157.86
TXN_25889,CUST_3076,2023-07-28,120.45
TXN_25890,CUST_3076,2023-04-23,208.44
TXN_25891,CUST_3076,2023-09-23,47.38
TXN_25892,CUST_3076,2023-05-24,175.66
TXN_25893,CUST_3076,2023-03-16,233.46
TXN_25894,CUST_3076,2023-05-19,166.68
TXN_25895,CUST_3076,2023-03-27,77.14
TXN_25896,CUST_3077,2023-02-09,130.71
TXN_25897,CUST_3078,2023-11-02,187.32
TXN_25898,CUST_3078,2023-11-06,76.09
TXN_25899,CUST_3079,2023-11-25,204.97
TXN_25900,CUST_3079,2023-10-21,197.78
TXN_25901,CUST_3079,2023-10-26,152.66
TXN_25902,CUST_3079,2023-11-04,149.33
TXN_25903,CUST_3079,2023-10-24,122.37
TXN_25904,CUST_3079,2023-10-21,24.63
TXN_25905,CUST_3079,2023-11-15,238.65
TXN_25906,CUST_3079,2023-11-25,125.25
TXN_25907,CUST_3079,2023-10-22,25.58
TXN_25908,CUST_3079,2023-10-25,244.32
TXN_25909,CUST_3079,2023-11-02,213.2
TXN_25910,CUST_3079,2023-11-18,157.28
TXN_25911,CUST_3079,2023-12-29,69.15
TXN_25912,CUST_3079,2023-11-04,218.21
TXN_25913,CUST_3080,2023-08-24,205.46
TXN_25914,CUST_3080,2023-07-01,92.58
TXN_25915,CUST_3080,2023-07-27,137.0
TXN_25916,CUST_3080,2023-06-14,108.38
TXN_25917,CUST_3080,2023-07-20,151.28
TXN_25918,CUST_3080,2023-07-18,213.84
TXN_25919,CUST_3080,2023-05-25,93.25
TXN_25920,CUST_3081,2023-07-19,171.75
TXN_25921,CUST_3081,2023-08-18,191.78
TXN_25922,CUST_3081,2023-07-22,101.24
TXN_25923,CUST_3081,2023-11-14,234.89
TXN_25924,CUST_3081,2023-12-04,207.3
TXN_25925,CUST_3081,2023-09-15,229.71
TXN_25926,CUST_3081,2023-09-20,239.18
TXN_25927,CUST_3081,2023-07-11,231.59
TXN_25928,CUST_3081,2023-08-26,41.27
TXN_25929,CUST_3081,2023-07-24,215.26
TXN_25930,CUST_3081,2023-08-19,245.96
TXN_25931,CUST_3081,2023-07-17,111.94
TXN_25932,CUST_3082,2023-04-14,163.86
TXN_25933,CUST_3083,2023-08-17,86.45
TXN_25934,CUST_3083,2023-08-19,29.17
TXN_25935,CUST_3083,2023-09-08,62.12
TXN_25936,CUST_3083,2023-10-25,151.25
TXN_25937,CUST_3083,2023-09-04,82.34
TXN_25938,CUST_3083,2023-09-22,116.99
TXN_25939,CUST_3084,2023-11-27,132.44
TXN_25940,CUST_3085,2023-05-25,121.4
TXN_25941,CUST_3086,2023-11-24,176.49
TXN_25942,CUST_3086,2023-11-03,146.48
TXN_25943,CUST_3086,2023-11-07,71.45
TXN_25944,CUST_3086,2023-12-15,105.04
TXN_25945,CUST_3086,2023-11-04,233.95
TXN_25946,CUST_3086,2023-11-02,190.19
TXN_25947,CUST_3086,2023-11-20,231.31
TXN_25948,CUST_3086,2023-12-05,180.74
TXN_25949,CUST_3087,2023-07-11,236.96
TXN_25950,CUST_3088,2023-07-29,74.18
TXN_25951,CUST_3089,2023-12-21,29.04
TXN_25952,CUST_3090,2023-09-11,78.6
TXN_25953,CUST_3090,2023-12-09,21.33
TXN_25954,CUST_3091,2023-12-11,101.21
TXN_25955,CUST_3092,2023-09-01,77.67
TXN_25956,CUST_3093,2023-10-01,42.47
TXN_25957,CUST_3094,2023-06-03,104.13
TXN_25958,CUST_3094,2023-08-29,46.62
TXN_25959,CUST_3094,2023-05-25,158.01
TXN_25960,CUST_3094,2023-06-09,236.07
TXN_25961,CUST_3094,2023-12-31,133.11
TXN_25962,CUST_3094,2023-06-28,185.29
TXN_25963,CUST_3094,2023-06-14,59.67
TXN_25964,CUST_3094,2023-08-17,188.38
TXN_25965,CUST_3094,2023-05-18,210.74
TXN_25966,CUST_3094,2023-07-13,70.53
TXN_25967,CUST_3094,2023-07-21,69.9
TXN_25968,CUST_3095,2023-11-08,233.43
TXN_25969,CUST_3096,2023-12-02,71.12
TXN_25970,CUST_3097,2023-09-10,71.9
TXN_25971,CUST_3098,2023-12-12,71.91
TXN_25972,CUST_3099,2023-07-31,85.99
TXN_25973,CUST_3100,2023-12-20,67.4
TXN_25974,CUST_3100,2023-12-28,198.51
TXN_25975,CUST_3100,2023-12-20,236.54
TXN_25976,CUST_3101,2023-06-07,144.6
TXN_25977,CUST_3102,2023-03-17,197.33
TXN_25978,CUST_3103,2023-07-09,179.02
TXN_25979,CUST_3104,2023-09-14,24.77
TXN_25980,CUST_3105,2023-12-11,229.29
TXN_25981,CUST_3106,2023-07-21,170.25
TXN_25982,CUST_3106,2023-12-01,73.25
TXN_25983,CUST_3106,2023-12-14,106.34
TXN_25984,CUST_3106,2023-12-31,243.27
TXN_25985,CUST_3106,2023-07-21,210.31
TXN_25986,CUST_3106,2023-07-21,68.21
TXN_25987,CUST_3106,2023-07-14,51.79
TXN_25988,CUST_3106,2023-09-05,120.57
TXN_25989,CUST_3106,2023-10-08,93.02
TXN_25990,CUST_3106,2023-12-31,26.72
TXN_25991,CUST_3106,2023-07-12,179.82
TXN_25992,CUST_3106,2023-11-13,201.94
TXN_25993,CUST_3106,2023-08-17,78.37
TXN_25994,CUST_3107,2023-04-23,126.77
TXN_25995,CUST_3108,2023-07-28,186.27
TXN_25996,CUST_3109,2023-03-13,79.83
TXN_25997,CUST_3109,2023-04-17,63.72
TXN_25998,CUST_3109,2023-09-22,200.31
TXN_25999,CUST_3109,2023-03-12,26.61
TXN_26000,CUST_3110,2023-12-03,49.66
TXN_26001,CUST_3111,2023-09-13,201.23
TXN_26002,CUST_3111,2023-05-09,54.8
TXN_26003,CUST_3111,2023-12-31,89.23
TXN_26004,CUST_3111,2023-08-10,123.82
TXN_26005,CUST_3111,2023-08-14,128.18
TXN_26006,CUST_3111,2023-11-23,203.1
TXN_26007,CUST_3111,2023-04-22,116.14
TXN_26008,CUST_3111,2023-04-03,227.32
TXN_26009,CUST_3111,2023-03-31,19.29
TXN_26010,CUST_3112,2023-10-20,154.2
TXN_26011,CUST_3112,2023-12-03,242.03
TXN_26012,CUST_3112,2023-11-15,155.77
TXN_26013,CUST_3112,2023-10-12,32.4
TXN_26014,CUST_3112,2023-11-02,141.68
TXN_26015,CUST_3112,2023-11-29,90.81
TXN_26016,CUST_3112,2023-10-09,114.57
TXN_26017,CUST_3112,2023-12-31,201.96
TXN_26018,CUST_3112,2023-10-08,220.55
TXN_26019,CUST_3112,2023-10-25,100.72
TXN_26020,CUST_3113,2023-12-16,139.69
TXN_26021,CUST_3114,2023-10-01,201.4
TXN_26022,CUST_3114,2023-10-30,96.86
TXN_26023,CUST_3114,2023-12-15,56.58
TXN_26024,CUST_3115,2023-07-06,167.23
TXN_26025,CUST_3116,2023-11-04,124.62
TXN_26026,CUST_3116,2023-06-07,73.75
TXN_26027,CUST_3116,2023-07-01,43.21
TXN_26028,CUST_3116,2023-07-09,224.83
TXN_26029,CUST_3116,2023-08-15,167.56
TXN_26030,CUST_3116,2023-09-18,186.51
TXN_26031,CUST_3116,2023-06-17,137.45
TXN_26032,CUST_3116,2023-04-21,117.09
TXN_26033,CUST_3116,2023-06-15,125.43
TXN_26034,CUST_3117,2023-10-15,133.71
TXN_26035,CUST_3117,2023-08-07,162.34
TXN_26036,CUST_3117,2023-09-14,94.57
TXN_26037,CUST_3117,2023-08-03,62.16
TXN_26038,CUST_3117,2023-08-29,61.98
TXN_26039,CUST_3117,2023-09-15,182.4
TXN_26040,CUST_3117,2023-11-07,167.04
TXN_26041,CUST_3118,2023-09-12,162.69
TXN_26042,CUST_3118,2023-07-04,52.29
TXN_26043,CUST_3118,2023-06-26,189.7
TXN_26044,CUST_3118,2023-07-03,123.71
TXN_26045,CUST_3118,2023-08-05,229.53
TXN_26046,CUST_3118,2023-06-19,120.28
TXN_26047,CUST_3118,2023-06-25,124.55
TXN_26048,CUST_3118,2023-08-23,128.29
TXN_26049,CUST_3119,2023-04-01,229.97
TXN_26050,CUST_3119,2023-03-29,84.53
TXN_26051,CUST_3119,2023-05-25,20.16
TXN_26052,CUST_3120,2023-07-05,96.83
TXN_26053,CUST_3120,2023-12-31,72.34
TXN_26054,CUST_3120,2023-10-12,229.16
TXN_26055,CUST_3120,2023-09-11,41.81
TXN_26056,CUST_3120,2023-09-30,170.99
TXN_26057,CUST_3120,2023-07-26,199.83
TXN_26058,CUST_3120,2023-06-16,77.78
TXN_26059,CUST_3120,2023-07-01,40.54
TXN_26060,CUST_3120,2023-07-24,128.49
TXN_26061,CUST_3120,2023-06-18,58.67
TXN_26062,CUST_3120,2023-04-23,158.65
TXN_26063,CUST_3120,2023-07-20,132.1
TXN_26064,CUST_3121,2023-11-29,80.46
TXN_26065,CUST_3121,2023-10-08,210.45
TXN_26066,CUST_3121,2023-10-13,111.79
TXN_26067,CUST_3121,2023-11-18,164.36
TXN_26068,CUST_3121,2023-10-19,73.72
TXN_26069,CUST_3121,2023-11-14,57.4
TXN_26070,CUST_3121,2023-12-20,50.32
TXN_26071,CUST_3121,2023-11-20,114.7
TXN_26072,CUST_3121,2023-10-08,109.56
TXN_26073,CUST_3121,2023-10-09,46.96
TXN_26074,CUST_3121,2023-10-10,218.84
TXN_26075,CUST_3121,2023-10-05,243.55
TXN_26076,CUST_3122,2023-09-16,216.28
TXN_26077,CUST_3123,2023-10-17,30.07
TXN_26078,CUST_3123,2023-12-10,150.01
TXN_26079,CUST_3123,2023-11-19,100.64
TXN_26080,CUST_3123,2023-10-12,76.0
TXN_26081,CUST_3123,2023-10-13,33.39
TXN_26082,CUST_3123,2023-10-17,163.89
TXN_26083,CUST_3123,2023-11-25,208.02
TXN_26084,CUST_3124,2023-08-28,122.06
TXN_26085,CUST_3124,2023-07-22,236.21
TXN_26086,CUST_3125,2023-11-24,21.63
TXN_26087,CUST_3125,2023-12-31,199.64
TXN_26088,CUST_3125,2023-11-28,103.46
TXN_26089,CUST_3125,2023-11-23,52.11
TXN_26090,CUST_3125,2023-11-27,106.15
TXN_26091,CUST_3125,2023-12-05,97.33
TXN_26092,CUST_3125,2023-12-31,95.56
TXN_26093,CUST_3126,2023-11-23,180.24
TXN_26094,CUST_3126,2023-09-07,134.63
TXN_26095,CUST_3126,2023-08-12,85.07
TXN_26096,CUST_3126,2023-08-07,105.6
TXN_26097,CUST_3126,2023-08-01,106.09
TXN_26098,CUST_3126,2023-10-28,219.52
TXN_26099,CUST_3126,2023-09-17,75.35
TXN_26100,CUST_3126,2023-08-08,80.31
TXN_26101,CUST_3126,2023-08-30,244.46
TXN_26102,CUST_3126,2023-07-31,132.62
TXN_26103,CUST_3126,2023-09-23,72.73
TXN_26104,CUST_3127,2023-05-06,219.49
TXN_26105,CUST_3127,2023-06-22,58.48
TXN_26106,CUST_3127,2023-04-13,46.97
TXN_26107,CUST_3127,2023-07-31,246.53
TXN_26108,CUST_3128,2023-05-28,102.56
TXN_26109,CUST_3128,2023-04-06,29.69
TXN_26110,CUST_3129,2023-09-24,137.2
TXN_26111,CUST_3130,2023-12-31,33.06
TXN_26112,CUST_3131,2023-08-02,192.44
TXN_26113,CUST_3132,2023-10-10,214.63
TXN_26114,CUST_3132,2023-10-14,59.83
TXN_26115,CUST_3132,2023-10-20,220.88
TXN_26116,CUST_3132,2023-10-04,91.98
TXN_26117,CUST_3132,2023-11-02,99.03
TXN_26118,CUST_3132,2023-10-04,93.02
TXN_26119,CUST_3132,2023-11-22,242.49
TXN_26120,CUST_3133,2023-07-07,39.75
TXN_26121,CUST_3134,2023-11-29,134.73
TXN_26122,CUST_3134,2023-11-17,225.41
TXN_26123,CUST_3134,2023-12-30,28.01
TXN_26124,CUST_3134,2023-11-28,112.54
TXN_26125,CUST_3134,2023-11-24,102.85
TXN_26126,CUST_3134,2023-11-23,91.01
TXN_26127,CUST_3134,2023-11-15,85.98
TXN_26128,CUST_3134,2023-11-30,26.84
TXN_26129,CUST_3134,2023-11-20,24.94
TXN_26130,CUST_3135,2023-06-19,94.82
TXN_26131,CUST_3136,2023-10-29,134.75
TXN_26132,CUST_3136,2023-10-22,228.21
TXN_26133,CUST_3136,2023-11-03,200.06
TXN_26134,CUST_3136,2023-12-19,53.34
TXN_26135,CUST_3136,2023-10-27,116.8
TXN_26136,CUST_3136,2023-10-24,17.09
TXN_26137,CUST_3136,2023-11-26,41.22
TXN_26138,CUST_3137,2023-11-11,44.02
TXN_26139,CUST_3137,2023-10-26,240.34
TXN_26140,CUST_3137,2023-12-31,52.99
TXN_26141,CUST_3138,2023-12-13,35.63
TXN_26142,CUST_3138,2023-11-29,150.88
TXN_26143,CUST_3138,2023-11-24,210.0
TXN_26144,CUST_3138,2023-12-28,124.35
TXN_26145,CUST_3138,2023-11-25,132.98
TXN_26146,CUST_3138,2023-12-05,171.99
TXN_26147,CUST_3139,2023-06-14,238.07
TXN_26148,CUST_3140,2023-11-23,209.68
TXN_26149,CUST_3141,2023-06-30,40.36
TXN_26150,CUST_3142,2023-07-18,59.67
TXN_26151,CUST_3142,2023-05-23,99.03
TXN_26152,CUST_3142,2023-06-23,187.75
TXN_26153,CUST_3143,2023-07-22,191.03
TXN_26154,CUST_3143,2023-10-19,226.82
TXN_26155,CUST_3143,2023-09-13,93.36
TXN_26156,CUST_3143,2023-08-21,242.89
TXN_26157,CUST_3143,2023-11-14,123.93
TXN_26158,CUST_3143,2023-12-23,208.39
TXN_26159,CUST_3143,2023-11-23,175.5
TXN_26160,CUST_3143,2023-11-04,224.57
TXN_26161,CUST_3143,2023-07-27,241.83
TXN_26162,CUST_3143,2023-08-12,118.38
TXN_26163,CUST_3143,2023-10-14,171.25
TXN_26164,CUST_3144,2023-11-29,66.21
TXN_26165,CUST_3144,2023-11-14,189.97
TXN_26166,CUST_3144,2023-11-27,62.41
TXN_26167,CUST_3144,2023-11-13,18.38
TXN_26168,CUST_3144,2023-11-19,81.02
TXN_26169,CUST_3145,2023-09-09,232.81
TXN_26170,CUST_3146,2023-12-09,187.03
TXN_26171,CUST_3146,2023-12-10,186.75
TXN_26172,CUST_3146,2023-12-14,153.45
TXN_26173,CUST_3146,2023-12-04,72.14
TXN_26174,CUST_3146,2023-12-24,242.93
TXN_26175,CUST_3147,2023-08-15,67.3
TXN_26176,CUST_3148,2023-02-11,27.32
TXN_26177,CUST_3148,2023-06-10,235.35
TXN_26178,CUST_3148,2023-03-09,37.07
TXN_26179,CUST_3149,2023-07-28,83.89
TXN_26180,CUST_3150,2023-04-04,231.5
TXN_26181,CUST_3151,2023-12-31,85.11
TXN_26182,CUST_3151,2023-11-03,166.34
TXN_26183,CUST_3151,2023-09-23,95.44
TXN_26184,CUST_3151,2023-12-31,26.95
TXN_26185,CUST_3151,2023-09-27,243.17
TXN_26186,CUST_3151,2023-09-22,119.95
TXN_26187,CUST_3151,2023-12-14,236.76
TXN_26188,CUST_3151,2023-12-31,128.11
TXN_26189,CUST_3151,2023-09-24,196.59
TXN_26190,CUST_3151,2023-11-01,151.21
TXN_26191,CUST_3151,2023-12-03,229.22
TXN_26192,CUST_3152,2023-02-01,173.69
TXN_26193,CUST_3152,2023-11-13,90.41
TXN_26194,CUST_3152,2023-09-11,107.8
TXN_26195,CUST_3152,2023-02-15,134.58
TXN_26196,CUST_3152,2023-03-13,229.74
TXN_26197,CUST_3152,2023-03-19,80.17
TXN_26198,CUST_3152,2023-08-13,249.71
TXN_26199,CUST_3152,2023-05-08,73.86
TXN_26200,CUST_3152,2023-02-04,28.56
TXN_26201,CUST_3152,2023-01-11,230.02
TXN_26202,CUST_3152,2023-01-14,128.82
TXN_26203,CUST_3152,2023-05-26,214.83
TXN_26204,CUST_3152,2023-01-24,117.88
TXN_26205,CUST_3153,2023-12-27,86.4
TXN_26206,CUST_3154,2023-05-26,79.13
TXN_26207,CUST_3154,2023-11-22,201.57
TXN_26208,CUST_3154,2023-07-01,112.89
TXN_26209,CUST_3154,2023-09-13,149.1
TXN_26210,CUST_3154,2023-06-16,136.13
TXN_26211,CUST_3154,2023-05-26,62.46
TXN_26212,CUST_3154,2023-12-31,242.85
TXN_26213,CUST_3154,2023-06-17,136.09
TXN_26214,CUST_3154,2023-09-22,185.57
TXN_26215,CUST_3154,2023-05-13,103.03
TXN_26216,CUST_3154,2023-05-28,248.27
TXN_26217,CUST_3154,2023-08-23,26.22
TXN_26218,CUST_3155,2023-06-04,205.37
TXN_26219,CUST_3155,2023-07-12,240.38
TXN_26220,CUST_3155,2023-05-13,143.04
TXN_26221,CUST_3155,2023-06-03,142.3
TXN_26222,CUST_3155,2023-05-16,131.97
TXN_26223,CUST_3155,2023-07-12,34.09
TXN_26224,CUST_3155,2023-08-13,181.03
TXN_26225,CUST_3155,2023-10-17,115.08
TXN_26226,CUST_3155,2023-04-25,123.44
TXN_26227,CUST_3155,2023-05-02,167.15
TXN_26228,CUST_3155,2023-04-24,102.89
TXN_26229,CUST_3155,2023-04-27,15.79
TXN_26230,CUST_3155,2023-12-31,249.09
TXN_26231,CUST_3156,2023-11-07,231.91
TXN_26232,CUST_3156,2023-09-22,142.93
TXN_26233,CUST_3156,2023-04-03,35.78
TXN_26234,CUST_3156,2023-10-24,220.82
TXN_26235,CUST_3156,2023-05-18,92.12
TXN_26236,CUST_3156,2023-07-01,204.64
TXN_26237,CUST_3156,2023-07-27,159.67
TXN_26238,CUST_3156,2023-04-20,76.69
TXN_26239,CUST_3156,2023-07-24,203.62
TXN_26240,CUST_3157,2023-05-16,174.91
TXN_26241,CUST_3158,2023-07-11,159.48
TXN_26242,CUST_3159,2023-10-10,170.18
TXN_26243,CUST_3159,2023-09-17,107.93
TXN_26244,CUST_3159,2023-11-30,114.96
TXN_26245,CUST_3159,2023-09-16,88.1
TXN_26246,CUST_3159,2023-09-21,176.42
TXN_26247,CUST_3159,2023-12-09,187.37
TXN_26248,CUST_3160,2023-11-05,103.9
TXN_26249,CUST_3160,2023-11-20,23.68
TXN_26250,CUST_3160,2023-07-09,111.87
TXN_26251,CUST_3160,2023-08-25,22.61
TXN_26252,CUST_3160,2023-08-21,87.24
TXN_26253,CUST_3160,2023-11-11,140.32
TXN_26254,CUST_3160,2023-08-24,237.22
TXN_26255,CUST_3160,2023-09-27,117.99
TXN_26256,CUST_3160,2023-08-10,167.26
TXN_26257,CUST_3160,2023-07-15,35.83
TXN_26258,CUST_3160,2023-07-24,197.92
TXN_26259,CUST_3161,2023-02-01,66.47
TXN_26260,CUST_3162,2023-04-05,35.08
TXN_26261,CUST_3162,2023-07-16,158.79
TXN_26262,CUST_3162,2023-12-09,247.47
TXN_26263,CUST_3162,2023-09-08,246.62
TXN_26264,CUST_3162,2023-06-16,36.61
TXN_26265,CUST_3163,2023-09-28,70.66
TXN_26266,CUST_3164,2023-10-15,88.94
TXN_26267,CUST_3165,2023-03-11,16.88
TXN_26268,CUST_3165,2023-12-31,208.71
TXN_26269,CUST_3165,2023-05-20,210.18
TXN_26270,CUST_3165,2023-08-05,233.98
TXN_26271,CUST_3165,2023-03-29,145.39
TXN_26272,CUST_3165,2023-02-15,241.85
TXN_26273,CUST_3165,2023-12-31,200.43
TXN_26274,CUST_3165,2023-04-11,131.69
TXN_26275,CUST_3165,2023-04-07,83.93
TXN_26276,CUST_3165,2023-04-27,27.56
TXN_26277,CUST_3165,2023-12-31,114.65
TXN_26278,CUST_3165,2023-11-19,185.2
TXN_26279,CUST_3165,2023-03-13,67.18
TXN_26280,CUST_3166,2023-09-27,209.92
TXN_26281,CUST_3166,2023-09-28,89.25
TXN_26282,CUST_3167,2023-08-17,34.63
TXN_26283,CUST_3168,2023-12-16,174.72
TXN_26284,CUST_3168,2023-10-12,59.78
TXN_26285,CUST_3168,2023-03-27,39.56
TXN_26286,CUST_3168,2023-03-29,243.37
TXN_26287,CUST_3168,2023-12-31,193.69
TXN_26288,CUST_3168,2023-05-07,198.48
TXN_26289,CUST_3168,2023-05-14,15.82
TXN_26290,CUST_3168,2023-05-03,155.75
TXN_26291,CUST_3168,2023-03-23,62.77
TXN_26292,CUST_3168,2023-03-24,161.55
TXN_26293,CUST_3168,2023-03-07,184.28
TXN_26294,CUST_3168,2023-04-17,98.04
TXN_26295,CUST_3169,2023-10-12,155.29
TXN_26296,CUST_3169,2023-11-02,110.43
TXN_26297,CUST_3169,2023-09-26,195.53
TXN_26298,CUST_3169,2023-09-13,223.06
TXN_26299,CUST_3169,2023-10-03,133.49
TXN_26300,CUST_3169,2023-10-18,79.48
TXN_26301,CUST_3169,2023-10-15,177.86
TXN_26302,CUST_3169,2023-09-16,137.31
TXN_26303,CUST_3169,2023-09-26,145.98
TXN_26304,CUST_3169,2023-09-12,189.53
TXN_26305,CUST_3169,2023-09-18,177.01
TXN_26306,CUST_3169,2023-11-04,191.86
TXN_26307,CUST_3170,2023-12-31,195.99
TXN_26308,CUST_3170,2023-06-29,159.27
TXN_26309,CUST_3170,2023-06-27,242.97
TXN_26310,CUST_3170,2023-11-10,148.39
TXN_26311,CUST_3170,2023-09-15,228.78
TXN_26312,CUST_3170,2023-06-18,151.18
TXN_26313,CUST_3170,2023-07-15,196.32
TXN_26314,CUST_3170,2023-07-02,181.61
TXN_26315,CUST_3170,2023-07-05,41.1
TXN_26316,CUST_3170,2023-06-06,42.98
TXN_26317,CUST_3171,2023-12-01,172.9
TXN_26318,CUST_3172,2023-11-19,155.47
TXN_26319,CUST_3173,2023-10-18,192.46
TXN_26320,CUST_3174,2023-12-23,249.02
TXN_26321,CUST_3175,2023-08-14,161.2
TXN_26322,CUST_3175,2023-06-24,192.89
TXN_26323,CUST_3175,2023-12-25,137.18
TXN_26324,CUST_3175,2023-07-22,199.43
TXN_26325,CUST_3175,2023-09-10,167.98
TXN_26326,CUST_3175,2023-12-31,151.72
TXN_26327,CUST_3176,2023-07-21,121.56
TXN_26328,CUST_3177,2023-11-20,105.18
TXN_26329,CUST_3177,2023-11-23,188.81
TXN_26330,CUST_3177,2023-11-23,122.62
TXN_26331,CUST_3177,2023-12-13,230.12
TXN_26332,CUST_3177,2023-12-07,115.87
TXN_26333,CUST_3177,2023-12-01,177.08
TXN_26334,CUST_3177,2023-12-18,223.81
TXN_26335,CUST_3177,2023-12-26,205.52
TXN_26336,CUST_3177,2023-11-22,190.7
TXN_26337,CUST_3178,2023-04-20,111.73
TXN_26338,CUST_3178,2023-03-24,54.71
TXN_26339,CUST_3178,2023-12-31,36.48
TXN_26340,CUST_3178,2023-05-16,240.51
TXN_26341,CUST_3178,2023-03-27,74.32
TXN_26342,CUST_3178,2023-12-31,203.41
TXN_26343,CUST_3178,2023-06-01,158.82
TXN_26344,CUST_3178,2023-03-25,165.71
TXN_26345,CUST_3178,2023-06-26,22.46
TXN_26346,CUST_3179,2023-08-22,90.94
TXN_26347,CUST_3180,2023-05-02,237.45
TXN_26348,CUST_3180,2023-04-30,97.27
TXN_26349,CUST_3181,2023-07-23,76.33
TXN_26350,CUST_3181,2023-01-26,106.54
TXN_26351,CUST_3181,2023-02-25,195.91
TXN_26352,CUST_3181,2023-01-30,138.95
TXN_26353,CUST_3181,2023-05-05,105.51
TXN_26354,CUST_3181,2023-02-03,225.48
TXN_26355,CUST_3181,2023-01-25,86.39
TXN_26356,CUST_3181,2023-06-25,157.25
TXN_26357,CUST_3181,2023-06-13,205.06
TXN_26358,CUST_3181,2023-10-03,86.57
TXN_26359,CUST_3181,2023-03-25,176.75
TXN_26360,CUST_3181,2023-07-15,150.79
TXN_26361,CUST_3182,2023-11-07,60.42
TXN_26362,CUST_3182,2023-10-31,100.55
TXN_26363,CUST_3182,2023-11-16,49.4
TXN_26364,CUST_3182,2023-10-28,23.14
TXN_26365,CUST_3182,2023-11-03,59.68
TXN_26366,CUST_3182,2023-11-13,122.09
TXN_26367,CUST_3182,2023-11-05,210.88
TXN_26368,CUST_3182,2023-11-11,36.51
TXN_26369,CUST_3182,2023-11-04,243.73
TXN_26370,CUST_3182,2023-12-31,74.85
TXN_26371,CUST_3183,2023-12-14,128.14
TXN_26372,CUST_3184,2023-12-03,51.85
TXN_26373,CUST_3184,2023-11-29,219.04
TXN_26374,CUST_3184,2023-12-01,236.28
TXN_26375,CUST_3184,2023-12-30,127.55
TXN_26376,CUST_3184,2023-12-31,21.69
TXN_26377,CUST_3184,2023-11-29,72.18
TXN_26378,CUST_3184,2023-11-30,74.37
TXN_26379,CUST_3184,2023-12-04,29.79
TXN_26380,CUST_3184,2023-12-06,87.72
TXN_26381,CUST_3185,2023-07-29,168.56
TXN_26382,CUST_3186,2023-08-18,199.88
TXN_26383,CUST_3186,2023-07-07,111.44
TXN_26384,CUST_3186,2023-08-10,142.19
TXN_26385,CUST_3186,2023-09-11,202.05
TXN_26386,CUST_3186,2023-08-31,26.1
TXN_26387,CUST_3186,2023-07-20,149.52
TXN_26388,CUST_3186,2023-08-07,25.53
TXN_26389,CUST_3186,2023-12-31,239.68
TXN_26390,CUST_3186,2023-09-25,28.01
TXN_26391,CUST_3187,2023-04-07,58.09
TXN_26392,CUST_3187,2023-05-10,127.33
TXN_26393,CUST_3187,2023-03-28,136.47
TXN_26394,CUST_3187,2023-04-03,95.65
TXN_26395,CUST_3187,2023-03-20,142.0
TXN_26396,CUST_3187,2023-04-19,61.14
TXN_26397,CUST_3187,2023-02-17,50.47
TXN_26398,CUST_3187,2023-02-20,116.43
TXN_26399,CUST_3187,2023-03-15,113.81
TXN_26400,CUST_3187,2023-03-30,141.43
TXN_26401,CUST_3187,2023-07-02,127.64
TXN_26402,CUST_3187,2023-02-22,19.11
TXN_26403,CUST_3188,2023-03-20,25.55
TXN_26404,CUST_3189,2023-12-29,36.15
TXN_26405,CUST_3190,2023-06-27,239.04
TXN_26406,CUST_3190,2023-06-03,186.09
TXN_26407,CUST_3190,2023-06-05,202.74
TXN_26408,CUST_3190,2023-06-03,91.55
TXN_26409,CUST_3190,2023-09-12,123.15
TXN_26410,CUST_3190,2023-10-29,109.41
TXN_26411,CUST_3190,2023-12-31,19.39
TXN_26412,CUST_3190,2023-08-21,230.23
TXN_26413,CUST_3190,2023-07-21,247.3
TXN_26414,CUST_3190,2023-08-24,115.94
TXN_26415,CUST_3190,2023-07-18,221.21
TXN_26416,CUST_3190,2023-12-31,145.63
TXN_26417,CUST_3191,2023-02-25,127.11
TXN_26418,CUST_3192,2023-11-14,211.1
TXN_26419,CUST_3193,2023-06-13,50.37
TXN_26420,CUST_3193,2023-04-25,82.31
TXN_26421,CUST_3193,2023-05-17,230.15
TXN_26422,CUST_3193,2023-05-14,138.1
TXN_26423,CUST_3193,2023-04-19,187.95
TXN_26424,CUST_3193,2023-06-16,118.38
TXN_26425,CUST_3193,2023-12-25,224.3
TXN_26426,CUST_3193,2023-07-09,231.63
TXN_26427,CUST_3194,2023-10-12,236.71
TXN_26428,CUST_3194,2023-09-03,245.54
TXN_26429,CUST_3194,2023-09-12,24.06
TXN_26430,CUST_3194,2023-09-08,50.17
TXN_26431,CUST_3194,2023-09-05,37.55
TXN_26432,CUST_3194,2023-08-28,44.77
TXN_26433,CUST_3194,2023-08-21,84.6
TXN_26434,CUST_3194,2023-12-23,238.11
TXN_26435,CUST_3194,2023-11-11,17.85
TXN_26436,CUST_3195,2023-01-22,101.16
TXN_26437,CUST_3196,2023-12-16,144.92
TXN_26438,CUST_3196,2023-12-25,232.72
TXN_26439,CUST_3196,2023-11-14,151.86
TXN_26440,CUST_3196,2023-11-08,247.78
TXN_26441,CUST_3196,2023-11-09,199.08
TXN_26442,CUST_3196,2023-11-10,88.56
TXN_26443,CUST_3196,2023-11-05,146.58
TXN_26444,CUST_3196,2023-11-08,49.87
TXN_26445,CUST_3196,2023-11-07,74.01
TXN_26446,CUST_3196,2023-11-16,105.69
TXN_26447,CUST_3196,2023-11-04,140.97
TXN_26448,CUST_3197,2023-05-27,132.92
TXN_26449,CUST_3197,2023-06-07,245.67
TXN_26450,CUST_3197,2023-03-06,171.48
TXN_26451,CUST_3197,2023-08-21,239.99
TXN_26452,CUST_3198,2023-10-04,153.36
TXN_26453,CUST_3198,2023-11-10,98.74
TXN_26454,CUST_3198,2023-10-10,65.15
TXN_26455,CUST_3198,2023-10-05,36.08
TXN_26456,CUST_3198,2023-10-08,19.51
TXN_26457,CUST_3198,2023-10-12,87.0
TXN_26458,CUST_3198,2023-12-31,248.05
TXN_26459,CUST_3198,2023-10-09,65.06
TXN_26460,CUST_3198,2023-10-23,49.96
TXN_26461,CUST_3198,2023-10-23,108.86
TXN_26462,CUST_3198,2023-10-14,208.31
TXN_26463,CUST_3198,2023-11-24,247.15
TXN_26464,CUST_3198,2023-10-10,223.75
TXN_26465,CUST_3198,2023-10-25,153.99
TXN_26466,CUST_3199,2023-10-07,177.95
TXN_26467,CUST_3199,2023-11-25,26.19
TXN_26468,CUST_3199,2023-06-24,100.2
TXN_26469,CUST_3199,2023-06-17,206.48
TXN_26470,CUST_3199,2023-09-12,196.71
TXN_26471,CUST_3200,2023-09-25,43.92
TXN_26472,CUST_3201,2023-07-19,26.44
TXN_26473,CUST_3202,2023-11-16,177.39
TXN_26474,CUST_3202,2023-11-16,143.11
TXN_26475,CUST_3202,2023-11-23,50.54
TXN_26476,CUST_3202,2023-11-16,21.69
TXN_26477,CUST_3202,2023-11-09,135.38
TXN_26478,CUST_3202,2023-11-22,49.37
TXN_26479,CUST_3202,2023-12-02,102.65
TXN_26480,CUST_3202,2023-12-22,106.1
TXN_26481,CUST_3202,2023-11-09,193.12
TXN_26482,CUST_3202,2023-11-22,105.87
TXN_26483,CUST_3202,2023-11-14,50.43
TXN_26484,CUST_3202,2023-11-14,21.9
TXN_26485,CUST_3202,2023-11-19,225.73
TXN_26486,CUST_3202,2023-12-05,21.7
TXN_26487,CUST_3203,2023-12-24,198.92
TXN_26488,CUST_3203,2023-12-14,93.97
TXN_26489,CUST_3203,2023-12-15,25.06
TXN_26490,CUST_3203,2023-12-21,115.66
TXN_26491,CUST_3203,2023-12-15,87.27
TXN_26492,CUST_3203,2023-12-14,209.29
TXN_26493,CUST_3203,2023-12-14,94.5
TXN_26494,CUST_3203,2023-12-14,117.56
TXN_26495,CUST_3203,2023-12-16,183.99
TXN_26496,CUST_3204,2023-02-19,85.33
TXN_26497,CUST_3204,2023-03-09,248.11
TXN_26498,CUST_3204,2023-03-13,63.22
TXN_26499,CUST_3204,2023-08-10,113.98
TXN_26500,CUST_3204,2023-04-03,143.99
TXN_26501,CUST_3205,2023-12-27,99.28
TXN_26502,CUST_3205,2023-12-20,172.6
TXN_26503,CUST_3205,2023-09-24,49.15
TXN_26504,CUST_3205,2023-09-23,179.32
TXN_26505,CUST_3205,2023-10-18,122.05
TXN_26506,CUST_3205,2023-09-27,228.2
TXN_26507,CUST_3205,2023-09-25,81.65
TXN_26508,CUST_3205,2023-09-18,79.7
TXN_26509,CUST_3206,2023-08-03,162.47
TXN_26510,CUST_3206,2023-03-17,104.36
TXN_26511,CUST_3206,2023-04-19,66.21
TXN_26512,CUST_3206,2023-04-13,236.46
TXN_26513,CUST_3206,2023-05-20,214.21
TXN_26514,CUST_3206,2023-04-09,55.98
TXN_26515,CUST_3206,2023-10-14,131.49
TXN_26516,CUST_3206,2023-10-20,29.81
TXN_26517,CUST_3206,2023-11-11,112.63
TXN_26518,CUST_3207,2023-06-30,202.27
TXN_26519,CUST_3208,2023-12-31,178.8
TXN_26520,CUST_3209,2023-07-22,107.24
TXN_26521,CUST_3210,2023-07-27,198.74
TXN_26522,CUST_3211,2023-12-16,89.39
TXN_26523,CUST_3211,2023-12-16,166.37
TXN_26524,CUST_3211,2023-12-17,164.02
TXN_26525,CUST_3211,2023-12-26,53.97
TXN_26526,CUST_3211,2023-12-13,132.15
TXN_26527,CUST_3211,2023-12-31,28.88
TXN_26528,CUST_3211,2023-12-31,242.41
TXN_26529,CUST_3211,2023-12-15,224.39
TXN_26530,CUST_3211,2023-12-13,121.7
TXN_26531,CUST_3211,2023-12-16,227.12
TXN_26532,CUST_3211,2023-12-16,113.22
TXN_26533,CUST_3211,2023-12-19,103.31
TXN_26534,CUST_3211,2023-12-17,239.56
TXN_26535,CUST_3211,2023-12-14,122.84
TXN_26536,CUST_3212,2023-12-29,36.62
TXN_26537,CUST_3213,2023-11-30,111.18
TXN_26538,CUST_3214,2023-08-10,145.52
TXN_26539,CUST_3214,2023-04-14,233.23
TXN_26540,CUST_3214,2023-04-08,74.39
TXN_26541,CUST_3214,2023-04-24,225.22
TXN_26542,CUST_3214,2023-05-21,175.31
TXN_26543,CUST_3214,2023-12-31,199.07
TXN_26544,CUST_3215,2023-08-18,190.86
TXN_26545,CUST_3216,2023-10-02,181.88
TXN_26546,CUST_3217,2023-08-13,180.32
TXN_26547,CUST_3218,2023-06-11,149.06
TXN_26548,CUST_3218,2023-08-24,15.43
TXN_26549,CUST_3218,2023-10-08,28.24
TXN_26550,CUST_3218,2023-06-22,241.43
TXN_26551,CUST_3219,2023-10-27,168.22
TXN_26552,CUST_3220,2023-06-23,221.94
TXN_26553,CUST_3220,2023-03-12,141.93
TXN_26554,CUST_3220,2023-04-06,171.82
TXN_26555,CUST_3220,2023-05-21,232.78
TXN_26556,CUST_3220,2023-03-05,125.46
TXN_26557,CUST_3220,2023-03-23,141.14
TXN_26558,CUST_3220,2023-09-12,229.16
TXN_26559,CUST_3220,2023-04-22,205.77
TXN_26560,CUST_3220,2023-04-04,16.48
TXN_26561,CUST_3220,2023-09-13,43.06
TXN_26562,CUST_3220,2023-03-03,98.14
TXN_26563,CUST_3220,2023-04-19,33.15
TXN_26564,CUST_3220,2023-08-19,110.31
TXN_26565,CUST_3221,2023-10-03,51.81
TXN_26566,CUST_3221,2023-10-03,68.43
TXN_26567,CUST_3222,2023-12-31,84.31
TXN_26568,CUST_3222,2023-09-19,195.39
TXN_26569,CUST_3222,2023-09-25,27.33
TXN_26570,CUST_3222,2023-12-16,201.08
TXN_26571,CUST_3222,2023-09-22,197.57
TXN_26572,CUST_3222,2023-11-21,227.75
TXN_26573,CUST_3222,2023-10-15,180.3
TXN_26574,CUST_3222,2023-11-07,176.83
TXN_26575,CUST_3222,2023-10-24,143.68
TXN_26576,CUST_3222,2023-10-11,249.09
TXN_26577,CUST_3222,2023-10-03,35.74
TXN_26578,CUST_3222,2023-11-07,65.25
TXN_26579,CUST_3222,2023-10-15,37.51
TXN_26580,CUST_3222,2023-10-22,236.84
TXN_26581,CUST_3223,2023-09-10,18.06
TXN_26582,CUST_3223,2023-08-15,131.94
TXN_26583,CUST_3224,2023-10-11,178.73
TXN_26584,CUST_3224,2023-10-22,33.41
TXN_26585,CUST_3224,2023-12-23,153.62
TXN_26586,CUST_3224,2023-11-17,71.49
TXN_26587,CUST_3224,2023-11-18,209.69
TXN_26588,CUST_3224,2023-10-25,149.41
TXN_26589,CUST_3225,2023-08-26,131.85
TXN_26590,CUST_3225,2023-06-25,24.99
TXN_26591,CUST_3225,2023-05-17,239.97
TXN_26592,CUST_3225,2023-08-02,208.93
TXN_26593,CUST_3225,2023-07-04,76.47
TXN_26594,CUST_3225,2023-06-11,25.22
TXN_26595,CUST_3225,2023-09-12,151.67
TXN_26596,CUST_3225,2023-07-05,215.29
TXN_26597,CUST_3225,2023-06-29,237.76
TXN_26598,CUST_3225,2023-05-17,246.38
TXN_26599,CUST_3225,2023-09-22,98.41
TXN_26600,CUST_3225,2023-07-24,218.18
TXN_26601,CUST_3226,2023-12-28,239.8
TXN_26602,CUST_3226,2023-12-31,89.45
TXN_26603,CUST_3226,2023-12-28,146.06
TXN_26604,CUST_3226,2023-12-28,102.94
TXN_26605,CUST_3226,2023-12-28,27.82
TXN_26606,CUST_3226,2023-12-28,226.8
TXN_26607,CUST_3226,2023-12-28,33.05
TXN_26608,CUST_3226,2023-12-28,32.7
TXN_26609,CUST_3226,2023-12-28,161.07
TXN_26610,CUST_3226,2023-12-28,24.75
TXN_26611,CUST_3226,2023-12-28,117.41
TXN_26612,CUST_3227,2023-07-07,217.59
TXN_26613,CUST_3227,2023-05-17,246.13
TXN_26614,CUST_3227,2023-07-15,98.89
TXN_26615,CUST_3227,2023-04-24,218.63
TXN_26616,CUST_3227,2023-05-07,25.43
TXN_26617,CUST_3227,2023-05-02,57.17
TXN_26618,CUST_3227,2023-05-07,159.12
TXN_26619,CUST_3227,2023-06-04,182.05
TXN_26620,CUST_3227,2023-05-09,43.15
TXN_26621,CUST_3227,2023-04-18,202.36
TXN_26622,CUST_3228,2023-09-02,64.97
TXN_26623,CUST_3229,2023-09-07,149.95
TXN_26624,CUST_3229,2023-09-19,214.58
TXN_26625,CUST_3229,2023-09-20,119.3
TXN_26626,CUST_3229,2023-10-05,43.94
TXN_26627,CUST_3229,2023-09-05,200.71
TXN_26628,CUST_3229,2023-09-11,175.9
TXN_26629,CUST_3229,2023-09-02,208.13
TXN_26630,CUST_3229,2023-12-31,102.82
TXN_26631,CUST_3229,2023-09-27,119.04
TXN_26632,CUST_3229,2023-11-29,17.33
TXN_26633,CUST_3230,2023-12-22,23.23
TXN_26634,CUST_3230,2023-12-21,236.01
TXN_26635,CUST_3230,2023-12-24,111.16
TXN_26636,CUST_3230,2023-12-28,153.62
TXN_26637,CUST_3230,2023-12-25,116.43
TXN_26638,CUST_3231,2023-07-29,178.96
TXN_26639,CUST_3231,2023-07-03,232.61
TXN_26640,CUST_3231,2023-07-12,144.67
TXN_26641,CUST_3231,2023-07-16,89.3
TXN_26642,CUST_3231,2023-06-10,32.35
TXN_26643,CUST_3231,2023-08-24,82.98
TXN_26644,CUST_3232,2023-12-19,148.12
TXN_26645,CUST_3233,2023-11-01,75.19
TXN_26646,CUST_3234,2023-12-23,86.75
TXN_26647,CUST_3234,2023-12-08,211.79
TXN_26648,CUST_3234,2023-12-09,127.07
TXN_26649,CUST_3235,2023-11-13,45.68
TXN_26650,CUST_3236,2023-07-31,80.17
TXN_26651,CUST_3237,2023-07-13,199.25
TXN_26652,CUST_3238,2023-07-11,122.35
TXN_26653,CUST_3238,2023-09-04,190.01
TXN_26654,CUST_3238,2023-07-16,54.15
TXN_26655,CUST_3238,2023-08-14,249.54
TXN_26656,CUST_3238,2023-08-02,115.47
TXN_26657,CUST_3238,2023-08-10,33.96
TXN_26658,CUST_3238,2023-10-03,74.48
TXN_26659,CUST_3238,2023-09-17,126.65
TXN_26660,CUST_3238,2023-09-01,27.68
TXN_26661,CUST_3239,2023-05-12,121.61
TXN_26662,CUST_3239,2023-03-03,171.46
TXN_26663,CUST_3239,2023-02-20,44.7
TXN_26664,CUST_3239,2023-06-24,139.05
TXN_26665,CUST_3239,2023-03-24,57.36
TXN_26666,CUST_3239,2023-06-06,63.32
TXN_26667,CUST_3239,2023-12-31,219.29
TXN_26668,CUST_3239,2023-03-04,216.9
TXN_26669,CUST_3239,2023-04-03,130.15
TXN_26670,CUST_3239,2023-03-06,42.86
TXN_26671,CUST_3239,2023-09-17,163.03
TXN_26672,CUST_3239,2023-04-23,23.5
TXN_26673,CUST_3240,2023-11-07,26.9
TXN_26674,CUST_3240,2023-11-16,122.93
TXN_26675,CUST_3240,2023-11-28,63.5
TXN_26676,CUST_3240,2023-11-10,57.48
TXN_26677,CUST_3240,2023-11-17,214.29
TXN_26678,CUST_3240,2023-11-28,236.89
TXN_26679,CUST_3240,2023-12-31,196.43
TXN_26680,CUST_3240,2023-11-05,66.53
TXN_26681,CUST_3240,2023-11-10,248.56
TXN_26682,CUST_3240,2023-11-09,61.78
TXN_26683,CUST_3240,2023-12-28,105.69
TXN_26684,CUST_3240,2023-11-22,200.22
TXN_26685,CUST_3240,2023-12-06,208.0
TXN_26686,CUST_3241,2023-08-08,171.81
TXN_26687,CUST_3241,2023-10-22,97.4
TXN_26688,CUST_3241,2023-07-29,95.77
TXN_26689,CUST_3241,2023-08-24,27.32
TXN_26690,CUST_3241,2023-10-05,47.63
TXN_26691,CUST_3241,2023-07-17,61.45
TXN_26692,CUST_3241,2023-08-28,82.11
TXN_26693,CUST_3241,2023-08-04,233.94
TXN_26694,CUST_3241,2023-10-26,215.26
TXN_26695,CUST_3241,2023-08-28,218.62
TXN_26696,CUST_3241,2023-10-04,239.01
TXN_26697,CUST_3241,2023-07-12,21.75
TXN_26698,CUST_3241,2023-07-20,233.33
TXN_26699,CUST_3242,2023-12-31,201.07
TXN_26700,CUST_3242,2023-12-31,179.24
TXN_26701,CUST_3242,2023-08-07,194.2
TXN_26702,CUST_3243,2023-08-06,242.98
TXN_26703,CUST_3244,2023-12-19,24.28
TXN_26704,CUST_3244,2023-12-19,151.63
TXN_26705,CUST_3244,2023-12-22,236.53
TXN_26706,CUST_3244,2023-12-23,84.08
TXN_26707,CUST_3244,2023-12-19,214.64
TXN_26708,CUST_3244,2023-12-21,168.57
TXN_26709,CUST_3244,2023-12-22,40.25
TXN_26710,CUST_3244,2023-12-19,103.6
TXN_26711,CUST_3244,2023-12-20,173.34
TXN_26712,CUST_3244,2023-12-23,242.7
TXN_26713,CUST_3244,2023-12-26,131.7
TXN_26714,CUST_3244,2023-12-21,173.42
TXN_26715,CUST_3244,2023-12-19,249.97
TXN_26716,CUST_3245,2023-10-05,109.81
TXN_26717,CUST_3245,2023-04-05,170.72
TXN_26718,CUST_3246,2023-11-27,26.33
TXN_26719,CUST_3246,2023-11-05,231.85
TXN_26720,CUST_3246,2023-12-31,59.97
TXN_26721,CUST_3246,2023-12-08,49.37
TXN_26722,CUST_3246,2023-12-03,80.16
TXN_26723,CUST_3246,2023-12-31,178.44
TXN_26724,CUST_3246,2023-11-02,81.03
TXN_26725,CUST_3246,2023-10-28,174.99
TXN_26726,CUST_3246,2023-12-13,192.41
TXN_26727,CUST_3246,2023-12-03,198.63
TXN_26728,CUST_3246,2023-12-31,193.08
TXN_26729,CUST_3246,2023-10-27,201.03
TXN_26730,CUST_3247,2023-12-31,103.52
TXN_26731,CUST_3248,2023-09-12,169.75
TXN_26732,CUST_3249,2023-12-31,84.16
TXN_26733,CUST_3250,2023-11-14,72.81
TXN_26734,CUST_3251,2023-12-30,145.17
TXN_26735,CUST_3251,2023-05-22,25.45
TXN_26736,CUST_3251,2023-05-01,155.57
TXN_26737,CUST_3252,2023-12-29,86.04
TXN_26738,CUST_3252,2023-12-29,247.52
TXN_26739,CUST_3252,2023-12-29,54.65
TXN_26740,CUST_3252,2023-12-29,120.06
TXN_26741,CUST_3252,2023-12-29,127.22
TXN_26742,CUST_3252,2023-12-30,17.72
TXN_26743,CUST_3252,2023-12-29,193.81
TXN_26744,CUST_3252,2023-12-29,33.23
TXN_26745,CUST_3252,2023-12-29,17.34
TXN_26746,CUST_3252,2023-12-30,30.71
TXN_26747,CUST_3252,2023-12-29,188.93
TXN_26748,CUST_3253,2023-11-08,56.27
TXN_26749,CUST_3254,2023-08-30,183.29
TXN_26750,CUST_3254,2023-10-14,249.47
TXN_26751,CUST_3254,2023-09-11,218.24
TXN_26752,CUST_3254,2023-09-16,225.97
TXN_26753,CUST_3254,2023-08-25,56.2
TXN_26754,CUST_3254,2023-11-12,207.54
TXN_26755,CUST_3254,2023-09-06,155.25
TXN_26756,CUST_3254,2023-09-11,17.42
TXN_26757,CUST_3254,2023-08-22,27.75
TXN_26758,CUST_3254,2023-09-29,80.62
TXN_26759,CUST_3254,2023-08-27,236.17
TXN_26760,CUST_3254,2023-08-26,173.39
TXN_26761,CUST_3254,2023-11-27,53.5
TXN_26762,CUST_3255,2023-10-20,134.49
TXN_26763,CUST_3256,2023-12-15,62.2
TXN_26764,CUST_3256,2023-12-17,181.53
TXN_26765,CUST_3256,2023-12-20,225.29
TXN_26766,CUST_3256,2023-12-17,130.57
TXN_26767,CUST_3256,2023-12-23,226.46
TXN_26768,CUST_3256,2023-12-20,236.47
TXN_26769,CUST_3256,2023-12-31,74.06
TXN_26770,CUST_3256,2023-12-11,120.42
TXN_26771,CUST_3256,2023-12-31,35.79
TXN_26772,CUST_3256,2023-12-18,214.95
TXN_26773,CUST_3256,2023-12-31,160.63
TXN_26774,CUST_3256,2023-12-13,54.13
TXN_26775,CUST_3257,2023-09-03,186.35
TXN_26776,CUST_3257,2023-06-19,80.71
TXN_26777,CUST_3257,2023-08-20,151.16
TXN_26778,CUST_3257,2023-04-11,218.37
TXN_26779,CUST_3257,2023-04-01,168.67
TXN_26780,CUST_3257,2023-04-15,154.29
TXN_26781,CUST_3257,2023-02-10,123.36
TXN_26782,CUST_3257,2023-05-05,130.79
TXN_26783,CUST_3257,2023-08-30,88.11
TXN_26784,CUST_3257,2023-09-29,109.81
TXN_26785,CUST_3257,2023-06-15,35.38
TXN_26786,CUST_3257,2023-03-02,193.87
TXN_26787,CUST_3257,2023-02-07,242.6
TXN_26788,CUST_3257,2023-03-01,226.81
TXN_26789,CUST_3258,2023-11-02,100.83
TXN_26790,CUST_3258,2023-11-04,138.59
TXN_26791,CUST_3258,2023-11-17,181.77
TXN_26792,CUST_3258,2023-12-13,125.02
TXN_26793,CUST_3258,2023-11-06,93.39
TXN_26794,CUST_3258,2023-12-08,49.28
TXN_26795,CUST_3258,2023-11-20,18.08
TXN_26796,CUST_3258,2023-11-06,153.98
TXN_26797,CUST_3258,2023-11-13,130.98
TXN_26798,CUST_3258,2023-11-22,70.13
TXN_26799,CUST_3258,2023-11-07,175.85
TXN_26800,CUST_3258,2023-11-16,18.43
TXN_26801,CUST_3258,2023-11-23,160.72
TXN_26802,CUST_3259,2023-07-08,137.69
TXN_26803,CUST_3260,2023-04-22,154.93
TXN_26804,CUST_3261,2023-12-17,223.6
TXN_26805,CUST_3261,2023-12-14,184.31
TXN_26806,CUST_3261,2023-12-21,219.9
TXN_26807,CUST_3262,2023-11-10,56.63
TXN_26808,CUST_3262,2023-11-05,80.55
TXN_26809,CUST_3262,2023-10-12,91.26
TXN_26810,CUST_3262,2023-10-25,204.05
TXN_26811,CUST_3262,2023-10-24,85.04
TXN_26812,CUST_3262,2023-12-06,27.95
TXN_26813,CUST_3262,2023-11-19,199.33
TXN_26814,CUST_3262,2023-10-12,61.6
TXN_26815,CUST_3262,2023-12-03,146.33
TXN_26816,CUST_3262,2023-10-05,224.35
TXN_26817,CUST_3262,2023-10-16,95.41
TXN_26818,CUST_3262,2023-11-03,170.41
TXN_26819,CUST_3262,2023-10-16,48.67
TXN_26820,CUST_3262,2023-10-27,161.92
TXN_26821,CUST_3263,2023-11-14,197.87
TXN_26822,CUST_3263,2023-11-08,87.77
TXN_26823,CUST_3263,2023-11-03,227.17
TXN_26824,CUST_3263,2023-11-25,76.77
TXN_26825,CUST_3263,2023-12-15,35.35
TXN_26826,CUST_3263,2023-11-11,147.45
TXN_26827,CUST_3263,2023-11-16,168.9
TXN_26828,CUST_3263,2023-11-09,193.09
TXN_26829,CUST_3263,2023-11-13,44.44
TXN_26830,CUST_3264,2023-04-15,153.57
TXN_26831,CUST_3264,2023-06-26,210.41
TXN_26832,CUST_3264,2023-03-22,148.94
TXN_26833,CUST_3265,2023-08-29,169.53
TXN_26834,CUST_3265,2023-08-11,65.0
TXN_26835,CUST_3265,2023-07-03,77.43
TXN_26836,CUST_3265,2023-08-08,200.16
TXN_26837,CUST_3265,2023-10-26,112.04
TXN_26838,CUST_3265,2023-10-06,248.44
TXN_26839,CUST_3265,2023-09-16,186.22
TXN_26840,CUST_3266,2023-06-04,108.42
TXN_26841,CUST_3266,2023-12-31,24.76
TXN_26842,CUST_3266,2023-04-24,134.86
TXN_26843,CUST_3267,2023-05-07,66.71
TXN_26844,CUST_3268,2023-07-18,96.33
TXN_26845,CUST_3268,2023-07-22,181.13
TXN_26846,CUST_3268,2023-11-06,150.81
TXN_26847,CUST_3268,2023-08-10,249.21
TXN_26848,CUST_3268,2023-07-12,86.52
TXN_26849,CUST_3268,2023-07-29,98.71
TXN_26850,CUST_3268,2023-07-26,77.1
TXN_26851,CUST_3268,2023-07-28,133.85
TXN_26852,CUST_3268,2023-08-08,165.23
TXN_26853,CUST_3268,2023-08-21,58.1
TXN_26854,CUST_3269,2023-09-29,54.22
TXN_26855,CUST_3269,2023-11-15,180.2
TXN_26856,CUST_3269,2023-10-17,86.93
TXN_26857,CUST_3269,2023-10-14,164.57
TXN_26858,CUST_3269,2023-12-02,145.63
TXN_26859,CUST_3269,2023-10-04,25.04
TXN_26860,CUST_3270,2023-08-11,52.7
TXN_26861,CUST_3271,2023-12-02,172.24
TXN_26862,CUST_3271,2023-12-08,118.15
TXN_26863,CUST_3272,2023-06-11,204.0
TXN_26864,CUST_3272,2023-08-21,201.05
TXN_26865,CUST_3272,2023-07-27,104.15
TXN_26866,CUST_3272,2023-06-10,168.73
TXN_26867,CUST_3272,2023-05-18,207.68
TXN_26868,CUST_3272,2023-06-12,163.14
TXN_26869,CUST_3273,2023-09-04,60.4
TXN_26870,CUST_3273,2023-08-10,182.73
TXN_26871,CUST_3273,2023-09-23,134.84
TXN_26872,CUST_3273,2023-03-15,229.33
TXN_26873,CUST_3273,2023-07-30,19.93
TXN_26874,CUST_3273,2023-12-10,237.9
TXN_26875,CUST_3273,2023-04-02,17.35
TXN_26876,CUST_3273,2023-05-11,229.71
TXN_26877,CUST_3273,2023-03-01,153.77
TXN_26878,CUST_3273,2023-07-04,46.65
TXN_26879,CUST_3273,2023-05-02,35.87
TXN_26880,CUST_3273,2023-05-12,118.9
TXN_26881,CUST_3273,2023-03-19,215.47
TXN_26882,CUST_3273,2023-04-07,179.46
TXN_26883,CUST_3274,2023-12-31,186.51
TXN_26884,CUST_3274,2023-03-01,36.82
TXN_26885,CUST_3274,2023-08-30,203.53
TXN_26886,CUST_3274,2023-06-12,61.08
TXN_26887,CUST_3274,2023-04-24,156.64
TXN_26888,CUST_3274,2023-11-27,54.81
TXN_26889,CUST_3274,2023-05-02,52.07
TXN_26890,CUST_3274,2023-04-17,62.03
TXN_26891,CUST_3275,2023-03-08,97.8
TXN_26892,CUST_3275,2023-01-31,88.31
TXN_26893,CUST_3275,2023-01-01,91.16
TXN_26894,CUST_3275,2023-01-10,231.51
TXN_26895,CUST_3275,2023-01-10,238.98
TXN_26896,CUST_3275,2023-03-24,135.6
TXN_26897,CUST_3275,2023-07-08,178.41
TXN_26898,CUST_3275,2023-02-02,20.98
TXN_26899,CUST_3275,2023-07-02,45.49
TXN_26900,CUST_3275,2023-04-21,236.52
TXN_26901,CUST_3275,2023-04-07,82.11
TXN_26902,CUST_3275,2023-01-24,21.33
TXN_26903,CUST_3275,2023-04-29,146.13
TXN_26904,CUST_3275,2023-03-17,60.54
TXN_26905,CUST_3276,2023-12-31,19.79
TXN_26906,CUST_3277,2023-04-21,60.02
TXN_26907,CUST_3278,2023-01-22,42.34
TXN_26908,CUST_3278,2023-04-21,178.47
TXN_26909,CUST_3278,2023-03-19,186.9
TXN_26910,CUST_3278,2023-02-08,43.68
TXN_26911,CUST_3279,2023-12-29,18.78
TXN_26912,CUST_3279,2023-12-13,32.04
TXN_26913,CUST_3279,2023-11-28,168.72
TXN_26914,CUST_3279,2023-12-24,82.61
TXN_26915,CUST_3279,2023-12-01,160.16
TXN_26916,CUST_3279,2023-12-14,219.21
TXN_26917,CUST_3279,2023-12-01,188.95
TXN_26918,CUST_3279,2023-12-02,143.03
TXN_26919,CUST_3279,2023-11-30,49.31
TXN_26920,CUST_3279,2023-12-28,143.59
TXN_26921,CUST_3279,2023-11-28,201.46
TXN_26922,CUST_3279,2023-12-10,91.58
TXN_26923,CUST_3279,2023-12-04,120.72
TXN_26924,CUST_3279,2023-12-01,245.43
TXN_26925,CUST_3280,2023-12-22,234.98
TXN_26926,CUST_3280,2023-07-26,166.12
TXN_26927,CUST_3280,2023-09-12,28.73
TXN_26928,CUST_3280,2023-03-25,89.52
TXN_26929,CUST_3280,2023-09-03,125.97
TXN_26930,CUST_3280,2023-05-20,68.88
TXN_26931,CUST_3281,2023-08-12,234.28
TXN_26932,CUST_3281,2023-04-22,197.13
TXN_26933,CUST_3281,2023-05-01,200.79
TXN_26934,CUST_3282,2023-10-29,132.68
TXN_26935,CUST_3282,2023-12-01,136.98
TXN_26936,CUST_3283,2023-12-25,102.72
TXN_26937,CUST_3284,2023-12-14,202.23
TXN_26938,CUST_3284,2023-12-04,118.36
TXN_26939,CUST_3284,2023-11-26,151.59
TXN_26940,CUST_3284,2023-11-07,213.04
TXN_26941,CUST_3284,2023-12-31,226.33
TXN_26942,CUST_3285,2023-07-16,95.92
TXN_26943,CUST_3285,2023-03-31,203.57
TXN_26944,CUST_3285,2023-12-31,245.87
TXN_26945,CUST_3285,2023-05-20,31.57
TXN_26946,CUST_3286,2023-05-15,39.06
TXN_26947,CUST_3287,2023-11-04,206.11
TXN_26948,CUST_3287,2023-12-01,226.76
TXN_26949,CUST_3287,2023-09-09,43.88
TXN_26950,CUST_3287,2023-11-13,237.32
TXN_26951,CUST_3287,2023-09-21,17.02
TXN_26952,CUST_3287,2023-09-21,104.97
TXN_26953,CUST_3287,2023-10-31,26.18
TXN_26954,CUST_3287,2023-09-16,225.08
TXN_26955,CUST_3287,2023-09-13,193.42
TXN_26956,CUST_3287,2023-09-24,170.73
TXN_26957,CUST_3288,2023-02-17,114.83
TXN_26958,CUST_3289,2023-09-08,34.98
TXN_26959,CUST_3289,2023-08-11,102.95
TXN_26960,CUST_3289,2023-07-01,152.59
TXN_26961,CUST_3289,2023-07-31,110.28
TXN_26962,CUST_3289,2023-06-25,134.42
TXN_26963,CUST_3289,2023-06-23,39.12
TXN_26964,CUST_3289,2023-09-23,180.04
TXN_26965,CUST_3289,2023-06-08,53.21
TXN_26966,CUST_3289,2023-06-09,200.82
TXN_26967,CUST_3289,2023-09-14,110.89
TXN_26968,CUST_3289,2023-10-01,243.88
TXN_26969,CUST_3289,2023-12-31,245.5
TXN_26970,CUST_3289,2023-10-12,65.99
TXN_26971,CUST_3290,2023-12-23,87.51
TXN_26972,CUST_3291,2023-06-27,182.96
TXN_26973,CUST_3292,2023-12-24,55.78
TXN_26974,CUST_3292,2023-12-14,114.7
TXN_26975,CUST_3292,2023-12-11,231.11
TXN_26976,CUST_3292,2023-12-09,43.69
TXN_26977,CUST_3292,2023-12-18,76.91
TXN_26978,CUST_3292,2023-12-18,210.58
TXN_26979,CUST_3292,2023-12-11,60.11
TXN_26980,CUST_3292,2023-12-10,62.02
TXN_26981,CUST_3292,2023-12-11,219.16
TXN_26982,CUST_3292,2023-12-19,15.43
TXN_26983,CUST_3292,2023-12-24,33.52
TXN_26984,CUST_3293,2023-06-11,193.55
TXN_26985,CUST_3293,2023-07-20,155.78
TXN_26986,CUST_3293,2023-07-15,30.79
TXN_26987,CUST_3293,2023-09-07,207.78
TXN_26988,CUST_3293,2023-06-09,103.29
TXN_26989,CUST_3293,2023-08-02,157.22
TXN_26990,CUST_3293,2023-08-05,177.84
TXN_26991,CUST_3293,2023-12-31,106.79
TXN_26992,CUST_3293,2023-08-02,179.28
TXN_26993,CUST_3294,2023-08-09,147.14
TXN_26994,CUST_3294,2023-10-03,220.57
TXN_26995,CUST_3294,2023-08-20,190.64
TXN_26996,CUST_3294,2023-09-18,133.16
TXN_26997,CUST_3294,2023-12-07,160.7
TXN_26998,CUST_3294,2023-08-25,182.54
TXN_26999,CUST_3294,2023-12-31,230.77
TXN_27000,CUST_3294,2023-12-31,37.34
TXN_27001,CUST_3294,2023-09-01,116.68
TXN_27002,CUST_3295,2023-07-08,210.57
TXN_27003,CUST_3296,2023-07-06,234.48
TXN_27004,CUST_3296,2023-07-05,185.08
TXN_27005,CUST_3296,2023-07-06,244.19
TXN_27006,CUST_3296,2023-07-22,111.85
TXN_27007,CUST_3297,2023-12-08,241.79
TXN_27008,CUST_3297,2023-12-13,166.61
TXN_27009,CUST_3297,2023-12-07,45.29
TXN_27010,CUST_3297,2023-12-12,232.51
TXN_27011,CUST_3297,2023-12-06,134.42
TXN_27012,CUST_3297,2023-12-07,198.77
TXN_27013,CUST_3297,2023-12-15,37.84
TXN_27014,CUST_3298,2023-12-10,82.08
TXN_27015,CUST_3298,2023-12-05,247.57
TXN_27016,CUST_3298,2023-12-11,103.05
TXN_27017,CUST_3298,2023-12-06,238.3
TXN_27018,CUST_3298,2023-12-12,28.55
TXN_27019,CUST_3298,2023-12-04,235.77
TXN_27020,CUST_3298,2023-12-15,39.31
TXN_27021,CUST_3299,2023-11-26,33.57
TXN_27022,CUST_3299,2023-07-23,133.5
TXN_27023,CUST_3299,2023-05-30,35.62
TXN_27024,CUST_3299,2023-06-30,46.53
TXN_27025,CUST_3299,2023-07-12,158.09
TXN_27026,CUST_3300,2023-12-05,190.23
TXN_27027,CUST_3300,2023-11-20,35.81
TXN_27028,CUST_3300,2023-12-01,102.93
TXN_27029,CUST_3300,2023-12-06,146.06
TXN_27030,CUST_3301,2023-08-27,62.92
TXN_27031,CUST_3302,2023-08-20,196.24
TXN_27032,CUST_3303,2023-03-31,195.87
TXN_27033,CUST_3304,2023-06-23,44.11
TXN_27034,CUST_3304,2023-12-14,108.94
TXN_27035,CUST_3304,2023-06-03,132.21
TXN_27036,CUST_3304,2023-06-11,98.49
TXN_27037,CUST_3304,2023-06-24,247.01
TXN_27038,CUST_3304,2023-08-09,130.57
TXN_27039,CUST_3304,2023-07-18,156.96
TXN_27040,CUST_3304,2023-10-23,49.31
TXN_27041,CUST_3304,2023-08-01,90.71
TXN_27042,CUST_3304,2023-07-27,136.67
TXN_27043,CUST_3304,2023-05-29,151.88
TXN_27044,CUST_3304,2023-08-24,72.81
TXN_27045,CUST_3305,2023-09-05,164.56
TXN_27046,CUST_3306,2023-07-11,27.54
TXN_27047,CUST_3306,2023-04-19,174.79
TXN_27048,CUST_3306,2023-04-23,206.39
TXN_27049,CUST_3306,2023-03-27,59.73
TXN_27050,CUST_3306,2023-04-24,232.44
TXN_27051,CUST_3306,2023-08-21,222.77
TXN_27052,CUST_3306,2023-05-18,208.3
TXN_27053,CUST_3307,2023-05-11,199.93
TXN_27054,CUST_3307,2023-09-04,249.2
TXN_27055,CUST_3307,2023-05-16,29.2
TXN_27056,CUST_3307,2023-05-20,57.02
TXN_27057,CUST_3307,2023-08-05,242.77
TXN_27058,CUST_3307,2023-05-19,92.23
TXN_27059,CUST_3307,2023-05-29,216.38
TXN_27060,CUST_3307,2023-07-04,243.88
TXN_27061,CUST_3307,2023-07-14,180.88
TXN_27062,CUST_3307,2023-04-30,238.64
TXN_27063,CUST_3307,2023-07-15,137.24
TXN_27064,CUST_3307,2023-06-03,33.11
TXN_27065,CUST_3307,2023-05-05,17.75
TXN_27066,CUST_3307,2023-12-31,199.78
TXN_27067,CUST_3308,2023-12-31,33.88
TXN_27068,CUST_3308,2023-10-15,142.21
TXN_27069,CUST_3308,2023-08-17,21.3
TXN_27070,CUST_3308,2023-09-03,203.52
TXN_27071,CUST_3308,2023-08-14,180.53
TXN_27072,CUST_3309,2023-12-10,243.99
TXN_27073,CUST_3309,2023-12-27,45.21
TXN_27074,CUST_3309,2023-12-02,214.94
TXN_27075,CUST_3309,2023-11-30,103.96
TXN_27076,CUST_3309,2023-12-08,147.28
TXN_27077,CUST_3310,2023-10-23,188.33
TXN_27078,CUST_3310,2023-12-31,98.8
TXN_27079,CUST_3310,2023-09-01,96.98
TXN_27080,CUST_3310,2023-12-07,34.6
TXN_27081,CUST_3310,2023-10-12,114.44
TXN_27082,CUST_3310,2023-12-12,233.21
TXN_27083,CUST_3310,2023-11-01,38.15
TXN_27084,CUST_3310,2023-09-01,47.1
TXN_27085,CUST_3310,2023-09-15,71.74
TXN_27086,CUST_3310,2023-09-18,48.62
TXN_27087,CUST_3311,2023-05-28,33.73
TXN_27088,CUST_3311,2023-11-23,167.21
TXN_27089,CUST_3312,2023-07-15,121.4
TXN_27090,CUST_3313,2023-10-22,72.13
TXN_27091,CUST_3314,2023-10-18,126.9
TXN_27092,CUST_3315,2023-10-18,146.58
TXN_27093,CUST_3316,2023-09-22,204.0
TXN_27094,CUST_3317,2023-11-05,56.54
TXN_27095,CUST_3317,2023-11-22,117.72
TXN_27096,CUST_3317,2023-11-07,81.48
TXN_27097,CUST_3317,2023-11-21,185.46
TXN_27098,CUST_3317,2023-11-07,239.47
TXN_27099,CUST_3317,2023-11-03,179.51
TXN_27100,CUST_3317,2023-11-09,127.45
TXN_27101,CUST_3317,2023-11-19,146.96
TXN_27102,CUST_3317,2023-12-01,208.6
TXN_27103,CUST_3317,2023-11-04,180.21
TXN_27104,CUST_3317,2023-11-12,207.37
TXN_27105,CUST_3318,2023-12-06,175.68
TXN_27106,CUST_3318,2023-12-01,143.96
TXN_27107,CUST_3318,2023-12-01,178.68
TXN_27108,CUST_3318,2023-12-31,176.92
TXN_27109,CUST_3318,2023-11-27,127.15
TXN_27110,CUST_3319,2023-10-10,23.04
TXN_27111,CUST_3319,2023-10-06,136.2
TXN_27112,CUST_3319,2023-12-22,222.52
TXN_27113,CUST_3319,2023-10-22,186.49
TXN_27114,CUST_3320,2023-09-22,141.91
TXN_27115,CUST_3320,2023-08-31,192.8
TXN_27116,CUST_3320,2023-10-22,66.15
TXN_27117,CUST_3320,2023-08-31,196.22
TXN_27118,CUST_3320,2023-09-25,154.02
TXN_27119,CUST_3320,2023-08-18,158.17
TXN_27120,CUST_3320,2023-09-15,116.62
TXN_27121,CUST_3321,2023-03-17,119.63
TXN_27122,CUST_3321,2023-05-21,54.92
TXN_27123,CUST_3321,2023-07-01,177.12
TXN_27124,CUST_3321,2023-10-06,148.31
TXN_27125,CUST_3321,2023-05-20,160.56
TXN_27126,CUST_3321,2023-03-25,193.27
TXN_27127,CUST_3321,2023-06-13,212.2
TXN_27128,CUST_3321,2023-07-23,165.06
TXN_27129,CUST_3321,2023-03-10,231.0
TXN_27130,CUST_3322,2023-12-31,109.44
TXN_27131,CUST_3323,2023-11-15,201.84
TXN_27132,CUST_3324,2023-08-14,125.09
TXN_27133,CUST_3324,2023-04-23,79.47
TXN_27134,CUST_3324,2023-03-18,34.78
TXN_27135,CUST_3324,2023-11-26,104.74
TXN_27136,CUST_3324,2023-02-27,48.45
TXN_27137,CUST_3324,2023-04-05,163.57
TXN_27138,CUST_3324,2023-07-21,232.28
TXN_27139,CUST_3324,2023-05-28,113.86
TXN_27140,CUST_3324,2023-04-08,149.98
TXN_27141,CUST_3325,2023-05-26,21.62
TXN_27142,CUST_3325,2023-02-07,185.38
TXN_27143,CUST_3325,2023-07-08,142.41
TXN_27144,CUST_3326,2023-09-23,79.93
TXN_27145,CUST_3326,2023-10-02,61.35
TXN_27146,CUST_3326,2023-12-31,204.11
TXN_27147,CUST_3326,2023-11-13,148.68
TXN_27148,CUST_3326,2023-12-31,187.07
TXN_27149,CUST_3326,2023-09-30,158.47
TXN_27150,CUST_3326,2023-10-13,151.37
TXN_27151,CUST_3326,2023-11-15,134.75
TXN_27152,CUST_3326,2023-11-01,73.89
TXN_27153,CUST_3326,2023-12-20,35.3
TXN_27154,CUST_3326,2023-12-31,163.68
TXN_27155,CUST_3327,2023-06-10,119.0
TXN_27156,CUST_3327,2023-06-17,132.91
TXN_27157,CUST_3327,2023-04-29,48.7
TXN_27158,CUST_3327,2023-04-21,62.17
TXN_27159,CUST_3327,2023-07-18,207.69
TXN_27160,CUST_3327,2023-07-22,166.28
TXN_27161,CUST_3327,2023-04-28,182.08
TXN_27162,CUST_3327,2023-06-20,26.02
TXN_27163,CUST_3328,2023-11-10,189.8
TXN_27164,CUST_3328,2023-12-31,60.78
TXN_27165,CUST_3328,2023-07-22,201.37
TXN_27166,CUST_3328,2023-07-17,98.44
TXN_27167,CUST_3328,2023-09-30,116.12
TXN_27168,CUST_3328,2023-11-21,78.07
TXN_27169,CUST_3328,2023-11-09,80.44
TXN_27170,CUST_3328,2023-06-27,113.84
TXN_27171,CUST_3328,2023-07-24,113.28
TXN_27172,CUST_3328,2023-10-20,201.96
TXN_27173,CUST_3329,2023-06-25,116.29
TXN_27174,CUST_3330,2023-06-17,57.69
TXN_27175,CUST_3331,2023-04-10,173.62
TXN_27176,CUST_3331,2023-04-27,229.25
TXN_27177,CUST_3331,2023-07-11,101.55
TXN_27178,CUST_3331,2023-05-21,177.36
TXN_27179,CUST_3332,2023-11-04,16.12
TXN_27180,CUST_3333,2023-12-19,126.89
TXN_27181,CUST_3333,2023-12-19,161.43
TXN_27182,CUST_3333,2023-12-18,203.32
TXN_27183,CUST_3333,2023-12-17,85.39
TXN_27184,CUST_3333,2023-12-20,76.07
TXN_27185,CUST_3333,2023-12-16,63.31
TXN_27186,CUST_3334,2023-12-12,215.99
TXN_27187,CUST_3334,2023-11-10,223.86
TXN_27188,CUST_3334,2023-11-29,80.32
TXN_27189,CUST_3334,2023-10-27,85.77
TXN_27190,CUST_3334,2023-10-28,161.34
TXN_27191,CUST_3334,2023-11-12,155.63
TXN_27192,CUST_3334,2023-10-27,201.09
TXN_27193,CUST_3334,2023-11-05,126.03
TXN_27194,CUST_3334,2023-12-31,81.33
TXN_27195,CUST_3334,2023-11-03,173.97
TXN_27196,CUST_3334,2023-12-10,44.79
TXN_27197,CUST_3334,2023-11-22,230.8
TXN_27198,CUST_3334,2023-11-04,82.38
TXN_27199,CUST_3334,2023-11-18,72.83
TXN_27200,CUST_3335,2023-12-05,153.73
TXN_27201,CUST_3336,2023-04-28,162.41
TXN_27202,CUST_3337,2023-11-10,127.94
TXN_27203,CUST_3337,2023-12-31,229.95
TXN_27204,CUST_3337,2023-09-26,77.61
TXN_27205,CUST_3338,2023-08-31,88.32
TXN_27206,CUST_3339,2023-11-21,124.88
TXN_27207,CUST_3339,2023-11-19,94.94
TXN_27208,CUST_3339,2023-11-18,116.05
TXN_27209,CUST_3339,2023-12-12,154.84
TXN_27210,CUST_3339,2023-12-11,46.89
TXN_27211,CUST_3340,2023-11-07,101.95
TXN_27212,CUST_3341,2023-10-29,71.66
TXN_27213,CUST_3341,2023-11-10,192.67
TXN_27214,CUST_3341,2023-12-31,115.59
TXN_27215,CUST_3341,2023-11-27,185.88
TXN_27216,CUST_3341,2023-11-15,177.37
TXN_27217,CUST_3341,2023-10-28,118.77
TXN_27218,CUST_3341,2023-11-29,126.44
TXN_27219,CUST_3341,2023-12-11,210.9
TXN_27220,CUST_3342,2023-12-23,21.96
TXN_27221,CUST_3342,2023-12-31,70.49
TXN_27222,CUST_3342,2023-12-24,79.61
TXN_27223,CUST_3342,2023-12-23,76.4
TXN_27224,CUST_3342,2023-12-23,107.66
TXN_27225,CUST_3342,2023-12-31,179.09
TXN_27226,CUST_3342,2023-12-26,121.5
TXN_27227,CUST_3343,2023-12-31,38.26
TXN_27228,CUST_3343,2023-11-16,67.89
TXN_27229,CUST_3343,2023-08-26,96.19
TXN_27230,CUST_3343,2023-09-26,155.51
TXN_27231,CUST_3344,2023-08-04,118.32
TXN_27232,CUST_3345,2023-04-15,136.34
TXN_27233,CUST_3346,2023-05-19,248.49
TXN_27234,CUST_3347,2023-08-28,53.6
TXN_27235,CUST_3347,2023-10-08,80.21
TXN_27236,CUST_3348,2023-10-16,44.5
TXN_27237,CUST_3348,2023-10-25,228.22
TXN_27238,CUST_3348,2023-12-31,236.9
TXN_27239,CUST_3348,2023-12-31,18.58
TXN_27240,CUST_3348,2023-11-12,79.14
TXN_27241,CUST_3349,2023-10-29,246.8
TXN_27242,CUST_3349,2023-11-09,138.12
TXN_27243,CUST_3349,2023-11-10,220.66
TXN_27244,CUST_3349,2023-10-27,135.08
TXN_27245,CUST_3349,2023-10-28,198.44
TXN_27246,CUST_3349,2023-11-25,240.0
TXN_27247,CUST_3349,2023-11-04,52.28
TXN_27248,CUST_3350,2023-12-23,138.78
TXN_27249,CUST_3350,2023-10-13,108.31
TXN_27250,CUST_3350,2023-11-04,97.91
TXN_27251,CUST_3350,2023-11-12,222.28
TXN_27252,CUST_3350,2023-11-19,166.02
TXN_27253,CUST_3351,2023-12-17,162.64
TXN_27254,CUST_3351,2023-10-31,40.55
TXN_27255,CUST_3351,2023-10-06,45.42
TXN_27256,CUST_3351,2023-10-06,150.45
TXN_27257,CUST_3351,2023-10-21,16.17
TXN_27258,CUST_3351,2023-10-16,44.93
TXN_27259,CUST_3352,2023-04-28,84.6
TXN_27260,CUST_3352,2023-05-12,186.16
TXN_27261,CUST_3352,2023-08-03,243.28
TXN_27262,CUST_3352,2023-05-18,235.54
TXN_27263,CUST_3352,2023-07-07,131.4
TXN_27264,CUST_3352,2023-07-20,180.15
TXN_27265,CUST_3352,2023-05-03,191.65
TXN_27266,CUST_3352,2023-08-06,249.42
TXN_27267,CUST_3352,2023-11-11,175.9
TXN_27268,CUST_3352,2023-08-02,237.31
TXN_27269,CUST_3352,2023-12-31,209.34
TXN_27270,CUST_3352,2023-08-20,41.17
TXN_27271,CUST_3352,2023-09-16,74.5
TXN_27272,CUST_3352,2023-06-27,110.26
TXN_27273,CUST_3353,2023-06-22,216.03
TXN_27274,CUST_3354,2023-05-07,58.9
TXN_27275,CUST_3354,2023-07-10,185.21
TXN_27276,CUST_3354,2023-05-03,140.93
TXN_27277,CUST_3354,2023-07-14,236.35
TXN_27278,CUST_3354,2023-08-31,113.89
TXN_27279,CUST_3354,2023-09-20,118.8
TXN_27280,CUST_3354,2023-04-21,95.16
TXN_27281,CUST_3354,2023-08-31,239.61
TXN_27282,CUST_3354,2023-12-31,165.19
TXN_27283,CUST_3354,2023-06-05,53.08
TXN_27284,CUST_3354,2023-04-18,136.85
TXN_27285,CUST_3354,2023-08-02,91.12
TXN_27286,CUST_3354,2023-07-17,149.14
TXN_27287,CUST_3354,2023-12-15,64.25
TXN_27288,CUST_3355,2023-06-26,247.07
TXN_27289,CUST_3355,2023-03-17,124.01
TXN_27290,CUST_3355,2023-12-31,244.64
TXN_27291,CUST_3355,2023-04-22,15.0
TXN_27292,CUST_3356,2023-07-20,19.38
TXN_27293,CUST_3356,2023-05-21,200.49
TXN_27294,CUST_3356,2023-06-19,44.6
TXN_27295,CUST_3356,2023-06-13,64.8
TXN_27296,CUST_3356,2023-10-29,223.98
TXN_27297,CUST_3356,2023-06-10,47.29
TXN_27298,CUST_3356,2023-06-07,45.25
TXN_27299,CUST_3356,2023-05-31,196.23
TXN_27300,CUST_3356,2023-05-29,142.89
TXN_27301,CUST_3356,2023-05-12,96.69
TXN_27302,CUST_3356,2023-05-05,143.82
TXN_27303,CUST_3356,2023-06-05,219.92
TXN_27304,CUST_3356,2023-06-11,146.08
TXN_27305,CUST_3357,2023-04-17,38.06
TXN_27306,CUST_3357,2023-08-10,165.96
TXN_27307,CUST_3357,2023-02-11,72.73
TXN_27308,CUST_3357,2023-04-26,25.59
TXN_27309,CUST_3357,2023-06-20,68.53
TXN_27310,CUST_3357,2023-04-15,71.79
TXN_27311,CUST_3358,2023-07-20,120.42
TXN_27312,CUST_3358,2023-08-18,112.0
TXN_27313,CUST_3358,2023-07-20,123.47
TXN_27314,CUST_3358,2023-09-14,241.75
TXN_27315,CUST_3358,2023-10-06,52.95
TXN_27316,CUST_3358,2023-07-25,33.52
TXN_27317,CUST_3358,2023-07-15,73.91
TXN_27318,CUST_3358,2023-07-20,65.21
TXN_27319,CUST_3358,2023-07-22,85.66
TXN_27320,CUST_3358,2023-07-14,80.29
TXN_27321,CUST_3358,2023-09-13,70.55
TXN_27322,CUST_3358,2023-07-18,30.91
TXN_27323,CUST_3358,2023-08-16,212.87
TXN_27324,CUST_3359,2023-12-30,167.9
TXN_27325,CUST_3360,2023-12-22,91.34
TXN_27326,CUST_3360,2023-12-27,128.86
TXN_27327,CUST_3360,2023-12-24,180.9
TXN_27328,CUST_3360,2023-12-20,26.5
TXN_27329,CUST_3360,2023-12-26,130.23
TXN_27330,CUST_3360,2023-12-26,84.81
TXN_27331,CUST_3360,2023-12-27,210.24
TXN_27332,CUST_3360,2023-12-21,111.75
TXN_27333,CUST_3360,2023-12-21,23.18
TXN_27334,CUST_3360,2023-12-24,79.09
TXN_27335,CUST_3360,2023-12-27,225.88
TXN_27336,CUST_3361,2023-10-17,206.86
TXN_27337,CUST_3361,2023-12-11,97.73
TXN_27338,CUST_3361,2023-10-26,106.71
TXN_27339,CUST_3361,2023-11-29,181.16
TXN_27340,CUST_3361,2023-10-18,164.15
TXN_27341,CUST_3361,2023-10-15,181.94
TXN_27342,CUST_3361,2023-11-21,206.51
TXN_27343,CUST_3361,2023-11-09,57.44
TXN_27344,CUST_3361,2023-11-24,226.45
TXN_27345,CUST_3361,2023-11-09,79.65
TXN_27346,CUST_3361,2023-10-20,69.39
TXN_27347,CUST_3361,2023-10-15,17.39
TXN_27348,CUST_3361,2023-10-24,231.9
TXN_27349,CUST_3361,2023-11-08,105.74
TXN_27350,CUST_3362,2023-12-31,122.12
TXN_27351,CUST_3363,2023-08-15,57.88
TXN_27352,CUST_3363,2023-08-29,180.77
TXN_27353,CUST_3363,2023-07-05,128.59
TXN_27354,CUST_3364,2023-09-20,165.7
TXN_27355,CUST_3364,2023-09-01,216.77
TXN_27356,CUST_3364,2023-09-04,38.82
TXN_27357,CUST_3364,2023-08-26,54.95
TXN_27358,CUST_3364,2023-06-21,65.33
TXN_27359,CUST_3364,2023-07-01,38.99
TXN_27360,CUST_3364,2023-07-06,147.44
TXN_27361,CUST_3364,2023-07-01,80.67
TXN_27362,CUST_3364,2023-10-20,223.69
TXN_27363,CUST_3365,2023-12-23,152.65
TXN_27364,CUST_3366,2023-07-11,231.69
TXN_27365,CUST_3367,2023-12-31,196.35
TXN_27366,CUST_3367,2023-05-09,133.92
TXN_27367,CUST_3367,2023-04-02,116.69
TXN_27368,CUST_3368,2023-03-12,40.11
TXN_27369,CUST_3368,2023-03-25,246.65
TXN_27370,CUST_3368,2023-05-23,118.35
TXN_27371,CUST_3369,2023-12-26,150.04
TXN_27372,CUST_3370,2023-07-06,111.78
TXN_27373,CUST_3370,2023-10-31,159.6
TXN_27374,CUST_3370,2023-04-01,129.55
TXN_27375,CUST_3370,2023-08-02,166.19
TXN_27376,CUST_3370,2023-10-11,191.25
TXN_27377,CUST_3370,2023-03-22,41.44
TXN_27378,CUST_3370,2023-06-25,71.03
TXN_27379,CUST_3370,2023-06-09,201.17
TXN_27380,CUST_3370,2023-06-07,112.64
TXN_27381,CUST_3370,2023-06-24,48.75
TXN_27382,CUST_3370,2023-07-18,178.8
TXN_27383,CUST_3371,2023-08-27,103.48
TXN_27384,CUST_3371,2023-07-04,215.81
TXN_27385,CUST_3371,2023-05-30,215.58
TXN_27386,CUST_3371,2023-03-18,123.6
TXN_27387,CUST_3371,2023-05-19,163.32
TXN_27388,CUST_3371,2023-12-31,213.79
TXN_27389,CUST_3372,2023-06-21,169.43
TXN_27390,CUST_3373,2023-11-12,171.66
TXN_27391,CUST_3374,2023-06-06,85.59
TXN_27392,CUST_3374,2023-06-26,89.62
TXN_27393,CUST_3374,2023-06-13,188.67
TXN_27394,CUST_3374,2023-07-17,190.78
TXN_27395,CUST_3374,2023-08-08,206.54
TXN_27396,CUST_3374,2023-05-16,248.85
TXN_27397,CUST_3374,2023-06-20,183.78
TXN_27398,CUST_3375,2023-04-15,101.21
TXN_27399,CUST_3375,2023-06-29,108.58
TXN_27400,CUST_3375,2023-06-02,231.04
TXN_27401,CUST_3375,2023-08-13,95.14
TXN_27402,CUST_3375,2023-04-24,191.06
TXN_27403,CUST_3376,2023-06-24,231.57
TXN_27404,CUST_3376,2023-09-06,94.05
TXN_27405,CUST_3376,2023-06-20,91.54
TXN_27406,CUST_3376,2023-06-29,199.77
TXN_27407,CUST_3376,2023-09-07,132.07
TXN_27408,CUST_3376,2023-11-06,57.46
TXN_27409,CUST_3376,2023-07-25,182.0
TXN_27410,CUST_3376,2023-06-20,102.58
TXN_27411,CUST_3376,2023-08-10,101.2
TXN_27412,CUST_3376,2023-07-29,157.91
TXN_27413,CUST_3376,2023-07-16,39.91
TXN_27414,CUST_3376,2023-06-25,138.85
TXN_27415,CUST_3377,2023-12-11,211.03
TXN_27416,CUST_3378,2023-10-06,140.3
TXN_27417,CUST_3379,2023-04-30,174.67
TXN_27418,CUST_3380,2023-08-05,16.27
TXN_27419,CUST_3381,2023-04-08,163.1
TXN_27420,CUST_3382,2023-11-17,89.17
TXN_27421,CUST_3383,2023-09-07,178.11
TXN_27422,CUST_3383,2023-10-30,204.67
TXN_27423,CUST_3383,2023-08-14,168.0
TXN_27424,CUST_3383,2023-07-22,178.31
TXN_27425,CUST_3383,2023-09-25,203.31
TXN_27426,CUST_3383,2023-10-17,118.38
TXN_27427,CUST_3383,2023-11-23,245.52
TXN_27428,CUST_3383,2023-12-31,152.65
TXN_27429,CUST_3383,2023-08-28,122.47
TXN_27430,CUST_3383,2023-08-01,93.43
TXN_27431,CUST_3383,2023-07-25,239.59
TXN_27432,CUST_3384,2023-03-24,240.32
TXN_27433,CUST_3384,2023-03-12,193.26
TXN_27434,CUST_3384,2023-06-15,86.32
TXN_27435,CUST_3384,2023-04-21,48.59
TXN_27436,CUST_3384,2023-11-12,242.51
TXN_27437,CUST_3384,2023-07-05,214.61
TXN_27438,CUST_3384,2023-02-25,105.23
TXN_27439,CUST_3384,2023-03-30,147.76
TXN_27440,CUST_3384,2023-03-09,147.39
TXN_27441,CUST_3384,2023-06-08,46.1
TXN_27442,CUST_3384,2023-03-02,23.32
TXN_27443,CUST_3384,2023-07-17,92.79
TXN_27444,CUST_3384,2023-03-15,197.85
TXN_27445,CUST_3385,2023-07-07,190.02
TXN_27446,CUST_3386,2023-10-07,57.52
TXN_27447,CUST_3386,2023-10-28,20.54
TXN_27448,CUST_3387,2023-08-07,37.56
TXN_27449,CUST_3387,2023-09-28,49.39
TXN_27450,CUST_3387,2023-11-01,137.63
TXN_27451,CUST_3387,2023-09-05,243.44
TXN_27452,CUST_3387,2023-07-15,123.03
TXN_27453,CUST_3387,2023-10-05,40.91
TXN_27454,CUST_3388,2023-09-09,54.37
TXN_27455,CUST_3389,2023-12-31,168.49
TXN_27456,CUST_3390,2023-11-11,184.14
TXN_27457,CUST_3390,2023-11-18,139.05
TXN_27458,CUST_3391,2023-11-04,244.0
TXN_27459,CUST_3391,2023-12-01,118.43
TXN_27460,CUST_3391,2023-11-06,79.65
TXN_27461,CUST_3391,2023-11-05,40.26
TXN_27462,CUST_3392,2023-04-20,27.43
TXN_27463,CUST_3392,2023-06-11,59.69
TXN_27464,CUST_3393,2023-11-21,159.53
TXN_27465,CUST_3393,2023-12-16,181.98
TXN_27466,CUST_3393,2023-11-24,207.5
TXN_27467,CUST_3393,2023-11-25,66.34
TXN_27468,CUST_3393,2023-12-31,18.9
TXN_27469,CUST_3393,2023-11-23,124.75
TXN_27470,CUST_3393,2023-11-23,54.21
TXN_27471,CUST_3394,2023-09-01,38.84
TXN_27472,CUST_3394,2023-11-14,231.85
TXN_27473,CUST_3394,2023-07-15,144.98
TXN_27474,CUST_3394,2023-08-05,172.03
TXN_27475,CUST_3394,2023-12-31,246.8
TXN_27476,CUST_3394,2023-08-08,36.61
TXN_27477,CUST_3394,2023-07-20,112.19
TXN_27478,CUST_3394,2023-08-12,240.69
TXN_27479,CUST_3395,2023-06-28,83.4
TXN_27480,CUST_3396,2023-10-09,21.75
TXN_27481,CUST_3396,2023-08-10,45.36
TXN_27482,CUST_3396,2023-10-06,133.32
TXN_27483,CUST_3396,2023-08-04,191.35
TXN_27484,CUST_3396,2023-10-05,137.91
TXN_27485,CUST_3396,2023-08-09,152.78
TXN_27486,CUST_3396,2023-12-15,27.13
TXN_27487,CUST_3397,2023-11-21,163.48
TXN_27488,CUST_3398,2023-05-02,70.86
TXN_27489,CUST_3398,2023-05-17,249.01
TXN_27490,CUST_3398,2023-03-07,80.07
TXN_27491,CUST_3398,2023-06-13,25.15
TXN_27492,CUST_3398,2023-08-10,168.34
TXN_27493,CUST_3398,2023-08-23,69.22
TXN_27494,CUST_3398,2023-08-28,120.42
TXN_27495,CUST_3399,2023-11-03,180.68
TXN_27496,CUST_3400,2023-12-31,72.93
TXN_27497,CUST_3401,2023-12-31,223.25
TXN_27498,CUST_3402,2023-12-14,82.04
TXN_27499,CUST_3403,2023-09-02,247.71
TXN_27500,CUST_3403,2023-09-10,145.19
TXN_27501,CUST_3403,2023-06-09,208.68
TXN_27502,CUST_3403,2023-03-09,238.64
TXN_27503,CUST_3403,2023-05-22,238.73
TXN_27504,CUST_3403,2023-07-29,50.79
TXN_27505,CUST_3403,2023-03-25,98.11
TXN_27506,CUST_3403,2023-04-07,118.24
TXN_27507,CUST_3403,2023-06-07,117.6
TXN_27508,CUST_3403,2023-03-13,244.27
TXN_27509,CUST_3403,2023-05-01,215.0
TXN_27510,CUST_3404,2023-08-23,55.75
TXN_27511,CUST_3405,2023-03-02,166.55
TXN_27512,CUST_3405,2023-04-20,113.54
TXN_27513,CUST_3405,2023-05-13,175.78
TXN_27514,CUST_3405,2023-09-05,70.25
TXN_27515,CUST_3405,2023-03-22,143.92
TXN_27516,CUST_3405,2023-03-31,148.56
TXN_27517,CUST_3405,2023-03-09,87.3
TXN_27518,CUST_3405,2023-03-27,248.2
TXN_27519,CUST_3405,2023-09-07,211.86
TXN_27520,CUST_3406,2023-12-31,93.74
TXN_27521,CUST_3406,2023-11-18,173.32
TXN_27522,CUST_3406,2023-09-30,180.6
TXN_27523,CUST_3406,2023-10-11,59.41
TXN_27524,CUST_3406,2023-09-23,182.65
TXN_27525,CUST_3406,2023-10-30,139.73
TXN_27526,CUST_3406,2023-10-11,57.31
TXN_27527,CUST_3406,2023-10-06,219.78
TXN_27528,CUST_3406,2023-11-23,170.32
TXN_27529,CUST_3406,2023-12-31,224.9
TXN_27530,CUST_3407,2023-07-08,46.01
TXN_27531,CUST_3408,2023-09-23,178.25
TXN_27532,CUST_3408,2023-10-26,172.22
TXN_27533,CUST_3408,2023-06-13,134.16
TXN_27534,CUST_3408,2023-09-06,212.79
TXN_27535,CUST_3408,2023-06-18,67.52
TXN_27536,CUST_3408,2023-10-20,129.07
TXN_27537,CUST_3408,2023-07-16,131.12
TXN_27538,CUST_3408,2023-06-17,162.49
TXN_27539,CUST_3408,2023-09-27,211.71
TXN_27540,CUST_3408,2023-06-06,183.07
TXN_27541,CUST_3408,2023-06-10,242.21
TXN_27542,CUST_3408,2023-07-20,197.22
TXN_27543,CUST_3408,2023-08-11,238.71
TXN_27544,CUST_3409,2023-12-29,86.66
TXN_27545,CUST_3409,2023-12-30,242.56
TXN_27546,CUST_3409,2023-12-29,31.49
TXN_27547,CUST_3409,2023-12-29,103.51
TXN_27548,CUST_3409,2023-12-31,36.0
TXN_27549,CUST_3409,2023-12-29,179.36
TXN_27550,CUST_3409,2023-12-29,125.71
TXN_27551,CUST_3409,2023-12-29,87.81
TXN_27552,CUST_3409,2023-12-29,67.94
TXN_27553,CUST_3409,2023-12-30,30.29
TXN_27554,CUST_3409,2023-12-29,190.69
TXN_27555,CUST_3410,2023-11-21,180.98
TXN_27556,CUST_3411,2023-10-13,129.52
TXN_27557,CUST_3412,2023-11-17,227.29
TXN_27558,CUST_3412,2023-12-21,167.64
TXN_27559,CUST_3412,2023-12-05,133.71
TXN_27560,CUST_3412,2023-11-11,218.06
TXN_27561,CUST_3412,2023-12-01,71.97
TXN_27562,CUST_3412,2023-11-02,147.92
TXN_27563,CUST_3413,2023-12-31,244.61
TXN_27564,CUST_3413,2023-10-02,241.47
TXN_27565,CUST_3414,2023-12-13,64.82
TXN_27566,CUST_3415,2023-05-31,53.28
TXN_27567,CUST_3415,2023-06-09,125.87
TXN_27568,CUST_3415,2023-07-08,51.78
TXN_27569,CUST_3415,2023-09-02,88.21
TXN_27570,CUST_3415,2023-11-21,92.44
TXN_27571,CUST_3415,2023-10-10,97.85
TXN_27572,CUST_3415,2023-06-30,102.5
TXN_27573,CUST_3415,2023-06-13,160.37
TXN_27574,CUST_3415,2023-08-07,219.56
TXN_27575,CUST_3415,2023-07-11,65.96
TXN_27576,CUST_3415,2023-12-31,175.69
TXN_27577,CUST_3415,2023-06-11,242.53
TXN_27578,CUST_3415,2023-12-31,33.69
TXN_27579,CUST_3415,2023-05-06,25.45
TXN_27580,CUST_3416,2023-10-25,23.33
TXN_27581,CUST_3416,2023-10-24,184.19
TXN_27582,CUST_3416,2023-09-06,50.31
TXN_27583,CUST_3416,2023-11-03,146.36
TXN_27584,CUST_3416,2023-11-09,58.41
TXN_27585,CUST_3417,2023-02-18,121.35
TXN_27586,CUST_3418,2023-11-08,228.65
TXN_27587,CUST_3418,2023-07-16,180.32
TXN_27588,CUST_3418,2023-06-26,49.47
TXN_27589,CUST_3418,2023-07-22,97.24
TXN_27590,CUST_3418,2023-05-02,150.11
TXN_27591,CUST_3418,2023-05-19,223.33
TXN_27592,CUST_3418,2023-12-08,53.11
TXN_27593,CUST_3418,2023-05-04,15.95
TXN_27594,CUST_3418,2023-11-15,50.72
TXN_27595,CUST_3418,2023-06-17,28.43
TXN_27596,CUST_3418,2023-06-08,199.57
TXN_27597,CUST_3419,2023-07-04,166.63
TXN_27598,CUST_3419,2023-10-29,187.46
TXN_27599,CUST_3419,2023-12-31,193.82
TXN_27600,CUST_3420,2023-05-03,122.62
TXN_27601,CUST_3421,2023-07-16,136.73
TXN_27602,CUST_3421,2023-06-27,154.49
TXN_27603,CUST_3421,2023-07-02,231.99
TXN_27604,CUST_3421,2023-11-08,142.94
TXN_27605,CUST_3421,2023-07-27,39.11
TXN_27606,CUST_3421,2023-10-09,104.15
TXN_27607,CUST_3421,2023-07-07,248.9
TXN_27608,CUST_3421,2023-08-29,32.36
TXN_27609,CUST_3421,2023-10-02,191.34
TXN_27610,CUST_3422,2023-06-28,194.38
TXN_27611,CUST_3422,2023-05-10,53.41
TXN_27612,CUST_3422,2023-07-20,146.49
TXN_27613,CUST_3422,2023-11-09,206.48
TXN_27614,CUST_3422,2023-11-21,124.5
TXN_27615,CUST_3422,2023-09-05,26.45
TXN_27616,CUST_3423,2023-12-25,194.47
TXN_27617,CUST_3424,2023-04-26,120.61
TXN_27618,CUST_3424,2023-02-17,189.27
TXN_27619,CUST_3424,2023-02-19,60.19
TXN_27620,CUST_3424,2023-02-18,16.55
TXN_27621,CUST_3425,2023-05-04,117.39
TXN_27622,CUST_3425,2023-06-27,104.06
TXN_27623,CUST_3425,2023-08-24,242.71
TXN_27624,CUST_3425,2023-12-03,143.18
TXN_27625,CUST_3426,2023-06-26,92.59
TXN_27626,CUST_3427,2023-07-18,196.26
TXN_27627,CUST_3427,2023-08-06,201.69
TXN_27628,CUST_3427,2023-08-20,204.39
TXN_27629,CUST_3427,2023-09-14,62.24
TXN_27630,CUST_3427,2023-08-17,180.52
TXN_27631,CUST_3427,2023-08-06,60.43
TXN_27632,CUST_3427,2023-08-27,79.31
TXN_27633,CUST_3427,2023-09-03,78.86
TXN_27634,CUST_3427,2023-11-25,95.82
TXN_27635,CUST_3427,2023-11-26,80.68
TXN_27636,CUST_3427,2023-09-05,45.6
TXN_27637,CUST_3427,2023-10-07,62.05
TXN_27638,CUST_3428,2023-11-09,68.2
TXN_27639,CUST_3428,2023-10-16,59.06
TXN_27640,CUST_3428,2023-11-06,217.99
TXN_27641,CUST_3428,2023-12-03,172.47
TXN_27642,CUST_3429,2023-09-17,218.1
TXN_27643,CUST_3430,2023-10-15,111.27
TXN_27644,CUST_3430,2023-11-01,27.5
TXN_27645,CUST_3430,2023-10-12,60.26
TXN_27646,CUST_3430,2023-10-29,24.47
TXN_27647,CUST_3430,2023-11-16,50.7
TXN_27648,CUST_3430,2023-11-20,63.11
TXN_27649,CUST_3430,2023-10-23,127.59
TXN_27650,CUST_3430,2023-10-23,20.55
TXN_27651,CUST_3430,2023-12-14,82.32
TXN_27652,CUST_3430,2023-10-15,46.14
TXN_27653,CUST_3430,2023-12-31,43.92
TXN_27654,CUST_3430,2023-10-23,30.89
TXN_27655,CUST_3431,2023-04-02,129.07
TXN_27656,CUST_3431,2023-11-28,129.4
TXN_27657,CUST_3431,2023-05-06,167.81
TXN_27658,CUST_3431,2023-12-08,26.53
TXN_27659,CUST_3431,2023-04-02,46.2
TXN_27660,CUST_3431,2023-03-26,85.99
TXN_27661,CUST_3432,2023-05-20,91.91
TXN_27662,CUST_3433,2023-09-30,137.57
TXN_27663,CUST_3433,2023-09-22,142.95
TXN_27664,CUST_3433,2023-06-22,102.23
TXN_27665,CUST_3433,2023-05-21,152.25
TXN_27666,CUST_3433,2023-07-07,244.3
TXN_27667,CUST_3433,2023-06-17,114.06
TXN_27668,CUST_3433,2023-05-20,155.43
TXN_27669,CUST_3433,2023-10-03,73.26
TXN_27670,CUST_3433,2023-05-06,177.5
TXN_27671,CUST_3433,2023-05-08,111.18
TXN_27672,CUST_3433,2023-07-20,105.71
TXN_27673,CUST_3433,2023-05-30,202.83
TXN_27674,CUST_3433,2023-06-03,57.31
TXN_27675,CUST_3434,2023-05-01,177.24
TXN_27676,CUST_3435,2023-08-22,224.77
TXN_27677,CUST_3435,2023-09-06,127.03
TXN_27678,CUST_3435,2023-08-20,248.8
TXN_27679,CUST_3435,2023-12-10,15.48
TXN_27680,CUST_3435,2023-09-18,219.98
TXN_27681,CUST_3435,2023-09-07,117.65
TXN_27682,CUST_3436,2023-10-05,200.72
TXN_27683,CUST_3437,2023-04-29,123.38
TXN_27684,CUST_3437,2023-05-14,142.36
TXN_27685,CUST_3437,2023-08-16,223.27
TXN_27686,CUST_3437,2023-03-26,182.48
TXN_27687,CUST_3437,2023-05-12,113.16
TXN_27688,CUST_3437,2023-03-20,30.07
TXN_27689,CUST_3437,2023-12-31,165.96
TXN_27690,CUST_3437,2023-05-07,194.01
TXN_27691,CUST_3437,2023-03-18,157.75
TXN_27692,CUST_3437,2023-06-23,121.23
TXN_27693,CUST_3437,2023-04-06,239.33
TXN_27694,CUST_3437,2023-04-13,44.33
TXN_27695,CUST_3438,2023-05-06,73.36
TXN_27696,CUST_3438,2023-05-02,33.15
TXN_27697,CUST_3438,2023-07-26,33.57
TXN_27698,CUST_3438,2023-09-05,170.71
TXN_27699,CUST_3438,2023-05-02,218.62
TXN_27700,CUST_3438,2023-03-30,77.17
TXN_27701,CUST_3438,2023-03-24,104.67
TXN_27702,CUST_3438,2023-12-31,52.84
TXN_27703,CUST_3438,2023-09-01,168.19
TXN_27704,CUST_3438,2023-03-11,237.05
TXN_27705,CUST_3438,2023-12-31,232.35
TXN_27706,CUST_3438,2023-05-17,66.79
TXN_27707,CUST_3438,2023-04-27,159.34
TXN_27708,CUST_3438,2023-04-25,181.42
TXN_27709,CUST_3439,2023-06-22,226.9
TXN_27710,CUST_3439,2023-06-25,86.54
TXN_27711,CUST_3440,2023-12-17,131.89
TXN_27712,CUST_3440,2023-12-31,136.3
TXN_27713,CUST_3440,2023-12-02,100.05
TXN_27714,CUST_3441,2023-06-16,40.5
TXN_27715,CUST_3441,2023-11-07,205.25
TXN_27716,CUST_3441,2023-07-08,137.58
TXN_27717,CUST_3441,2023-10-18,39.31
TXN_27718,CUST_3441,2023-06-21,183.15
TXN_27719,CUST_3441,2023-06-16,97.85
TXN_27720,CUST_3441,2023-06-30,193.67
TXN_27721,CUST_3441,2023-06-11,42.12
TXN_27722,CUST_3441,2023-06-18,89.75
TXN_27723,CUST_3441,2023-06-28,68.65
TXN_27724,CUST_3441,2023-07-12,65.3
TXN_27725,CUST_3442,2023-12-31,152.06
TXN_27726,CUST_3443,2023-12-08,123.33
TXN_27727,CUST_3443,2023-12-14,73.2
TXN_27728,CUST_3443,2023-12-19,102.2
TXN_27729,CUST_3443,2023-12-18,151.07
TXN_27730,CUST_3443,2023-12-23,143.53
TXN_27731,CUST_3443,2023-12-09,208.31
TXN_27732,CUST_3443,2023-12-19,243.5
TXN_27733,CUST_3444,2023-11-21,130.54
TXN_27734,CUST_3445,2023-12-11,219.05
TXN_27735,CUST_3445,2023-12-15,143.65
TXN_27736,CUST_3445,2023-12-15,74.28
TXN_27737,CUST_3445,2023-12-19,131.69
TXN_27738,CUST_3446,2023-03-03,206.91
TXN_27739,CUST_3447,2023-12-25,170.89
TXN_27740,CUST_3448,2023-04-30,204.63
TXN_27741,CUST_3449,2023-03-13,98.27
TXN_27742,CUST_3449,2023-02-21,54.13
TXN_27743,CUST_3449,2023-04-03,145.29
TXN_27744,CUST_3449,2023-03-06,173.85
TXN_27745,CUST_3449,2023-09-02,149.5
TXN_27746,CUST_3449,2023-03-28,43.53
TXN_27747,CUST_3449,2023-02-21,186.97
TXN_27748,CUST_3449,2023-06-03,126.93
TXN_27749,CUST_3449,2023-03-03,63.65
TXN_27750,CUST_3450,2023-11-10,217.54
TXN_27751,CUST_3450,2023-10-21,84.14
TXN_27752,CUST_3450,2023-10-05,45.7
TXN_27753,CUST_3450,2023-09-17,86.22
TXN_27754,CUST_3450,2023-09-09,222.97
TXN_27755,CUST_3450,2023-09-12,178.76
TXN_27756,CUST_3450,2023-10-04,210.47
TXN_27757,CUST_3450,2023-10-28,193.54
TXN_27758,CUST_3450,2023-09-27,210.98
TXN_27759,CUST_3450,2023-09-10,119.44
TXN_27760,CUST_3450,2023-12-31,237.81
TXN_27761,CUST_3450,2023-09-10,149.65
TXN_27762,CUST_3451,2023-12-17,187.91
TXN_27763,CUST_3452,2023-08-23,67.54
TXN_27764,CUST_3453,2023-10-27,105.64
TXN_27765,CUST_3453,2023-12-07,245.89
TXN_27766,CUST_3453,2023-11-19,190.04
TXN_27767,CUST_3453,2023-11-02,137.28
TXN_27768,CUST_3453,2023-11-24,131.86
TXN_27769,CUST_3453,2023-10-29,189.1
TXN_27770,CUST_3453,2023-11-01,37.96
TXN_27771,CUST_3453,2023-11-10,32.53
TXN_27772,CUST_3453,2023-11-17,165.51
TXN_27773,CUST_3453,2023-11-02,241.67
TXN_27774,CUST_3453,2023-12-03,40.75
TXN_27775,CUST_3453,2023-11-25,97.97
TXN_27776,CUST_3454,2023-07-31,192.07
TXN_27777,CUST_3454,2023-07-10,55.99
TXN_27778,CUST_3454,2023-05-28,128.1
TXN_27779,CUST_3454,2023-06-05,245.83
TXN_27780,CUST_3454,2023-06-04,148.19
TXN_27781,CUST_3454,2023-05-19,74.61
TXN_27782,CUST_3454,2023-06-10,188.43
TXN_27783,CUST_3454,2023-07-09,17.84
TXN_27784,CUST_3455,2023-12-27,164.63
TXN_27785,CUST_3456,2023-12-26,73.04
TXN_27786,CUST_3457,2023-04-07,249.64
TXN_27787,CUST_3457,2023-05-12,240.21
TXN_27788,CUST_3458,2023-10-19,17.64
TXN_27789,CUST_3458,2023-11-08,215.57
TXN_27790,CUST_3458,2023-10-20,138.33
TXN_27791,CUST_3458,2023-10-08,105.52
TXN_27792,CUST_3458,2023-10-11,30.2
TXN_27793,CUST_3458,2023-10-12,219.65
TXN_27794,CUST_3458,2023-12-31,221.62
TXN_27795,CUST_3459,2023-06-29,93.67
TXN_27796,CUST_3459,2023-08-06,80.79
TXN_27797,CUST_3459,2023-07-26,239.95
TXN_27798,CUST_3459,2023-08-17,113.32
TXN_27799,CUST_3459,2023-08-23,205.17
TXN_27800,CUST_3459,2023-06-05,180.71
TXN_27801,CUST_3459,2023-06-19,207.35
TXN_27802,CUST_3459,2023-06-02,235.37
TXN_27803,CUST_3459,2023-07-12,98.03
TXN_27804,CUST_3459,2023-06-17,96.73
TXN_27805,CUST_3459,2023-05-17,31.1
TXN_27806,CUST_3459,2023-06-05,122.79
TXN_27807,CUST_3459,2023-06-09,18.27
TXN_27808,CUST_3459,2023-07-13,49.03
TXN_27809,CUST_3460,2023-05-01,137.3
TXN_27810,CUST_3461,2023-12-21,121.15
TXN_27811,CUST_3462,2023-07-02,95.54
TXN_27812,CUST_3463,2023-10-06,115.38
TXN_27813,CUST_3463,2023-10-03,154.85
TXN_27814,CUST_3463,2023-12-31,57.73
TXN_27815,CUST_3463,2023-10-15,239.2
TXN_27816,CUST_3463,2023-11-11,31.72
TXN_27817,CUST_3463,2023-10-17,247.15
TXN_27818,CUST_3463,2023-10-18,162.91
TXN_27819,CUST_3464,2023-07-22,25.37
TXN_27820,CUST_3464,2023-06-03,15.34
TXN_27821,CUST_3464,2023-06-19,123.59
TXN_27822,CUST_3464,2023-11-14,184.26
TXN_27823,CUST_3464,2023-04-20,98.32
TXN_27824,CUST_3464,2023-12-02,185.45
TXN_27825,CUST_3464,2023-06-27,146.38
TXN_27826,CUST_3464,2023-05-24,152.52
TXN_27827,CUST_3464,2023-08-17,44.97
TXN_27828,CUST_3464,2023-12-31,71.25
TXN_27829,CUST_3464,2023-05-31,20.34
TXN_27830,CUST_3465,2023-10-17,186.82
TXN_27831,CUST_3465,2023-09-18,116.71
TXN_27832,CUST_3465,2023-10-17,247.18
TXN_27833,CUST_3465,2023-09-23,190.08
TXN_27834,CUST_3466,2023-12-04,195.98
TXN_27835,CUST_3467,2023-04-17,89.45
TXN_27836,CUST_3467,2023-06-08,32.46
TXN_27837,CUST_3467,2023-06-21,87.93
TXN_27838,CUST_3467,2023-12-31,163.28
TXN_27839,CUST_3467,2023-05-08,39.13
TXN_27840,CUST_3467,2023-04-17,36.33
TXN_27841,CUST_3467,2023-07-22,215.92
TXN_27842,CUST_3468,2023-08-27,98.25
TXN_27843,CUST_3469,2023-09-16,228.1
TXN_27844,CUST_3469,2023-09-19,170.24
TXN_27845,CUST_3469,2023-11-25,161.51
TXN_27846,CUST_3469,2023-11-08,232.93
TXN_27847,CUST_3470,2023-12-04,43.14
TXN_27848,CUST_3470,2023-07-26,88.92
TXN_27849,CUST_3470,2023-10-28,178.92
TXN_27850,CUST_3470,2023-06-18,22.96
TXN_27851,CUST_3470,2023-06-25,23.96
TXN_27852,CUST_3471,2023-10-15,190.09
TXN_27853,CUST_3472,2023-10-06,108.25
TXN_27854,CUST_3472,2023-10-02,87.74
TXN_27855,CUST_3472,2023-10-27,233.75
TXN_27856,CUST_3472,2023-12-31,114.49
TXN_27857,CUST_3472,2023-10-18,52.68
TXN_27858,CUST_3472,2023-10-22,235.92
TXN_27859,CUST_3472,2023-10-07,77.62
TXN_27860,CUST_3473,2023-07-10,206.0
TXN_27861,CUST_3473,2023-06-21,216.71
TXN_27862,CUST_3473,2023-08-01,192.88
TXN_27863,CUST_3473,2023-08-01,72.87
TXN_27864,CUST_3473,2023-08-21,51.38
TXN_27865,CUST_3473,2023-07-01,144.09
TXN_27866,CUST_3473,2023-07-16,190.12
TXN_27867,CUST_3474,2023-12-12,87.41
TXN_27868,CUST_3474,2023-12-20,28.34
TXN_27869,CUST_3474,2023-12-23,184.97
TXN_27870,CUST_3474,2023-12-11,232.25
TXN_27871,CUST_3474,2023-12-16,233.8
TXN_27872,CUST_3475,2023-03-22,49.18
TXN_27873,CUST_3475,2023-04-15,89.13
TXN_27874,CUST_3475,2023-05-02,140.57
TXN_27875,CUST_3475,2023-12-08,117.21
TXN_27876,CUST_3475,2023-05-17,154.31
TXN_27877,CUST_3475,2023-05-25,77.74
TXN_27878,CUST_3475,2023-02-12,146.52
TXN_27879,CUST_3475,2023-08-21,184.2
TXN_27880,CUST_3475,2023-03-28,74.95
TXN_27881,CUST_3475,2023-06-26,232.67
TXN_27882,CUST_3475,2023-02-05,202.79
TXN_27883,CUST_3475,2023-01-30,226.68
TXN_27884,CUST_3475,2023-05-10,57.54
TXN_27885,CUST_3476,2023-11-12,157.43
TXN_27886,CUST_3477,2023-01-13,177.97
TXN_27887,CUST_3477,2023-03-31,93.27
TXN_27888,CUST_3477,2023-02-06,43.14
TXN_27889,CUST_3477,2023-02-15,122.75
TXN_27890,CUST_3478,2023-11-26,131.53
TXN_27891,CUST_3478,2023-07-04,26.32
TXN_27892,CUST_3478,2023-07-31,156.67
TXN_27893,CUST_3478,2023-07-28,223.59
TXN_27894,CUST_3478,2023-09-07,218.84
TXN_27895,CUST_3478,2023-05-29,89.76
TXN_27896,CUST_3479,2023-07-14,120.42
TXN_27897,CUST_3480,2023-08-03,96.22
TXN_27898,CUST_3480,2023-06-18,126.91
TXN_27899,CUST_3480,2023-08-08,158.66
TXN_27900,CUST_3480,2023-06-18,128.53
TXN_27901,CUST_3480,2023-08-23,240.85
TXN_27902,CUST_3480,2023-06-14,173.93
TXN_27903,CUST_3480,2023-06-17,52.33
TXN_27904,CUST_3480,2023-06-25,92.29
TXN_27905,CUST_3480,2023-10-10,216.22
TXN_27906,CUST_3481,2023-07-07,66.0
TXN_27907,CUST_3482,2023-03-14,88.15
TXN_27908,CUST_3482,2023-04-04,106.31
TXN_27909,CUST_3482,2023-09-03,50.34
TXN_27910,CUST_3482,2023-04-10,76.36
TXN_27911,CUST_3482,2023-04-09,99.75
TXN_27912,CUST_3482,2023-04-02,236.51
TXN_27913,CUST_3482,2023-04-28,41.82
TXN_27914,CUST_3482,2023-05-07,58.34
TXN_27915,CUST_3482,2023-03-29,81.98
TXN_27916,CUST_3482,2023-03-18,184.46
TXN_27917,CUST_3482,2023-08-09,107.66
TXN_27918,CUST_3482,2023-06-30,106.4
TXN_27919,CUST_3482,2023-03-22,108.33
TXN_27920,CUST_3482,2023-05-25,24.63
TXN_27921,CUST_3483,2023-05-16,47.25
TXN_27922,CUST_3483,2023-04-10,239.43
TXN_27923,CUST_3483,2023-06-21,205.54
TXN_27924,CUST_3483,2023-06-10,108.65
TXN_27925,CUST_3484,2023-10-04,29.93
TXN_27926,CUST_3485,2023-12-21,92.38
TXN_27927,CUST_3485,2023-12-24,21.15
TXN_27928,CUST_3485,2023-12-27,119.87
TXN_27929,CUST_3485,2023-12-22,172.23
TXN_27930,CUST_3485,2023-12-23,77.5
TXN_27931,CUST_3485,2023-12-30,246.79
TXN_27932,CUST_3485,2023-12-22,146.92
TXN_27933,CUST_3485,2023-12-22,129.16
TXN_27934,CUST_3485,2023-12-30,72.52
TXN_27935,CUST_3485,2023-12-20,233.44
TXN_27936,CUST_3485,2023-12-20,191.05
TXN_27937,CUST_3486,2023-12-31,200.91
TXN_27938,CUST_3487,2023-12-21,25.43
TXN_27939,CUST_3487,2023-11-21,191.71
TXN_27940,CUST_3487,2023-11-08,229.2
TXN_27941,CUST_3487,2023-11-11,210.83
TXN_27942,CUST_3488,2023-08-07,102.89
TXN_27943,CUST_3488,2023-06-28,96.57
TXN_27944,CUST_3488,2023-07-27,127.57
TXN_27945,CUST_3488,2023-09-15,97.74
TXN_27946,CUST_3488,2023-07-25,227.93
TXN_27947,CUST_3489,2023-04-21,249.04
TXN_27948,CUST_3489,2023-04-06,37.11
TXN_27949,CUST_3489,2023-05-08,222.94
TXN_27950,CUST_3489,2023-05-20,201.38
TXN_27951,CUST_3490,2023-08-11,33.61
TXN_27952,CUST_3491,2023-09-16,145.58
TXN_27953,CUST_3491,2023-12-03,84.35
TXN_27954,CUST_3491,2023-12-31,126.24
TXN_27955,CUST_3491,2023-09-07,27.93
TXN_27956,CUST_3491,2023-09-19,75.81
TXN_27957,CUST_3491,2023-11-15,188.35
TXN_27958,CUST_3492,2023-09-04,111.99
TXN_27959,CUST_3492,2023-07-30,234.26
TXN_27960,CUST_3492,2023-07-30,68.71
TXN_27961,CUST_3492,2023-07-29,219.79
TXN_27962,CUST_3492,2023-12-31,152.26
TXN_27963,CUST_3492,2023-06-10,196.36
TXN_27964,CUST_3492,2023-12-31,126.3
TXN_27965,CUST_3492,2023-07-02,144.84
TXN_27966,CUST_3492,2023-06-10,243.25
TXN_27967,CUST_3492,2023-10-07,41.55
TXN_27968,CUST_3492,2023-12-23,236.56
TXN_27969,CUST_3492,2023-06-25,160.5
TXN_27970,CUST_3492,2023-06-06,34.78
TXN_27971,CUST_3493,2023-10-05,47.27
TXN_27972,CUST_3493,2023-09-22,160.95
TXN_27973,CUST_3493,2023-09-04,222.89
TXN_27974,CUST_3493,2023-09-05,22.19
TXN_27975,CUST_3493,2023-09-03,175.68
TXN_27976,CUST_3493,2023-09-27,39.16
TXN_27977,CUST_3494,2023-04-27,64.02
TXN_27978,CUST_3494,2023-03-14,177.15
TXN_27979,CUST_3494,2023-02-18,32.74
TXN_27980,CUST_3494,2023-01-31,53.71
TXN_27981,CUST_3494,2023-05-04,31.11
TXN_27982,CUST_3494,2023-09-21,34.83
TXN_27983,CUST_3495,2023-08-02,171.5
TXN_27984,CUST_3495,2023-07-16,71.08
TXN_27985,CUST_3495,2023-08-25,245.29
TXN_27986,CUST_3495,2023-12-31,73.51
TXN_27987,CUST_3495,2023-07-09,153.73
TXN_27988,CUST_3495,2023-08-04,194.0
TXN_27989,CUST_3495,2023-08-17,134.99
TXN_27990,CUST_3495,2023-09-03,44.71
TXN_27991,CUST_3495,2023-09-09,129.8
TXN_27992,CUST_3495,2023-10-14,47.6
TXN_27993,CUST_3496,2023-12-31,144.97
TXN_27994,CUST_3497,2023-02-20,238.14
TXN_27995,CUST_3497,2023-07-28,98.57
TXN_27996,CUST_3497,2023-12-31,62.58
TXN_27997,CUST_3497,2023-04-10,222.95
TXN_27998,CUST_3497,2023-12-31,71.19
TXN_27999,CUST_3497,2023-07-09,86.85
TXN_28000,CUST_3497,2023-07-19,44.44
TXN_28001,CUST_3497,2023-03-30,32.62
TXN_28002,CUST_3497,2023-04-27,179.85
TXN_28003,CUST_3497,2023-04-06,159.46
TXN_28004,CUST_3498,2023-02-13,113.71
TXN_28005,CUST_3498,2023-01-29,129.81
TXN_28006,CUST_3498,2023-11-05,190.82
TXN_28007,CUST_3498,2023-08-17,204.11
TXN_28008,CUST_3498,2023-03-11,181.61
TXN_28009,CUST_3498,2023-06-26,63.33
TXN_28010,CUST_3498,2023-08-31,122.57
TXN_28011,CUST_3499,2023-06-20,174.04
TXN_28012,CUST_3500,2023-04-03,109.03
TXN_28013,CUST_3500,2023-12-31,208.8
TXN_28014,CUST_3500,2023-07-02,57.55
TXN_28015,CUST_3500,2023-03-04,104.23
TXN_28016,CUST_3500,2023-04-05,22.1
TXN_28017,CUST_3501,2023-06-20,92.22
TXN_28018,CUST_3501,2023-06-25,160.74
TXN_28019,CUST_3501,2023-08-07,137.88
TXN_28020,CUST_3501,2023-10-16,213.73
TXN_28021,CUST_3501,2023-06-13,142.76
TXN_28022,CUST_3501,2023-09-15,218.72
TXN_28023,CUST_3501,2023-06-17,131.11
TXN_28024,CUST_3501,2023-07-20,179.42
TXN_28025,CUST_3501,2023-06-25,83.96
TXN_28026,CUST_3501,2023-08-23,108.84
TXN_28027,CUST_3501,2023-05-27,235.39
TXN_28028,CUST_3501,2023-06-07,49.93
TXN_28029,CUST_3502,2023-08-29,24.4
TXN_28030,CUST_3502,2023-07-21,217.56
TXN_28031,CUST_3502,2023-07-15,137.49
TXN_28032,CUST_3502,2023-07-19,106.6
TXN_28033,CUST_3502,2023-06-11,44.69
TXN_28034,CUST_3502,2023-06-16,201.25
TXN_28035,CUST_3502,2023-06-25,237.81
TXN_28036,CUST_3502,2023-09-27,175.87
TXN_28037,CUST_3502,2023-08-31,26.19
TXN_28038,CUST_3502,2023-08-01,236.15
TXN_28039,CUST_3502,2023-06-05,83.39
TXN_28040,CUST_3503,2023-11-17,42.31
TXN_28041,CUST_3504,2023-07-24,145.35
TXN_28042,CUST_3504,2023-06-26,38.12
TXN_28043,CUST_3504,2023-08-31,140.86
TXN_28044,CUST_3504,2023-04-26,190.58
TXN_28045,CUST_3504,2023-12-31,118.68
TXN_28046,CUST_3504,2023-04-28,38.83
TXN_28047,CUST_3504,2023-04-20,196.04
TXN_28048,CUST_3504,2023-07-28,152.3
TXN_28049,CUST_3505,2023-10-08,56.83
TXN_28050,CUST_3505,2023-11-04,191.35
TXN_28051,CUST_3505,2023-09-28,42.28
TXN_28052,CUST_3505,2023-12-31,130.16
TXN_28053,CUST_3505,2023-09-18,248.96
TXN_28054,CUST_3505,2023-11-17,122.25
TXN_28055,CUST_3505,2023-09-16,37.54
TXN_28056,CUST_3505,2023-12-14,213.29
TXN_28057,CUST_3505,2023-09-08,192.03
TXN_28058,CUST_3505,2023-10-24,68.56
TXN_28059,CUST_3505,2023-10-03,74.93
TXN_28060,CUST_3505,2023-10-30,51.15
TXN_28061,CUST_3506,2023-11-09,145.84
TXN_28062,CUST_3506,2023-11-10,108.1
TXN_28063,CUST_3506,2023-11-26,249.05
TXN_28064,CUST_3506,2023-11-23,79.97
TXN_28065,CUST_3506,2023-11-05,100.06
TXN_28066,CUST_3506,2023-11-04,124.22
TXN_28067,CUST_3506,2023-11-24,135.27
TXN_28068,CUST_3507,2023-12-18,67.13
TXN_28069,CUST_3507,2023-12-21,82.96
TXN_28070,CUST_3507,2023-12-22,239.61
TXN_28071,CUST_3508,2023-06-02,231.98
TXN_28072,CUST_3509,2023-07-29,44.05
TXN_28073,CUST_3510,2023-09-30,224.72
TXN_28074,CUST_3510,2023-10-25,55.21
TXN_28075,CUST_3510,2023-09-15,206.35
TXN_28076,CUST_3510,2023-09-28,73.52
TXN_28077,CUST_3510,2023-09-28,52.92
TXN_28078,CUST_3510,2023-12-01,31.81
TXN_28079,CUST_3510,2023-09-23,145.88
TXN_28080,CUST_3510,2023-11-25,198.66
TXN_28081,CUST_3510,2023-09-07,208.93
TXN_28082,CUST_3510,2023-10-15,46.34
TXN_28083,CUST_3510,2023-10-13,207.21
TXN_28084,CUST_3510,2023-10-12,249.8
TXN_28085,CUST_3511,2023-08-26,20.63
TXN_28086,CUST_3511,2023-08-23,222.52
TXN_28087,CUST_3511,2023-08-16,196.85
TXN_28088,CUST_3511,2023-10-18,147.6
TXN_28089,CUST_3511,2023-08-26,221.34
TXN_28090,CUST_3511,2023-09-14,55.7
TXN_28091,CUST_3511,2023-09-10,60.81
TXN_28092,CUST_3511,2023-09-06,131.72
TXN_28093,CUST_3511,2023-09-05,169.41
TXN_28094,CUST_3511,2023-12-19,96.82
TXN_28095,CUST_3511,2023-09-05,188.5
TXN_28096,CUST_3512,2023-05-08,34.37
TXN_28097,CUST_3512,2023-06-12,120.96
TXN_28098,CUST_3512,2023-07-30,160.77
TXN_28099,CUST_3512,2023-05-18,131.63
TXN_28100,CUST_3513,2023-12-31,206.65
TXN_28101,CUST_3513,2023-06-03,233.11
TXN_28102,CUST_3513,2023-04-03,178.68
TXN_28103,CUST_3514,2023-09-19,156.14
TXN_28104,CUST_3514,2023-08-10,160.3
TXN_28105,CUST_3514,2023-11-27,35.17
TXN_28106,CUST_3514,2023-08-24,134.62
TXN_28107,CUST_3514,2023-09-30,36.06
TXN_28108,CUST_3514,2023-11-14,24.53
TXN_28109,CUST_3514,2023-11-08,21.5
TXN_28110,CUST_3514,2023-08-12,203.08
TXN_28111,CUST_3514,2023-11-09,245.83
TXN_28112,CUST_3514,2023-08-10,138.72
TXN_28113,CUST_3514,2023-08-07,51.76
TXN_28114,CUST_3515,2023-07-25,224.85
TXN_28115,CUST_3516,2023-09-06,162.05
TXN_28116,CUST_3517,2023-12-31,96.63
TXN_28117,CUST_3518,2023-09-11,144.89
TXN_28118,CUST_3518,2023-10-02,54.48
TXN_28119,CUST_3518,2023-09-07,215.92
TXN_28120,CUST_3518,2023-09-06,25.75
TXN_28121,CUST_3518,2023-09-10,150.46
TXN_28122,CUST_3518,2023-08-30,246.47
TXN_28123,CUST_3518,2023-09-09,70.96
TXN_28124,CUST_3518,2023-10-24,73.32
TXN_28125,CUST_3518,2023-09-19,142.82
TXN_28126,CUST_3518,2023-08-30,211.76
TXN_28127,CUST_3519,2023-07-30,222.49
TXN_28128,CUST_3519,2023-07-28,114.79
TXN_28129,CUST_3519,2023-09-04,171.41
TXN_28130,CUST_3519,2023-06-29,122.09
TXN_28131,CUST_3519,2023-07-23,162.51
TXN_28132,CUST_3519,2023-08-17,167.95
TXN_28133,CUST_3519,2023-09-01,74.89
TXN_28134,CUST_3519,2023-07-15,102.02
TXN_28135,CUST_3519,2023-07-15,175.46
TXN_28136,CUST_3519,2023-08-24,65.85
TXN_28137,CUST_3519,2023-11-08,123.26
TXN_28138,CUST_3520,2023-08-18,141.86
TXN_28139,CUST_3521,2023-09-18,131.26
TXN_28140,CUST_3522,2023-11-19,77.74
TXN_28141,CUST_3522,2023-05-15,224.44
TXN_28142,CUST_3522,2023-10-24,70.13
TXN_28143,CUST_3522,2023-07-22,112.66
TXN_28144,CUST_3522,2023-12-08,187.08
TXN_28145,CUST_3522,2023-06-03,207.09
TXN_28146,CUST_3522,2023-12-31,120.06
TXN_28147,CUST_3522,2023-05-14,157.65
TXN_28148,CUST_3522,2023-07-15,180.55
TXN_28149,CUST_3522,2023-05-30,93.09
TXN_28150,CUST_3522,2023-09-06,240.19
TXN_28151,CUST_3522,2023-09-30,175.35
TXN_28152,CUST_3522,2023-05-12,161.28
TXN_28153,CUST_3523,2023-08-11,198.59
TXN_28154,CUST_3524,2023-09-25,32.22
TXN_28155,CUST_3525,2023-10-01,91.14
TXN_28156,CUST_3525,2023-09-24,117.11
TXN_28157,CUST_3525,2023-10-06,111.06
TXN_28158,CUST_3525,2023-12-12,94.84
TXN_28159,CUST_3525,2023-09-18,56.93
TXN_28160,CUST_3526,2023-12-31,181.56
TXN_28161,CUST_3526,2023-12-31,18.92
TXN_28162,CUST_3526,2023-12-31,92.69
TXN_28163,CUST_3526,2023-12-31,35.33
TXN_28164,CUST_3527,2023-12-31,166.22
TXN_28165,CUST_3527,2023-09-30,158.79
TXN_28166,CUST_3527,2023-07-27,210.95
TXN_28167,CUST_3527,2023-09-20,187.32
TXN_28168,CUST_3527,2023-11-10,233.25
TXN_28169,CUST_3527,2023-07-21,81.46
TXN_28170,CUST_3527,2023-07-30,36.87
TXN_28171,CUST_3527,2023-12-16,246.21
TXN_28172,CUST_3527,2023-08-22,190.35
TXN_28173,CUST_3527,2023-07-08,218.57
TXN_28174,CUST_3527,2023-11-14,33.07
TXN_28175,CUST_3527,2023-06-21,76.3
TXN_28176,CUST_3527,2023-09-01,58.09
TXN_28177,CUST_3527,2023-06-28,104.74
TXN_28178,CUST_3528,2023-07-21,204.78
TXN_28179,CUST_3528,2023-05-12,225.55
TXN_28180,CUST_3528,2023-12-31,125.69
TXN_28181,CUST_3528,2023-03-15,136.52
TXN_28182,CUST_3528,2023-12-31,83.84
TXN_28183,CUST_3528,2023-05-29,178.09
TXN_28184,CUST_3529,2023-12-05,88.91
TXN_28185,CUST_3530,2023-11-29,160.44
TXN_28186,CUST_3530,2023-11-28,119.2
TXN_28187,CUST_3530,2023-11-24,32.47
TXN_28188,CUST_3530,2023-12-13,47.88
TXN_28189,CUST_3530,2023-12-08,181.58
TXN_28190,CUST_3530,2023-12-31,178.47
TXN_28191,CUST_3530,2023-11-25,162.24
TXN_28192,CUST_3530,2023-12-03,230.59
TXN_28193,CUST_3530,2023-12-08,136.84
TXN_28194,CUST_3531,2023-05-26,80.64
TXN_28195,CUST_3531,2023-10-06,175.37
TXN_28196,CUST_3531,2023-10-19,42.62
TXN_28197,CUST_3531,2023-06-18,173.9
TXN_28198,CUST_3531,2023-10-31,104.77
TXN_28199,CUST_3532,2023-12-25,26.17
TXN_28200,CUST_3533,2023-12-31,22.58
TXN_28201,CUST_3533,2023-12-11,98.18
TXN_28202,CUST_3534,2023-08-14,76.67
TXN_28203,CUST_3535,2023-12-30,72.52
TXN_28204,CUST_3536,2023-12-12,112.35
TXN_28205,CUST_3537,2023-12-31,203.9
TXN_28206,CUST_3537,2023-06-13,152.82
TXN_28207,CUST_3537,2023-07-20,134.42
TXN_28208,CUST_3537,2023-06-21,64.38
TXN_28209,CUST_3537,2023-08-26,38.91
TXN_28210,CUST_3537,2023-05-30,104.59
TXN_28211,CUST_3537,2023-09-02,219.11
TXN_28212,CUST_3538,2023-03-06,122.01
TXN_28213,CUST_3538,2023-03-18,151.94
TXN_28214,CUST_3538,2023-11-14,16.69
TXN_28215,CUST_3538,2023-06-23,201.2
TXN_28216,CUST_3538,2023-07-19,19.65
TXN_28217,CUST_3538,2023-03-23,37.18
TXN_28218,CUST_3538,2023-03-12,186.59
TXN_28219,CUST_3538,2023-04-28,185.33
TXN_28220,CUST_3538,2023-04-18,42.51
TXN_28221,CUST_3538,2023-07-09,162.12
TXN_28222,CUST_3538,2023-03-16,232.23
TXN_28223,CUST_3538,2023-04-10,168.86
TXN_28224,CUST_3538,2023-03-07,119.11
TXN_28225,CUST_3538,2023-12-31,223.33
TXN_28226,CUST_3539,2023-12-10,83.87
TXN_28227,CUST_3540,2023-11-25,229.04
TXN_28228,CUST_3540,2023-11-28,89.66
TXN_28229,CUST_3540,2023-11-23,235.68
TXN_28230,CUST_3540,2023-12-08,97.23
TXN_28231,CUST_3540,2023-11-23,64.73
TXN_28232,CUST_3541,2023-11-22,128.91
TXN_28233,CUST_3542,2023-01-14,160.25
TXN_28234,CUST_3543,2023-10-25,40.08
TXN_28235,CUST_3544,2023-10-17,125.52
TXN_28236,CUST_3544,2023-12-18,77.05
TXN_28237,CUST_3544,2023-11-03,111.69
TXN_28238,CUST_3545,2023-09-09,146.34
TXN_28239,CUST_3546,2023-09-30,27.5
TXN_28240,CUST_3547,2023-12-31,190.71
TXN_28241,CUST_3548,2023-12-31,122.72
TXN_28242,CUST_3548,2023-12-15,211.07
TXN_28243,CUST_3548,2023-12-15,66.57
TXN_28244,CUST_3548,2023-12-20,190.25
TXN_28245,CUST_3548,2023-12-21,118.05
TXN_28246,CUST_3548,2023-12-28,210.57
TXN_28247,CUST_3548,2023-12-20,118.65
TXN_28248,CUST_3548,2023-12-18,56.35
TXN_28249,CUST_3548,2023-12-23,218.5
TXN_28250,CUST_3548,2023-12-24,143.57
TXN_28251,CUST_3548,2023-12-24,200.75
TXN_28252,CUST_3548,2023-12-24,245.75
TXN_28253,CUST_3549,2023-08-12,161.7
TXN_28254,CUST_3549,2023-09-04,172.16
TXN_28255,CUST_3549,2023-08-07,46.94
TXN_28256,CUST_3549,2023-08-24,75.81
TXN_28257,CUST_3549,2023-09-19,101.37
TXN_28258,CUST_3549,2023-09-28,195.67
TXN_28259,CUST_3549,2023-08-12,231.16
TXN_28260,CUST_3549,2023-10-18,162.29
TXN_28261,CUST_3549,2023-11-30,77.48
TXN_28262,CUST_3549,2023-08-29,35.16
TXN_28263,CUST_3549,2023-09-01,134.0
TXN_28264,CUST_3549,2023-09-19,30.05
TXN_28265,CUST_3549,2023-08-03,113.67
TXN_28266,CUST_3549,2023-08-12,193.32
TXN_28267,CUST_3550,2023-07-06,210.2
TXN_28268,CUST_3550,2023-09-01,219.47
TXN_28269,CUST_3550,2023-07-15,215.79
TXN_28270,CUST_3550,2023-08-03,28.9
TXN_28271,CUST_3550,2023-07-03,66.15
TXN_28272,CUST_3550,2023-09-22,62.73
TXN_28273,CUST_3550,2023-08-12,168.35
TXN_28274,CUST_3551,2023-12-18,55.69
TXN_28275,CUST_3551,2023-12-04,111.65
TXN_28276,CUST_3551,2023-12-31,58.42
TXN_28277,CUST_3551,2023-11-26,165.35
TXN_28278,CUST_3551,2023-12-31,86.41
TXN_28279,CUST_3551,2023-11-26,123.52
TXN_28280,CUST_3551,2023-11-23,207.08
TXN_28281,CUST_3551,2023-11-20,180.63
TXN_28282,CUST_3551,2023-11-29,71.85
TXN_28283,CUST_3552,2023-05-07,23.25
TXN_28284,CUST_3552,2023-02-28,168.98
TXN_28285,CUST_3552,2023-04-24,36.09
TXN_28286,CUST_3552,2023-04-14,126.74
TXN_28287,CUST_3552,2023-06-07,42.81
TXN_28288,CUST_3552,2023-12-31,126.56
TXN_28289,CUST_3552,2023-06-21,228.43
TXN_28290,CUST_3552,2023-02-26,156.32
TXN_28291,CUST_3552,2023-05-14,28.49
TXN_28292,CUST_3553,2023-11-09,226.55
TXN_28293,CUST_3553,2023-12-31,243.24
TXN_28294,CUST_3554,2023-11-26,75.98
TXN_28295,CUST_3555,2023-05-08,52.74
TXN_28296,CUST_3556,2023-10-17,80.53
TXN_28297,CUST_3557,2023-10-05,84.22
TXN_28298,CUST_3558,2023-09-06,102.39
TXN_28299,CUST_3558,2023-07-19,190.59
TXN_28300,CUST_3558,2023-08-17,31.02
TXN_28301,CUST_3558,2023-09-11,97.27
TXN_28302,CUST_3558,2023-08-11,212.13
TXN_28303,CUST_3558,2023-07-21,94.99
TXN_28304,CUST_3558,2023-08-07,15.78
TXN_28305,CUST_3558,2023-10-27,211.3
TXN_28306,CUST_3558,2023-09-12,226.25
TXN_28307,CUST_3558,2023-07-31,66.85
TXN_28308,CUST_3558,2023-07-17,154.12
TXN_28309,CUST_3558,2023-08-21,205.44
TXN_28310,CUST_3558,2023-08-19,62.76
TXN_28311,CUST_3559,2023-11-02,147.03
TXN_28312,CUST_3559,2023-07-13,139.45
TXN_28313,CUST_3559,2023-07-17,80.18
TXN_28314,CUST_3559,2023-08-09,169.61
TXN_28315,CUST_3559,2023-08-15,239.29
TXN_28316,CUST_3560,2023-07-04,171.9
TXN_28317,CUST_3561,2023-03-22,32.17
TXN_28318,CUST_3561,2023-03-13,202.77
TXN_28319,CUST_3561,2023-04-30,105.24
TXN_28320,CUST_3561,2023-03-20,42.12
TXN_28321,CUST_3561,2023-03-21,125.48
TXN_28322,CUST_3561,2023-06-07,76.59
TXN_28323,CUST_3561,2023-10-12,128.93
TXN_28324,CUST_3561,2023-04-02,154.58
TXN_28325,CUST_3561,2023-02-24,40.05
TXN_28326,CUST_3561,2023-03-22,24.38
TXN_28327,CUST_3561,2023-03-28,172.8
TXN_28328,CUST_3561,2023-08-06,151.24
TXN_28329,CUST_3561,2023-06-13,210.79
TXN_28330,CUST_3561,2023-07-17,90.2
TXN_28331,CUST_3562,2023-09-09,244.58
TXN_28332,CUST_3562,2023-10-18,52.6
TXN_28333,CUST_3562,2023-08-16,114.25
TXN_28334,CUST_3562,2023-12-31,241.63
TXN_28335,CUST_3562,2023-07-11,228.55
TXN_28336,CUST_3562,2023-07-15,90.07
TXN_28337,CUST_3563,2023-10-21,215.51
TXN_28338,CUST_3564,2023-08-19,248.68
TXN_28339,CUST_3565,2023-08-17,80.43
TXN_28340,CUST_3565,2023-12-31,246.34
TXN_28341,CUST_3565,2023-09-09,58.04
TXN_28342,CUST_3565,2023-09-16,90.36
TXN_28343,CUST_3565,2023-12-13,207.28
TXN_28344,CUST_3565,2023-08-27,19.3
TXN_28345,CUST_3565,2023-12-31,175.59
TXN_28346,CUST_3565,2023-09-05,82.79
TXN_28347,CUST_3565,2023-08-10,51.18
TXN_28348,CUST_3565,2023-08-10,155.43
TXN_28349,CUST_3565,2023-09-30,195.2
TXN_28350,CUST_3566,2023-11-01,167.86
TXN_28351,CUST_3567,2023-12-30,39.95
TXN_28352,CUST_3567,2023-07-27,53.83
TXN_28353,CUST_3568,2023-11-03,182.83
TXN_28354,CUST_3568,2023-09-25,240.51
TXN_28355,CUST_3568,2023-02-17,150.91
TXN_28356,CUST_3568,2023-04-05,141.34
TXN_28357,CUST_3568,2023-01-24,229.79
TXN_28358,CUST_3569,2023-10-15,249.14
TXN_28359,CUST_3569,2023-09-26,141.2
TXN_28360,CUST_3569,2023-09-29,121.53
TXN_28361,CUST_3569,2023-09-27,67.29
TXN_28362,CUST_3569,2023-09-28,90.21
TXN_28363,CUST_3570,2023-11-23,66.86
TXN_28364,CUST_3571,2023-05-02,225.62
TXN_28365,CUST_3571,2023-09-22,212.62
TXN_28366,CUST_3571,2023-06-06,48.26
TXN_28367,CUST_3572,2023-12-04,209.63
TXN_28368,CUST_3573,2023-02-15,210.21
TXN_28369,CUST_3573,2023-06-10,122.28
TXN_28370,CUST_3573,2023-08-10,187.27
TXN_28371,CUST_3573,2023-07-07,83.17
TXN_28372,CUST_3573,2023-05-17,48.16
TXN_28373,CUST_3573,2023-08-10,138.78
TXN_28374,CUST_3573,2023-08-12,64.62
TXN_28375,CUST_3573,2023-02-14,176.91
TXN_28376,CUST_3573,2023-02-05,72.34
TXN_28377,CUST_3573,2023-10-24,46.2
TXN_28378,CUST_3573,2023-03-23,237.21
TXN_28379,CUST_3573,2023-02-01,119.65
TXN_28380,CUST_3573,2023-07-21,228.61
TXN_28381,CUST_3573,2023-06-27,223.77
TXN_28382,CUST_3574,2023-05-23,188.37
TXN_28383,CUST_3575,2023-07-16,216.64
TXN_28384,CUST_3575,2023-05-25,237.62
TXN_28385,CUST_3576,2023-03-20,221.09
TXN_28386,CUST_3576,2023-11-15,241.59
TXN_28387,CUST_3576,2023-06-28,196.19
TXN_28388,CUST_3576,2023-09-02,169.85
TXN_28389,CUST_3576,2023-04-15,51.75
TXN_28390,CUST_3577,2023-12-02,178.58
TXN_28391,CUST_3578,2023-07-17,125.98
TXN_28392,CUST_3578,2023-04-25,221.71
TXN_28393,CUST_3578,2023-04-11,97.47
TXN_28394,CUST_3578,2023-07-24,26.86
TXN_28395,CUST_3578,2023-12-31,94.92
TXN_28396,CUST_3578,2023-05-17,176.08
TXN_28397,CUST_3578,2023-02-10,208.37
TXN_28398,CUST_3578,2023-05-01,92.06
TXN_28399,CUST_3579,2023-03-01,177.06
TXN_28400,CUST_3579,2023-06-15,151.81
TXN_28401,CUST_3579,2023-12-31,112.6
TXN_28402,CUST_3579,2023-04-05,228.96
TXN_28403,CUST_3580,2023-01-09,22.41
TXN_28404,CUST_3580,2023-03-21,199.67
TXN_28405,CUST_3580,2023-02-28,215.18
TXN_28406,CUST_3581,2023-02-28,60.55
TXN_28407,CUST_3581,2023-05-30,185.2
TXN_28408,CUST_3581,2023-07-01,103.14
TXN_28409,CUST_3581,2023-09-19,142.84
TXN_28410,CUST_3581,2023-04-10,205.44
TXN_28411,CUST_3582,2023-10-14,141.62
TXN_28412,CUST_3583,2023-11-13,91.55
TXN_28413,CUST_3583,2023-09-15,20.88
TXN_28414,CUST_3583,2023-09-22,143.71
TXN_28415,CUST_3583,2023-12-13,106.16
TXN_28416,CUST_3583,2023-09-26,189.05
TXN_28417,CUST_3583,2023-09-30,51.7
TXN_28418,CUST_3583,2023-08-28,47.51
TXN_28419,CUST_3583,2023-08-30,92.16
TXN_28420,CUST_3583,2023-10-18,29.32
TXN_28421,CUST_3583,2023-11-04,76.68
TXN_28422,CUST_3583,2023-10-01,144.9
TXN_28423,CUST_3583,2023-08-27,82.51
TXN_28424,CUST_3583,2023-09-04,161.6
TXN_28425,CUST_3583,2023-10-27,249.13
TXN_28426,CUST_3584,2023-12-15,146.96
TXN_28427,CUST_3585,2023-07-26,64.12
TXN_28428,CUST_3586,2023-07-02,157.54
TXN_28429,CUST_3586,2023-06-08,232.59
TXN_28430,CUST_3586,2023-06-01,167.68
TXN_28431,CUST_3586,2023-07-01,77.67
TXN_28432,CUST_3586,2023-05-24,239.79
TXN_28433,CUST_3586,2023-07-12,156.98
TXN_28434,CUST_3586,2023-09-05,34.09
TXN_28435,CUST_3586,2023-08-14,53.81
TXN_28436,CUST_3586,2023-08-22,48.21
TXN_28437,CUST_3587,2023-08-04,209.35
TXN_28438,CUST_3587,2023-10-12,123.75
TXN_28439,CUST_3587,2023-08-17,180.27
TXN_28440,CUST_3587,2023-08-30,163.51
TXN_28441,CUST_3587,2023-08-23,145.93
TXN_28442,CUST_3587,2023-07-31,28.02
TXN_28443,CUST_3587,2023-08-13,124.48
TXN_28444,CUST_3587,2023-11-26,112.28
TXN_28445,CUST_3587,2023-08-20,173.59
TXN_28446,CUST_3588,2023-10-16,115.5
TXN_28447,CUST_3589,2023-11-06,151.68
TXN_28448,CUST_3589,2023-10-06,149.6
TXN_28449,CUST_3589,2023-09-14,30.92
TXN_28450,CUST_3589,2023-10-10,55.8
TXN_28451,CUST_3589,2023-10-12,98.24
TXN_28452,CUST_3589,2023-12-08,238.18
TXN_28453,CUST_3589,2023-12-31,226.25
TXN_28454,CUST_3589,2023-12-31,180.94
TXN_28455,CUST_3589,2023-12-31,165.82
TXN_28456,CUST_3589,2023-11-12,46.0
TXN_28457,CUST_3589,2023-10-25,233.81
TXN_28458,CUST_3589,2023-10-11,58.9
TXN_28459,CUST_3589,2023-10-10,181.13
TXN_28460,CUST_3590,2023-12-01,97.36
TXN_28461,CUST_3590,2023-09-18,244.74
TXN_28462,CUST_3590,2023-06-22,93.49
TXN_28463,CUST_3590,2023-07-26,70.78
TXN_28464,CUST_3590,2023-06-13,125.12
TXN_28465,CUST_3590,2023-08-03,161.98
TXN_28466,CUST_3590,2023-10-08,74.46
TXN_28467,CUST_3590,2023-06-17,36.11
TXN_28468,CUST_3590,2023-07-29,231.73
TXN_28469,CUST_3591,2023-04-23,186.79
TXN_28470,CUST_3591,2023-03-01,74.65
TXN_28471,CUST_3591,2023-03-24,168.74
TXN_28472,CUST_3591,2023-08-10,143.48
TXN_28473,CUST_3591,2023-02-19,119.87
TXN_28474,CUST_3591,2023-02-19,35.75
TXN_28475,CUST_3591,2023-05-12,239.71
TXN_28476,CUST_3591,2023-08-22,197.0
TXN_28477,CUST_3591,2023-06-26,225.83
TXN_28478,CUST_3591,2023-07-07,162.32
TXN_28479,CUST_3591,2023-03-25,38.72
TXN_28480,CUST_3591,2023-04-12,232.32
TXN_28481,CUST_3591,2023-05-11,58.36
TXN_28482,CUST_3592,2023-08-24,107.6
TXN_28483,CUST_3592,2023-07-17,60.56
TXN_28484,CUST_3593,2023-07-13,51.28
TXN_28485,CUST_3594,2023-04-25,96.3
TXN_28486,CUST_3594,2023-07-07,120.53
TXN_28487,CUST_3594,2023-05-03,153.46
TXN_28488,CUST_3594,2023-06-25,138.25
TXN_28489,CUST_3594,2023-04-22,232.85
TXN_28490,CUST_3594,2023-07-01,77.04
TXN_28491,CUST_3594,2023-07-24,89.71
TXN_28492,CUST_3594,2023-06-14,95.17
TXN_28493,CUST_3594,2023-10-15,248.59
TXN_28494,CUST_3595,2023-01-25,66.54
TXN_28495,CUST_3596,2023-11-05,197.84
TXN_28496,CUST_3596,2023-10-04,92.14
TXN_28497,CUST_3596,2023-10-17,80.48
TXN_28498,CUST_3596,2023-09-25,123.36
TXN_28499,CUST_3596,2023-09-22,193.78
TXN_28500,CUST_3596,2023-11-07,144.7
TXN_28501,CUST_3597,2023-10-19,118.78
TXN_28502,CUST_3597,2023-10-21,158.57
TXN_28503,CUST_3597,2023-11-24,171.68
TXN_28504,CUST_3597,2023-10-26,47.84
TXN_28505,CUST_3597,2023-11-25,91.12
TXN_28506,CUST_3597,2023-10-17,149.28
TXN_28507,CUST_3597,2023-10-24,212.68
TXN_28508,CUST_3597,2023-10-20,117.18
TXN_28509,CUST_3597,2023-10-24,177.06
TXN_28510,CUST_3598,2023-10-08,16.13
TXN_28511,CUST_3598,2023-09-25,249.8
TXN_28512,CUST_3598,2023-10-05,160.76
TXN_28513,CUST_3598,2023-12-08,19.82
TXN_28514,CUST_3598,2023-10-24,82.77
TXN_28515,CUST_3598,2023-09-28,67.84
TXN_28516,CUST_3598,2023-11-16,102.64
TXN_28517,CUST_3598,2023-09-19,37.76
TXN_28518,CUST_3598,2023-09-22,226.25
TXN_28519,CUST_3598,2023-10-06,230.27
TXN_28520,CUST_3599,2023-12-24,78.76
TXN_28521,CUST_3599,2023-12-25,113.21
TXN_28522,CUST_3599,2023-12-25,27.5
TXN_28523,CUST_3600,2023-04-04,174.38
TXN_28524,CUST_3600,2023-04-01,40.11
TXN_28525,CUST_3600,2023-04-01,29.55
TXN_28526,CUST_3600,2023-04-12,78.71
TXN_28527,CUST_3600,2023-05-21,118.1
TXN_28528,CUST_3600,2023-05-17,159.77
TXN_28529,CUST_3600,2023-04-10,46.66
TXN_28530,CUST_3600,2023-10-06,163.98
TXN_28531,CUST_3600,2023-03-22,240.85
TXN_28532,CUST_3600,2023-07-08,50.65
TXN_28533,CUST_3601,2023-12-22,41.45
TXN_28534,CUST_3601,2023-12-22,217.2
TXN_28535,CUST_3601,2023-12-23,152.39
TXN_28536,CUST_3601,2023-12-21,98.71
TXN_28537,CUST_3601,2023-12-29,88.85
TXN_28538,CUST_3601,2023-12-21,28.14
TXN_28539,CUST_3601,2023-12-21,152.43
TXN_28540,CUST_3602,2023-05-27,130.38
TXN_28541,CUST_3602,2023-03-20,212.56
TXN_28542,CUST_3603,2023-09-24,85.32
TXN_28543,CUST_3603,2023-12-08,165.2
TXN_28544,CUST_3603,2023-12-14,229.14
TXN_28545,CUST_3603,2023-09-18,239.43
TXN_28546,CUST_3604,2023-12-07,143.48
TXN_28547,CUST_3605,2023-12-29,60.5
TXN_28548,CUST_3605,2023-08-24,218.52
TXN_28549,CUST_3605,2023-07-24,239.11
TXN_28550,CUST_3605,2023-06-27,152.93
TXN_28551,CUST_3605,2023-09-26,62.42
TXN_28552,CUST_3605,2023-06-25,33.78
TXN_28553,CUST_3605,2023-07-16,67.45
TXN_28554,CUST_3605,2023-07-08,122.75
TXN_28555,CUST_3605,2023-06-27,248.94
TXN_28556,CUST_3605,2023-09-06,22.12
TXN_28557,CUST_3605,2023-09-05,201.08
TXN_28558,CUST_3605,2023-07-05,212.47
TXN_28559,CUST_3606,2023-10-25,51.36
TXN_28560,CUST_3606,2023-11-20,69.94
TXN_28561,CUST_3606,2023-10-24,166.33
TXN_28562,CUST_3606,2023-11-24,151.85
TXN_28563,CUST_3606,2023-12-10,64.69
TXN_28564,CUST_3606,2023-10-24,164.68
TXN_28565,CUST_3606,2023-11-30,141.75
TXN_28566,CUST_3606,2023-10-17,174.08
TXN_28567,CUST_3606,2023-11-27,79.99
TXN_28568,CUST_3606,2023-10-18,136.72
TXN_28569,CUST_3606,2023-10-18,112.76
TXN_28570,CUST_3607,2023-03-13,106.37
TXN_28571,CUST_3608,2023-03-14,209.36
TXN_28572,CUST_3609,2023-07-11,206.4
TXN_28573,CUST_3610,2023-05-20,165.75
TXN_28574,CUST_3611,2023-12-25,211.46
TXN_28575,CUST_3612,2023-05-08,236.46
TXN_28576,CUST_3613,2023-03-13,145.36
TXN_28577,CUST_3614,2023-06-26,159.75
TXN_28578,CUST_3614,2023-05-26,72.23
TXN_28579,CUST_3614,2023-09-02,98.6
TXN_28580,CUST_3614,2023-05-31,162.25
TXN_28581,CUST_3614,2023-06-15,179.89
TXN_28582,CUST_3614,2023-11-09,139.05
TXN_28583,CUST_3614,2023-07-31,135.89
TXN_28584,CUST_3614,2023-09-26,71.8
TXN_28585,CUST_3614,2023-07-01,225.33
TXN_28586,CUST_3614,2023-08-27,90.22
TXN_28587,CUST_3614,2023-10-03,71.12
TXN_28588,CUST_3615,2023-09-13,245.9
TXN_28589,CUST_3615,2023-06-14,165.78
TXN_28590,CUST_3615,2023-10-17,44.76
TXN_28591,CUST_3616,2023-09-30,239.25
TXN_28592,CUST_3616,2023-09-20,212.35
TXN_28593,CUST_3616,2023-10-24,132.09
TXN_28594,CUST_3616,2023-09-22,117.47
TXN_28595,CUST_3616,2023-09-03,216.8
TXN_28596,CUST_3616,2023-09-01,228.13
TXN_28597,CUST_3616,2023-09-10,21.23
TXN_28598,CUST_3616,2023-08-30,223.64
TXN_28599,CUST_3616,2023-08-28,188.61
TXN_28600,CUST_3616,2023-08-30,132.25
TXN_28601,CUST_3616,2023-09-01,93.29
TXN_28602,CUST_3616,2023-08-27,145.66
TXN_28603,CUST_3616,2023-09-10,100.89
TXN_28604,CUST_3616,2023-08-23,46.99
TXN_28605,CUST_3617,2023-09-13,27.12
TXN_28606,CUST_3617,2023-08-11,232.25
TXN_28607,CUST_3617,2023-08-02,182.47
TXN_28608,CUST_3617,2023-09-16,67.23
TXN_28609,CUST_3617,2023-07-27,87.63
TXN_28610,CUST_3617,2023-06-14,60.23
TXN_28611,CUST_3617,2023-07-27,201.72
TXN_28612,CUST_3617,2023-10-24,115.72
TXN_28613,CUST_3617,2023-06-27,176.52
TXN_28614,CUST_3617,2023-09-12,74.53
TXN_28615,CUST_3617,2023-06-18,140.35
TXN_28616,CUST_3618,2023-12-25,41.23
TXN_28617,CUST_3618,2023-12-24,226.95
TXN_28618,CUST_3618,2023-12-24,26.77
TXN_28619,CUST_3618,2023-12-27,175.74
TXN_28620,CUST_3618,2023-12-26,133.03
TXN_28621,CUST_3618,2023-12-31,43.16
TXN_28622,CUST_3619,2023-10-10,109.27
TXN_28623,CUST_3619,2023-07-20,189.66
TXN_28624,CUST_3619,2023-08-28,226.1
TXN_28625,CUST_3619,2023-09-07,18.95
TXN_28626,CUST_3620,2023-12-07,178.4
TXN_28627,CUST_3620,2023-11-29,148.14
TXN_28628,CUST_3620,2023-11-21,209.45
TXN_28629,CUST_3620,2023-11-23,140.9
TXN_28630,CUST_3620,2023-11-22,178.53
TXN_28631,CUST_3621,2023-02-21,248.59
TXN_28632,CUST_3621,2023-04-25,109.38
TXN_28633,CUST_3621,2023-09-15,127.73
TXN_28634,CUST_3621,2023-02-25,53.59
TXN_28635,CUST_3621,2023-06-22,155.11
TXN_28636,CUST_3621,2023-01-24,154.04
TXN_28637,CUST_3621,2023-02-02,245.7
TXN_28638,CUST_3621,2023-02-17,178.56
TXN_28639,CUST_3621,2023-05-18,177.47
TXN_28640,CUST_3621,2023-03-19,32.47
TXN_28641,CUST_3622,2023-09-29,47.33
TXN_28642,CUST_3622,2023-07-22,146.57
TXN_28643,CUST_3622,2023-08-04,240.19
TXN_28644,CUST_3623,2023-05-03,44.19
TXN_28645,CUST_3623,2023-12-09,64.11
TXN_28646,CUST_3623,2023-05-04,140.76
TXN_28647,CUST_3623,2023-04-25,160.7
TXN_28648,CUST_3623,2023-06-11,165.5
TXN_28649,CUST_3623,2023-05-19,227.79
TXN_28650,CUST_3623,2023-05-17,164.83
TXN_28651,CUST_3623,2023-12-22,109.19
TXN_28652,CUST_3623,2023-05-05,31.07
TXN_28653,CUST_3623,2023-12-31,194.47
TXN_28654,CUST_3623,2023-11-19,179.23
TXN_28655,CUST_3623,2023-05-26,43.91
TXN_28656,CUST_3623,2023-12-01,130.06
TXN_28657,CUST_3623,2023-06-02,150.78
TXN_28658,CUST_3624,2023-10-26,164.9
TXN_28659,CUST_3625,2023-10-25,134.99
TXN_28660,CUST_3626,2023-08-07,125.06
TXN_28661,CUST_3626,2023-12-19,33.25
TXN_28662,CUST_3626,2023-08-24,136.81
TXN_28663,CUST_3626,2023-11-25,93.16
TXN_28664,CUST_3626,2023-10-24,183.77
TXN_28665,CUST_3626,2023-08-21,95.09
TXN_28666,CUST_3626,2023-08-13,177.85
TXN_28667,CUST_3626,2023-09-13,51.41
TXN_28668,CUST_3626,2023-09-20,132.18
TXN_28669,CUST_3626,2023-08-07,239.12
TXN_28670,CUST_3626,2023-11-01,31.69
TXN_28671,CUST_3626,2023-12-14,230.42
TXN_28672,CUST_3627,2023-05-18,180.07
TXN_28673,CUST_3628,2023-03-30,22.86
TXN_28674,CUST_3628,2023-05-01,36.61
TXN_28675,CUST_3628,2023-03-25,165.42
TXN_28676,CUST_3628,2023-05-05,103.53
TXN_28677,CUST_3628,2023-11-25,60.35
TXN_28678,CUST_3628,2023-05-04,149.77
TXN_28679,CUST_3628,2023-04-05,180.74
TXN_28680,CUST_3628,2023-09-20,142.25
TXN_28681,CUST_3629,2023-04-04,64.09
TXN_28682,CUST_3629,2023-07-06,130.6
TXN_28683,CUST_3630,2023-07-12,44.25
TXN_28684,CUST_3630,2023-07-24,37.09
TXN_28685,CUST_3631,2023-08-21,214.78
TXN_28686,CUST_3631,2023-09-04,158.85
TXN_28687,CUST_3631,2023-09-23,157.64
TXN_28688,CUST_3631,2023-09-17,208.32
TXN_28689,CUST_3631,2023-10-28,113.03
TXN_28690,CUST_3631,2023-09-26,39.16
TXN_28691,CUST_3631,2023-08-13,127.78
TXN_28692,CUST_3631,2023-11-27,167.75
TXN_28693,CUST_3631,2023-10-01,52.05
TXN_28694,CUST_3631,2023-09-06,109.19
TXN_28695,CUST_3631,2023-10-21,47.39
TXN_28696,CUST_3631,2023-09-15,229.17
TXN_28697,CUST_3631,2023-11-24,215.3
TXN_28698,CUST_3631,2023-08-31,236.16
TXN_28699,CUST_3632,2023-08-22,242.12
TXN_28700,CUST_3632,2023-08-19,236.17
TXN_28701,CUST_3632,2023-09-25,75.69
TXN_28702,CUST_3633,2023-06-21,29.57
TXN_28703,CUST_3633,2023-02-27,98.26
TXN_28704,CUST_3633,2023-03-16,183.86
TXN_28705,CUST_3633,2023-12-26,170.48
TXN_28706,CUST_3633,2023-06-12,16.55
TXN_28707,CUST_3633,2023-05-07,207.02
TXN_28708,CUST_3633,2023-06-12,68.53
TXN_28709,CUST_3633,2023-09-06,241.63
TXN_28710,CUST_3633,2023-03-28,63.67
TXN_28711,CUST_3633,2023-04-05,29.84
TXN_28712,CUST_3633,2023-09-24,233.39
TXN_28713,CUST_3633,2023-06-06,194.62
TXN_28714,CUST_3633,2023-06-16,103.68
TXN_28715,CUST_3633,2023-06-05,211.54
TXN_28716,CUST_3634,2023-10-22,225.26
TXN_28717,CUST_3634,2023-10-26,84.26
TXN_28718,CUST_3634,2023-11-06,78.75
TXN_28719,CUST_3634,2023-10-22,21.84
TXN_28720,CUST_3634,2023-12-31,91.49
TXN_28721,CUST_3634,2023-10-31,231.88
TXN_28722,CUST_3634,2023-12-03,176.43
TXN_28723,CUST_3634,2023-11-16,203.26
TXN_28724,CUST_3634,2023-10-26,171.1
TXN_28725,CUST_3634,2023-10-24,44.73
TXN_28726,CUST_3634,2023-10-28,181.8
TXN_28727,CUST_3634,2023-12-13,177.33
TXN_28728,CUST_3635,2023-12-05,159.12
TXN_28729,CUST_3635,2023-11-28,70.65
TXN_28730,CUST_3635,2023-12-01,19.39
TXN_28731,CUST_3635,2023-11-29,207.88
TXN_28732,CUST_3635,2023-11-19,41.84
TXN_28733,CUST_3635,2023-12-31,213.21
TXN_28734,CUST_3635,2023-11-22,64.01
TXN_28735,CUST_3635,2023-11-22,116.34
TXN_28736,CUST_3635,2023-12-12,71.21
TXN_28737,CUST_3636,2023-08-30,138.09
TXN_28738,CUST_3636,2023-10-08,215.9
TXN_28739,CUST_3636,2023-10-11,105.34
TXN_28740,CUST_3636,2023-10-24,226.12
TXN_28741,CUST_3636,2023-09-18,16.06
TXN_28742,CUST_3637,2023-06-24,77.73
TXN_28743,CUST_3637,2023-06-10,246.07
TXN_28744,CUST_3637,2023-06-26,185.43
TXN_28745,CUST_3637,2023-06-08,199.1
TXN_28746,CUST_3637,2023-09-10,34.78
TXN_28747,CUST_3637,2023-06-16,84.35
TXN_28748,CUST_3637,2023-07-07,199.12
TXN_28749,CUST_3637,2023-06-11,167.81
TXN_28750,CUST_3637,2023-06-24,104.88
TXN_28751,CUST_3637,2023-06-07,83.41
TXN_28752,CUST_3637,2023-06-19,133.43
TXN_28753,CUST_3637,2023-06-18,211.42
TXN_28754,CUST_3637,2023-11-01,213.64
TXN_28755,CUST_3638,2023-11-18,237.18
TXN_28756,CUST_3638,2023-09-27,228.94
TXN_28757,CUST_3638,2023-10-11,65.2
TXN_28758,CUST_3638,2023-09-29,196.36
TXN_28759,CUST_3638,2023-10-16,210.62
TXN_28760,CUST_3638,2023-10-04,174.46
TXN_28761,CUST_3638,2023-09-30,36.09
TXN_28762,CUST_3638,2023-09-30,205.09
TXN_28763,CUST_3638,2023-10-30,54.0
TXN_28764,CUST_3638,2023-10-11,194.47
TXN_28765,CUST_3639,2023-11-08,229.93
TXN_28766,CUST_3640,2023-05-18,80.71
TXN_28767,CUST_3640,2023-03-12,199.32
TXN_28768,CUST_3640,2023-12-31,54.74
TXN_28769,CUST_3640,2023-03-02,190.25
TXN_28770,CUST_3640,2023-04-06,65.06
TXN_28771,CUST_3640,2023-05-10,173.68
TXN_28772,CUST_3640,2023-03-19,248.71
TXN_28773,CUST_3640,2023-04-04,89.01
TXN_28774,CUST_3640,2023-04-20,190.08
TXN_28775,CUST_3641,2023-10-23,229.47
TXN_28776,CUST_3641,2023-11-23,143.96
TXN_28777,CUST_3641,2023-10-23,236.36
TXN_28778,CUST_3641,2023-10-30,182.74
TXN_28779,CUST_3641,2023-10-04,183.8
TXN_28780,CUST_3641,2023-10-11,42.15
TXN_28781,CUST_3641,2023-11-27,177.43
TXN_28782,CUST_3641,2023-10-17,116.38
TXN_28783,CUST_3641,2023-10-08,17.24
TXN_28784,CUST_3641,2023-10-14,49.88
TXN_28785,CUST_3641,2023-10-18,210.95
TXN_28786,CUST_3641,2023-10-05,36.56
TXN_28787,CUST_3641,2023-12-10,190.11
TXN_28788,CUST_3641,2023-10-03,33.7
TXN_28789,CUST_3642,2023-11-17,110.47
TXN_28790,CUST_3642,2023-11-14,99.81
TXN_28791,CUST_3642,2023-12-31,25.94
TXN_28792,CUST_3642,2023-11-15,200.63
TXN_28793,CUST_3642,2023-11-17,238.25
TXN_28794,CUST_3642,2023-11-15,214.69
TXN_28795,CUST_3642,2023-12-08,17.16
TXN_28796,CUST_3642,2023-11-17,80.95
TXN_28797,CUST_3642,2023-11-20,123.75
TXN_28798,CUST_3642,2023-12-19,58.14
TXN_28799,CUST_3642,2023-11-12,40.4
TXN_28800,CUST_3642,2023-12-02,230.7
TXN_28801,CUST_3642,2023-11-16,29.53
TXN_28802,CUST_3643,2023-10-11,154.2
TXN_28803,CUST_3644,2023-11-24,53.14
TXN_28804,CUST_3645,2023-03-14,249.59
TXN_28805,CUST_3645,2023-02-28,62.6
TXN_28806,CUST_3645,2023-05-10,189.08
TXN_28807,CUST_3645,2023-12-31,179.83
TXN_28808,CUST_3646,2023-12-11,156.2
TXN_28809,CUST_3646,2023-12-05,172.73
TXN_28810,CUST_3646,2023-12-05,130.14
TXN_28811,CUST_3646,2023-12-05,88.51
TXN_28812,CUST_3646,2023-12-11,30.15
TXN_28813,CUST_3646,2023-12-03,45.7
TXN_28814,CUST_3646,2023-12-04,61.5
TXN_28815,CUST_3646,2023-12-16,120.01
TXN_28816,CUST_3646,2023-12-08,166.42
TXN_28817,CUST_3647,2023-10-27,247.28
TXN_28818,CUST_3647,2023-07-09,168.0
TXN_28819,CUST_3647,2023-07-02,26.52
TXN_28820,CUST_3647,2023-07-22,213.9
TXN_28821,CUST_3647,2023-09-04,119.77
TXN_28822,CUST_3647,2023-08-06,124.52
TXN_28823,CUST_3647,2023-07-24,221.26
TXN_28824,CUST_3647,2023-08-21,128.73
TXN_28825,CUST_3648,2023-02-15,213.75
TXN_28826,CUST_3648,2023-04-15,112.19
TXN_28827,CUST_3648,2023-10-12,32.61
TXN_28828,CUST_3648,2023-11-10,21.53
TXN_28829,CUST_3648,2023-04-27,145.45
TXN_28830,CUST_3648,2023-05-19,21.96
TXN_28831,CUST_3648,2023-04-19,41.7
TXN_28832,CUST_3648,2023-02-11,65.61
TXN_28833,CUST_3649,2023-02-04,198.47
TXN_28834,CUST_3649,2023-09-14,130.69
TXN_28835,CUST_3649,2023-03-10,196.45
TXN_28836,CUST_3650,2023-11-20,218.4
TXN_28837,CUST_3651,2023-03-06,141.66
TXN_28838,CUST_3651,2023-01-29,173.57
TXN_28839,CUST_3651,2023-12-31,73.15
TXN_28840,CUST_3651,2023-02-25,110.43
TXN_28841,CUST_3651,2023-03-29,183.99
TXN_28842,CUST_3651,2023-01-27,86.08
TXN_28843,CUST_3651,2023-04-11,153.55
TXN_28844,CUST_3651,2023-04-11,117.34
TXN_28845,CUST_3651,2023-06-06,63.05
TXN_28846,CUST_3651,2023-02-18,119.45
TXN_28847,CUST_3652,2023-03-07,198.87
TXN_28848,CUST_3652,2023-03-26,241.42
TXN_28849,CUST_3652,2023-12-31,176.2
TXN_28850,CUST_3652,2023-07-03,167.99
TXN_28851,CUST_3652,2023-03-15,132.61
TXN_28852,CUST_3652,2023-08-05,197.05
TXN_28853,CUST_3652,2023-10-18,226.69
TXN_28854,CUST_3652,2023-03-26,184.6
TXN_28855,CUST_3653,2023-04-20,60.44
TXN_28856,CUST_3653,2023-08-12,29.63
TXN_28857,CUST_3653,2023-08-27,79.61
TXN_28858,CUST_3653,2023-05-03,104.55
TXN_28859,CUST_3653,2023-05-20,202.06
TXN_28860,CUST_3653,2023-12-31,86.92
TXN_28861,CUST_3653,2023-05-16,124.51
TXN_28862,CUST_3654,2023-08-08,91.17
TXN_28863,CUST_3654,2023-06-30,83.28
TXN_28864,CUST_3654,2023-06-26,166.94
TXN_28865,CUST_3654,2023-05-29,242.39
TXN_28866,CUST_3654,2023-09-10,236.14
TXN_28867,CUST_3654,2023-08-27,128.04
TXN_28868,CUST_3654,2023-06-12,136.34
TXN_28869,CUST_3654,2023-08-25,215.73
TXN_28870,CUST_3654,2023-06-25,134.96
TXN_28871,CUST_3654,2023-08-05,153.32
TXN_28872,CUST_3654,2023-05-31,128.6
TXN_28873,CUST_3654,2023-09-24,203.54
TXN_28874,CUST_3655,2023-11-08,181.48
TXN_28875,CUST_3655,2023-06-09,40.31
TXN_28876,CUST_3655,2023-12-31,23.96
TXN_28877,CUST_3655,2023-07-01,143.9
TXN_28878,CUST_3655,2023-06-22,69.53
TXN_28879,CUST_3655,2023-07-08,78.35
TXN_28880,CUST_3655,2023-09-28,132.56
TXN_28881,CUST_3656,2023-02-26,24.37
TXN_28882,CUST_3657,2023-09-13,41.53
TXN_28883,CUST_3658,2023-07-07,111.9
TXN_28884,CUST_3658,2023-04-09,17.45
TXN_28885,CUST_3658,2023-03-30,207.98
TXN_28886,CUST_3658,2023-04-06,241.47
TXN_28887,CUST_3658,2023-04-14,124.07
TXN_28888,CUST_3658,2023-08-09,246.01
TXN_28889,CUST_3658,2023-04-11,43.18
TXN_28890,CUST_3658,2023-05-09,154.06
TXN_28891,CUST_3658,2023-12-31,112.27
TXN_28892,CUST_3658,2023-03-03,167.97
TXN_28893,CUST_3658,2023-02-24,114.97
TXN_28894,CUST_3658,2023-04-17,74.88
TXN_28895,CUST_3658,2023-12-31,109.8
TXN_28896,CUST_3658,2023-10-14,136.05
TXN_28897,CUST_3659,2023-12-31,165.41
TXN_28898,CUST_3659,2023-12-02,16.51
TXN_28899,CUST_3659,2023-12-27,176.4
TXN_28900,CUST_3659,2023-12-02,189.72
TXN_28901,CUST_3659,2023-12-03,205.17
TXN_28902,CUST_3659,2023-12-10,44.06
TXN_28903,CUST_3659,2023-12-01,124.54
TXN_28904,CUST_3659,2023-12-28,147.69
TXN_28905,CUST_3659,2023-12-15,125.33
TXN_28906,CUST_3659,2023-12-05,208.22
TXN_28907,CUST_3659,2023-12-07,48.26
TXN_28908,CUST_3659,2023-12-04,146.93
TXN_28909,CUST_3660,2023-12-31,126.16
TXN_28910,CUST_3660,2023-02-10,244.59
TXN_28911,CUST_3660,2023-03-02,111.16
TXN_28912,CUST_3660,2023-01-31,41.05
TXN_28913,CUST_3660,2023-02-18,143.89
TXN_28914,CUST_3660,2023-04-25,157.47
TXN_28915,CUST_3660,2023-05-02,131.38
TXN_28916,CUST_3660,2023-07-26,234.47
TXN_28917,CUST_3660,2023-02-26,45.6
TXN_28918,CUST_3660,2023-03-26,21.21
TXN_28919,CUST_3660,2023-09-24,71.33
TXN_28920,CUST_3660,2023-04-23,42.05
TXN_28921,CUST_3660,2023-04-24,24.16
TXN_28922,CUST_3661,2023-12-31,246.97
TXN_28923,CUST_3661,2023-03-19,71.83
TXN_28924,CUST_3661,2023-02-10,91.57
TXN_28925,CUST_3661,2023-03-07,150.55
TXN_28926,CUST_3661,2023-03-22,69.41
TXN_28927,CUST_3661,2023-05-15,90.92
TXN_28928,CUST_3661,2023-03-19,155.63
TXN_28929,CUST_3661,2023-02-13,196.95
TXN_28930,CUST_3662,2023-09-05,75.03
TXN_28931,CUST_3662,2023-08-07,127.67
TXN_28932,CUST_3662,2023-07-25,201.92
TXN_28933,CUST_3662,2023-12-19,116.49
TXN_28934,CUST_3662,2023-12-01,222.43
TXN_28935,CUST_3662,2023-07-20,55.74
TXN_28936,CUST_3662,2023-08-16,138.58
TXN_28937,CUST_3662,2023-08-03,88.54
TXN_28938,CUST_3662,2023-08-11,177.26
TXN_28939,CUST_3663,2023-10-30,232.67
TXN_28940,CUST_3664,2023-08-02,109.1
TXN_28941,CUST_3664,2023-08-15,93.72
TXN_28942,CUST_3664,2023-09-18,131.91
TXN_28943,CUST_3664,2023-10-17,28.59
TXN_28944,CUST_3664,2023-08-25,18.29
TXN_28945,CUST_3664,2023-08-06,197.21
TXN_28946,CUST_3664,2023-07-29,39.81
TXN_28947,CUST_3665,2023-06-11,221.74
TXN_28948,CUST_3665,2023-05-24,133.13
TXN_28949,CUST_3665,2023-07-12,170.33
TXN_28950,CUST_3665,2023-03-05,185.45
TXN_28951,CUST_3665,2023-04-22,236.11
TXN_28952,CUST_3665,2023-12-31,120.45
TXN_28953,CUST_3666,2023-10-04,80.6
TXN_28954,CUST_3666,2023-11-14,236.36
TXN_28955,CUST_3667,2023-04-11,94.85
TXN_28956,CUST_3667,2023-03-23,219.36
TXN_28957,CUST_3667,2023-02-08,84.29
TXN_28958,CUST_3667,2023-07-12,234.79
TXN_28959,CUST_3667,2023-01-23,203.89
TXN_28960,CUST_3667,2023-05-13,69.23
TXN_28961,CUST_3667,2023-06-26,186.06
TXN_28962,CUST_3667,2023-01-30,133.03
TXN_28963,CUST_3667,2023-06-28,60.01
TXN_28964,CUST_3667,2023-03-26,43.37
TXN_28965,CUST_3667,2023-02-24,66.22
TXN_28966,CUST_3668,2023-06-09,219.51
TXN_28967,CUST_3668,2023-12-11,71.81
TXN_28968,CUST_3668,2023-05-28,17.25
TXN_28969,CUST_3668,2023-05-09,96.1
TXN_28970,CUST_3668,2023-08-01,83.67
TXN_28971,CUST_3668,2023-05-05,186.75
TXN_28972,CUST_3668,2023-06-19,137.01
TXN_28973,CUST_3668,2023-05-31,159.07
TXN_28974,CUST_3669,2023-11-08,102.79
TXN_28975,CUST_3669,2023-10-19,115.71
TXN_28976,CUST_3669,2023-12-20,174.85
TXN_28977,CUST_3670,2023-12-31,118.61
TXN_28978,CUST_3670,2023-12-06,218.02
TXN_28979,CUST_3670,2023-12-20,161.84
TXN_28980,CUST_3671,2023-12-07,56.92
TXN_28981,CUST_3672,2023-12-25,147.46
TXN_28982,CUST_3673,2023-08-03,195.18
TXN_28983,CUST_3674,2023-03-18,134.86
TXN_28984,CUST_3674,2023-09-19,63.84
TXN_28985,CUST_3674,2023-05-07,75.26
TXN_28986,CUST_3674,2023-03-17,226.15
TXN_28987,CUST_3674,2023-03-30,195.19
TXN_28988,CUST_3674,2023-04-26,80.26
TXN_28989,CUST_3674,2023-12-14,169.44
TXN_28990,CUST_3674,2023-07-06,193.52
TXN_28991,CUST_3674,2023-04-25,147.46
TXN_28992,CUST_3674,2023-04-15,211.12
TXN_28993,CUST_3675,2023-12-30,151.5
TXN_28994,CUST_3675,2023-12-27,23.1
TXN_28995,CUST_3675,2023-12-30,238.78
TXN_28996,CUST_3675,2023-12-28,118.99
TXN_28997,CUST_3676,2023-08-08,150.01
TXN_28998,CUST_3677,2023-11-09,56.35
TXN_28999,CUST_3678,2023-06-05,111.95
TXN_29000,CUST_3678,2023-08-08,157.71
TXN_29001,CUST_3678,2023-06-06,90.9
TXN_29002,CUST_3679,2023-09-06,187.93
TXN_29003,CUST_3679,2023-09-18,189.43
TXN_29004,CUST_3679,2023-09-06,169.28
TXN_29005,CUST_3679,2023-08-30,52.36
TXN_29006,CUST_3679,2023-11-28,123.45
TXN_29007,CUST_3679,2023-09-27,228.28
TXN_29008,CUST_3679,2023-09-25,168.83
TXN_29009,CUST_3679,2023-09-08,34.17
TXN_29010,CUST_3679,2023-09-16,202.69
TXN_29011,CUST_3679,2023-09-22,54.52
TXN_29012,CUST_3679,2023-09-30,77.0
TXN_29013,CUST_3679,2023-12-28,150.69
TXN_29014,CUST_3679,2023-12-31,25.12
TXN_29015,CUST_3680,2023-12-18,217.57
TXN_29016,CUST_3681,2023-10-21,201.43
TXN_29017,CUST_3681,2023-06-27,83.65
TXN_29018,CUST_3681,2023-06-06,26.95
TXN_29019,CUST_3682,2023-10-10,39.58
TXN_29020,CUST_3682,2023-10-15,135.42
TXN_29021,CUST_3682,2023-10-22,115.01
TXN_29022,CUST_3682,2023-10-13,97.37
TXN_29023,CUST_3682,2023-10-10,151.28
TXN_29024,CUST_3682,2023-11-27,221.73
TXN_29025,CUST_3682,2023-12-31,35.87
TXN_29026,CUST_3683,2023-08-01,166.63
TXN_29027,CUST_3684,2023-09-21,110.52
TXN_29028,CUST_3685,2023-10-27,105.24
TXN_29029,CUST_3685,2023-12-26,217.16
TXN_29030,CUST_3686,2023-12-15,201.22
TXN_29031,CUST_3686,2023-09-24,210.11
TXN_29032,CUST_3686,2023-08-11,185.51
TXN_29033,CUST_3686,2023-09-15,214.43
TXN_29034,CUST_3686,2023-08-14,194.47
TXN_29035,CUST_3686,2023-11-04,144.02
TXN_29036,CUST_3686,2023-08-24,237.93
TXN_29037,CUST_3687,2023-12-09,57.1
TXN_29038,CUST_3688,2023-05-23,199.98
TXN_29039,CUST_3688,2023-12-06,211.53
TXN_29040,CUST_3688,2023-05-13,65.79
TXN_29041,CUST_3688,2023-11-11,105.7
TXN_29042,CUST_3688,2023-08-11,247.54
TXN_29043,CUST_3688,2023-06-16,127.77
TXN_29044,CUST_3689,2023-11-21,123.3
TXN_29045,CUST_3689,2023-11-20,173.95
TXN_29046,CUST_3689,2023-11-11,199.7
TXN_29047,CUST_3689,2023-11-25,176.58
TXN_29048,CUST_3689,2023-11-05,126.45
TXN_29049,CUST_3689,2023-11-18,68.2
TXN_29050,CUST_3690,2023-09-26,112.13
TXN_29051,CUST_3690,2023-09-25,17.74
TXN_29052,CUST_3690,2023-10-08,167.41
TXN_29053,CUST_3690,2023-10-14,27.26
TXN_29054,CUST_3690,2023-09-29,138.22
TXN_29055,CUST_3690,2023-11-05,201.57
TXN_29056,CUST_3690,2023-10-15,166.84
TXN_29057,CUST_3690,2023-12-08,30.32
TXN_29058,CUST_3690,2023-09-24,122.6
TXN_29059,CUST_3690,2023-10-22,16.09
TXN_29060,CUST_3690,2023-10-11,55.6
TXN_29061,CUST_3690,2023-10-25,77.92
TXN_29062,CUST_3691,2023-11-28,224.83
TXN_29063,CUST_3691,2023-12-05,100.18
TXN_29064,CUST_3691,2023-11-29,207.09
TXN_29065,CUST_3691,2023-11-25,159.53
TXN_29066,CUST_3691,2023-11-25,127.79
TXN_29067,CUST_3691,2023-11-21,215.28
TXN_29068,CUST_3691,2023-11-21,67.72
TXN_29069,CUST_3691,2023-11-26,161.91
TXN_29070,CUST_3691,2023-12-07,33.91
TXN_29071,CUST_3691,2023-11-21,202.76
TXN_29072,CUST_3691,2023-12-07,210.41
TXN_29073,CUST_3692,2023-11-30,155.38
TXN_29074,CUST_3692,2023-11-29,111.03
TXN_29075,CUST_3692,2023-11-24,49.86
TXN_29076,CUST_3692,2023-11-22,135.33
TXN_29077,CUST_3692,2023-11-29,31.84
TXN_29078,CUST_3692,2023-11-22,94.76
TXN_29079,CUST_3692,2023-11-26,181.86
TXN_29080,CUST_3692,2023-12-01,149.16
TXN_29081,CUST_3692,2023-11-21,212.18
TXN_29082,CUST_3692,2023-12-09,58.15
TXN_29083,CUST_3692,2023-12-01,228.06
TXN_29084,CUST_3692,2023-11-24,232.32
TXN_29085,CUST_3692,2023-11-16,136.32
TXN_29086,CUST_3693,2023-06-27,221.22
TXN_29087,CUST_3694,2023-06-06,141.83
TXN_29088,CUST_3695,2023-06-13,125.33
TXN_29089,CUST_3695,2023-09-29,78.19
TXN_29090,CUST_3695,2023-06-19,105.36
TXN_29091,CUST_3695,2023-06-23,62.08
TXN_29092,CUST_3695,2023-11-21,201.33
TXN_29093,CUST_3695,2023-12-31,102.18
TXN_29094,CUST_3695,2023-05-22,42.14
TXN_29095,CUST_3695,2023-06-21,229.1
TXN_29096,CUST_3695,2023-12-31,208.17
TXN_29097,CUST_3696,2023-07-27,155.2
TXN_29098,CUST_3697,2023-10-10,224.18
TXN_29099,CUST_3697,2023-03-19,126.68
TXN_29100,CUST_3697,2023-12-31,50.03
TXN_29101,CUST_3697,2023-05-30,95.91
TXN_29102,CUST_3698,2023-10-24,153.16
TXN_29103,CUST_3699,2023-05-31,92.81
TXN_29104,CUST_3699,2023-06-05,230.71
TXN_29105,CUST_3699,2023-12-15,156.81
TXN_29106,CUST_3699,2023-09-22,174.14
TXN_29107,CUST_3699,2023-09-25,165.35
TXN_29108,CUST_3700,2023-05-23,138.06
TXN_29109,CUST_3700,2023-05-27,189.55
TXN_29110,CUST_3700,2023-06-16,172.93
TXN_29111,CUST_3700,2023-10-26,35.21
TXN_29112,CUST_3700,2023-12-31,166.63
TXN_29113,CUST_3700,2023-05-21,88.79
TXN_29114,CUST_3700,2023-10-29,155.11
TXN_29115,CUST_3700,2023-06-11,236.02
TXN_29116,CUST_3700,2023-09-11,187.85
TXN_29117,CUST_3700,2023-10-30,195.9
TXN_29118,CUST_3701,2023-08-09,212.94
TXN_29119,CUST_3702,2023-04-25,52.36
TXN_29120,CUST_3703,2023-12-04,211.84
TXN_29121,CUST_3704,2023-11-06,221.24
TXN_29122,CUST_3704,2023-11-04,207.02
TXN_29123,CUST_3704,2023-11-20,53.54
TXN_29124,CUST_3704,2023-11-07,51.62
TXN_29125,CUST_3704,2023-11-27,49.62
TXN_29126,CUST_3705,2023-07-07,236.59
TXN_29127,CUST_3705,2023-06-15,173.56
TXN_29128,CUST_3705,2023-06-17,88.92
TXN_29129,CUST_3705,2023-10-07,199.95
TXN_29130,CUST_3705,2023-06-16,34.13
TXN_29131,CUST_3705,2023-06-23,193.61
TXN_29132,CUST_3705,2023-05-28,172.94
TXN_29133,CUST_3705,2023-11-01,57.12
TXN_29134,CUST_3705,2023-10-15,27.07
TXN_29135,CUST_3705,2023-08-11,200.89
TXN_29136,CUST_3705,2023-07-03,62.88
TXN_29137,CUST_3705,2023-11-30,19.69
TXN_29138,CUST_3706,2023-06-01,75.05
TXN_29139,CUST_3706,2023-08-12,45.96
TXN_29140,CUST_3706,2023-05-31,131.55
TXN_29141,CUST_3707,2023-12-31,208.44
TXN_29142,CUST_3708,2023-09-19,183.4
TXN_29143,CUST_3709,2023-07-19,240.12
TXN_29144,CUST_3709,2023-06-17,199.72
TXN_29145,CUST_3709,2023-05-15,194.06
TXN_29146,CUST_3709,2023-07-19,165.33
TXN_29147,CUST_3709,2023-10-27,69.84
TXN_29148,CUST_3709,2023-05-30,34.52
TXN_29149,CUST_3709,2023-08-09,213.31
TXN_29150,CUST_3709,2023-06-04,98.85
TXN_29151,CUST_3709,2023-07-21,32.76
TXN_29152,CUST_3709,2023-05-21,101.06
TXN_29153,CUST_3709,2023-06-22,126.99
TXN_29154,CUST_3709,2023-05-11,142.09
TXN_29155,CUST_3709,2023-11-27,21.37
TXN_29156,CUST_3709,2023-07-27,161.81
TXN_29157,CUST_3710,2023-06-21,68.24
TXN_29158,CUST_3710,2023-06-28,248.93
TXN_29159,CUST_3711,2023-08-02,33.68
TXN_29160,CUST_3711,2023-07-19,80.8
TXN_29161,CUST_3711,2023-09-15,231.35
TXN_29162,CUST_3711,2023-07-14,32.54
TXN_29163,CUST_3711,2023-12-31,177.43
TXN_29164,CUST_3711,2023-11-09,48.81
TXN_29165,CUST_3711,2023-10-06,206.13
TXN_29166,CUST_3711,2023-07-08,52.93
TXN_29167,CUST_3711,2023-07-19,65.95
TXN_29168,CUST_3711,2023-12-31,100.29
TXN_29169,CUST_3711,2023-09-24,204.19
TXN_29170,CUST_3711,2023-07-28,175.41
TXN_29171,CUST_3711,2023-07-05,108.29
TXN_29172,CUST_3712,2023-08-03,200.77
TXN_29173,CUST_3712,2023-09-08,163.41
TXN_29174,CUST_3712,2023-10-27,21.84
TXN_29175,CUST_3713,2023-11-23,160.96
TXN_29176,CUST_3713,2023-08-25,130.6
TXN_29177,CUST_3713,2023-09-03,121.02
TXN_29178,CUST_3713,2023-08-24,163.74
TXN_29179,CUST_3713,2023-08-08,223.25
TXN_29180,CUST_3713,2023-09-01,203.2
TXN_29181,CUST_3713,2023-10-09,125.89
TXN_29182,CUST_3713,2023-08-16,147.12
TXN_29183,CUST_3714,2023-11-16,248.36
TXN_29184,CUST_3714,2023-12-18,144.14
TXN_29185,CUST_3714,2023-12-01,119.12
TXN_29186,CUST_3714,2023-11-20,119.15
TXN_29187,CUST_3714,2023-11-20,173.76
TXN_29188,CUST_3714,2023-11-18,55.13
TXN_29189,CUST_3714,2023-12-02,22.35
TXN_29190,CUST_3714,2023-12-02,76.86
TXN_29191,CUST_3714,2023-11-15,104.05
TXN_29192,CUST_3714,2023-11-14,105.36
TXN_29193,CUST_3714,2023-11-13,128.62
TXN_29194,CUST_3715,2023-08-11,151.09
TXN_29195,CUST_3716,2023-09-07,160.2
TXN_29196,CUST_3716,2023-05-27,95.95
TXN_29197,CUST_3716,2023-05-16,74.35
TXN_29198,CUST_3716,2023-08-11,103.33
TXN_29199,CUST_3716,2023-08-02,135.82
TXN_29200,CUST_3716,2023-05-12,132.28
TXN_29201,CUST_3716,2023-08-23,84.95
TXN_29202,CUST_3716,2023-07-24,61.77
TXN_29203,CUST_3717,2023-07-22,106.46
TXN_29204,CUST_3718,2023-06-07,35.12
TXN_29205,CUST_3718,2023-02-20,108.02
TXN_29206,CUST_3718,2023-09-28,214.9
TXN_29207,CUST_3719,2023-08-15,124.94
TXN_29208,CUST_3719,2023-08-30,174.55
TXN_29209,CUST_3720,2023-09-22,189.6
TXN_29210,CUST_3720,2023-09-21,31.69
TXN_29211,CUST_3720,2023-09-24,20.67
TXN_29212,CUST_3720,2023-09-10,127.34
TXN_29213,CUST_3721,2023-11-25,176.79
TXN_29214,CUST_3721,2023-03-21,155.01
TXN_29215,CUST_3722,2023-06-07,177.83
TXN_29216,CUST_3722,2023-04-11,104.6
TXN_29217,CUST_3722,2023-06-23,226.72
TXN_29218,CUST_3722,2023-12-31,145.74
TXN_29219,CUST_3722,2023-12-21,38.33
TXN_29220,CUST_3723,2023-06-25,76.7
TXN_29221,CUST_3723,2023-06-15,118.11
TXN_29222,CUST_3723,2023-05-18,88.45
TXN_29223,CUST_3723,2023-08-17,24.54
TXN_29224,CUST_3723,2023-06-06,209.73
TXN_29225,CUST_3723,2023-05-22,60.12
TXN_29226,CUST_3723,2023-03-03,136.0
TXN_29227,CUST_3723,2023-03-10,16.16
TXN_29228,CUST_3723,2023-01-28,195.43
TXN_29229,CUST_3723,2023-02-02,233.09
TXN_29230,CUST_3723,2023-03-31,193.17
TXN_29231,CUST_3723,2023-02-08,232.73
TXN_29232,CUST_3723,2023-01-27,24.9
TXN_29233,CUST_3724,2023-12-30,129.41
TXN_29234,CUST_3725,2023-04-11,156.65
TXN_29235,CUST_3725,2023-03-05,157.55
TXN_29236,CUST_3725,2023-03-11,219.02
TXN_29237,CUST_3725,2023-12-31,154.48
TXN_29238,CUST_3725,2023-08-16,215.63
TXN_29239,CUST_3725,2023-06-07,60.12
TXN_29240,CUST_3725,2023-01-30,231.08
TXN_29241,CUST_3725,2023-02-16,72.89
TXN_29242,CUST_3725,2023-02-01,138.95
TXN_29243,CUST_3725,2023-05-24,173.9
TXN_29244,CUST_3725,2023-02-15,37.27
TXN_29245,CUST_3725,2023-02-23,133.31
TXN_29246,CUST_3725,2023-05-02,78.59
TXN_29247,CUST_3725,2023-02-03,212.77
TXN_29248,CUST_3726,2023-10-13,146.63
TXN_29249,CUST_3726,2023-10-19,123.05
TXN_29250,CUST_3726,2023-10-24,112.62
TXN_29251,CUST_3726,2023-10-08,171.07
TXN_29252,CUST_3726,2023-11-16,127.56
TXN_29253,CUST_3726,2023-11-01,140.81
TXN_29254,CUST_3727,2023-10-23,17.32
TXN_29255,CUST_3728,2023-12-22,130.28
TXN_29256,CUST_3728,2023-06-20,227.1
TXN_29257,CUST_3728,2023-09-24,217.56
TXN_29258,CUST_3728,2023-05-15,210.18
TXN_29259,CUST_3728,2023-04-10,129.44
TXN_29260,CUST_3728,2023-04-28,23.41
TXN_29261,CUST_3728,2023-06-29,32.9
TXN_29262,CUST_3728,2023-04-15,34.21
TXN_29263,CUST_3728,2023-12-31,24.22
TXN_29264,CUST_3728,2023-05-02,168.22
TXN_29265,CUST_3728,2023-09-07,157.93
TXN_29266,CUST_3729,2023-08-28,197.28
TXN_29267,CUST_3729,2023-09-30,76.39
TXN_29268,CUST_3729,2023-11-01,39.83
TXN_29269,CUST_3729,2023-07-26,214.59
TXN_29270,CUST_3729,2023-08-04,181.41
TXN_29271,CUST_3729,2023-07-20,37.0
TXN_29272,CUST_3729,2023-09-09,57.87
TXN_29273,CUST_3729,2023-07-21,124.73
TXN_29274,CUST_3729,2023-08-10,203.53
TXN_29275,CUST_3729,2023-10-21,159.39
TXN_29276,CUST_3729,2023-08-07,123.48
TXN_29277,CUST_3729,2023-09-24,31.29
TXN_29278,CUST_3729,2023-08-11,208.26
TXN_29279,CUST_3729,2023-08-17,161.8
TXN_29280,CUST_3730,2023-07-12,38.61
TXN_29281,CUST_3731,2023-12-06,147.6
TXN_29282,CUST_3731,2023-12-06,222.96
TXN_29283,CUST_3731,2023-12-15,75.36
TXN_29284,CUST_3731,2023-12-11,188.72
TXN_29285,CUST_3731,2023-12-26,220.5
TXN_29286,CUST_3731,2023-12-06,34.07
TXN_29287,CUST_3731,2023-12-13,131.68
TXN_29288,CUST_3732,2023-12-31,190.37
TXN_29289,CUST_3733,2023-06-25,168.27
TXN_29290,CUST_3733,2023-06-03,215.22
TXN_29291,CUST_3733,2023-08-28,150.77
TXN_29292,CUST_3733,2023-05-30,176.47
TXN_29293,CUST_3733,2023-05-21,204.03
TXN_29294,CUST_3733,2023-06-16,42.54
TXN_29295,CUST_3733,2023-06-02,241.34
TXN_29296,CUST_3733,2023-09-08,70.9
TXN_29297,CUST_3734,2023-11-01,204.78
TXN_29298,CUST_3734,2023-11-11,248.68
TXN_29299,CUST_3734,2023-10-21,72.41
TXN_29300,CUST_3734,2023-10-25,244.45
TXN_29301,CUST_3734,2023-12-07,46.28
TXN_29302,CUST_3734,2023-10-30,27.36
TXN_29303,CUST_3734,2023-11-13,92.83
TXN_29304,CUST_3734,2023-10-27,137.93
TXN_29305,CUST_3734,2023-11-27,109.92
TXN_29306,CUST_3734,2023-11-22,119.84
TXN_29307,CUST_3734,2023-10-25,119.86
TXN_29308,CUST_3734,2023-11-07,123.47
TXN_29309,CUST_3735,2023-10-29,237.53
TXN_29310,CUST_3736,2023-07-27,95.06
TXN_29311,CUST_3737,2023-11-20,24.54
TXN_29312,CUST_3737,2023-11-07,135.0
TXN_29313,CUST_3737,2023-11-04,51.48
TXN_29314,CUST_3737,2023-10-31,229.21
TXN_29315,CUST_3738,2023-12-25,63.36
TXN_29316,CUST_3739,2023-01-28,108.11
TXN_29317,CUST_3739,2023-07-30,236.83
TXN_29318,CUST_3739,2023-03-05,231.59
TXN_29319,CUST_3739,2023-09-11,110.58
TXN_29320,CUST_3740,2023-08-30,82.39
TXN_29321,CUST_3741,2023-12-25,127.44
TXN_29322,CUST_3741,2023-12-22,82.76
TXN_29323,CUST_3741,2023-12-21,59.73
TXN_29324,CUST_3741,2023-12-21,219.31
TXN_29325,CUST_3741,2023-12-25,66.39
TXN_29326,CUST_3741,2023-12-21,130.65
TXN_29327,CUST_3741,2023-12-22,197.36
TXN_29328,CUST_3741,2023-12-22,218.07
TXN_29329,CUST_3741,2023-12-21,100.98
TXN_29330,CUST_3742,2023-11-05,159.91
TXN_29331,CUST_3742,2023-11-14,198.01
TXN_29332,CUST_3742,2023-11-16,116.23
TXN_29333,CUST_3742,2023-11-01,43.23
TXN_29334,CUST_3742,2023-11-20,221.98
TXN_29335,CUST_3742,2023-11-10,139.74
TXN_29336,CUST_3742,2023-11-17,127.16
TXN_29337,CUST_3742,2023-10-31,153.45
TXN_29338,CUST_3742,2023-11-02,145.61
TXN_29339,CUST_3742,2023-11-29,16.28
TXN_29340,CUST_3742,2023-11-10,190.24
TXN_29341,CUST_3742,2023-11-14,70.3
TXN_29342,CUST_3742,2023-11-23,199.12
TXN_29343,CUST_3742,2023-11-08,84.89
TXN_29344,CUST_3743,2023-08-15,149.63
TXN_29345,CUST_3743,2023-12-31,186.17
TXN_29346,CUST_3743,2023-11-21,71.91
TXN_29347,CUST_3743,2023-08-25,155.48
TXN_29348,CUST_3743,2023-11-30,134.96
TXN_29349,CUST_3743,2023-06-18,105.44
TXN_29350,CUST_3743,2023-06-13,66.69
TXN_29351,CUST_3743,2023-07-11,224.75
TXN_29352,CUST_3743,2023-06-10,82.65
TXN_29353,CUST_3743,2023-10-12,94.73
TXN_29354,CUST_3743,2023-12-31,78.2
TXN_29355,CUST_3743,2023-07-07,37.47
TXN_29356,CUST_3743,2023-12-31,224.18
TXN_29357,CUST_3744,2023-12-31,233.35
TXN_29358,CUST_3744,2023-10-03,175.18
TXN_29359,CUST_3744,2023-12-31,111.29
TXN_29360,CUST_3745,2023-11-16,126.97
TXN_29361,CUST_3746,2023-12-31,215.06
TXN_29362,CUST_3746,2023-09-28,72.62
TXN_29363,CUST_3747,2023-12-28,62.35
TXN_29364,CUST_3748,2023-06-01,108.19
TXN_29365,CUST_3748,2023-04-20,142.81
TXN_29366,CUST_3748,2023-06-29,216.37
TXN_29367,CUST_3749,2023-10-28,44.29
TXN_29368,CUST_3749,2023-09-03,227.26
TXN_29369,CUST_3749,2023-12-24,104.35
TXN_29370,CUST_3749,2023-10-03,111.48
TXN_29371,CUST_3749,2023-08-04,222.88
TXN_29372,CUST_3749,2023-12-14,133.62
TXN_29373,CUST_3749,2023-07-29,206.77
TXN_29374,CUST_3749,2023-08-31,32.63
TXN_29375,CUST_3749,2023-08-08,50.75
TXN_29376,CUST_3749,2023-09-26,85.36
TXN_29377,CUST_3750,2023-12-08,239.78
TXN_29378,CUST_3751,2023-05-03,154.15
TXN_29379,CUST_3752,2023-02-19,94.1
TXN_29380,CUST_3753,2023-11-15,96.93
TXN_29381,CUST_3753,2023-02-08,201.92
TXN_29382,CUST_3754,2023-08-11,144.15
TXN_29383,CUST_3755,2023-11-28,131.54
TXN_29384,CUST_3756,2023-07-21,156.3
TXN_29385,CUST_3757,2023-11-07,63.87
TXN_29386,CUST_3757,2023-11-24,67.45
TXN_29387,CUST_3757,2023-11-25,38.52
TXN_29388,CUST_3757,2023-11-06,217.47
TXN_29389,CUST_3757,2023-12-02,171.52
TXN_29390,CUST_3757,2023-11-06,71.25
TXN_29391,CUST_3757,2023-12-06,49.0
TXN_29392,CUST_3757,2023-12-06,152.29
TXN_29393,CUST_3757,2023-11-30,166.46
TXN_29394,CUST_3757,2023-11-15,83.61
TXN_29395,CUST_3758,2023-07-22,201.38
TXN_29396,CUST_3758,2023-12-02,197.02
TXN_29397,CUST_3758,2023-04-18,69.2
TXN_29398,CUST_3759,2023-11-24,206.98
TXN_29399,CUST_3759,2023-05-07,46.1
TXN_29400,CUST_3759,2023-10-04,140.98
TXN_29401,CUST_3759,2023-04-20,234.54
TXN_29402,CUST_3759,2023-06-12,85.72
TXN_29403,CUST_3759,2023-06-20,208.39
TXN_29404,CUST_3759,2023-04-28,99.35
TXN_29405,CUST_3759,2023-05-21,212.32
TXN_29406,CUST_3759,2023-08-25,109.02
TXN_29407,CUST_3760,2023-12-13,98.13
TXN_29408,CUST_3760,2023-12-20,54.28
TXN_29409,CUST_3761,2023-06-30,202.05
TXN_29410,CUST_3761,2023-07-03,140.1
TXN_29411,CUST_3761,2023-08-21,224.67
TXN_29412,CUST_3761,2023-07-07,220.85
TXN_29413,CUST_3761,2023-12-13,36.03
TXN_29414,CUST_3761,2023-11-07,75.91
TXN_29415,CUST_3761,2023-06-27,240.26
TXN_29416,CUST_3761,2023-07-23,161.4
TXN_29417,CUST_3761,2023-08-12,65.1
TXN_29418,CUST_3761,2023-08-31,25.84
TXN_29419,CUST_3761,2023-07-06,237.0
TXN_29420,CUST_3761,2023-12-31,128.42
TXN_29421,CUST_3761,2023-07-03,114.08
TXN_29422,CUST_3761,2023-11-03,31.51
TXN_29423,CUST_3762,2023-11-29,112.62
TXN_29424,CUST_3763,2023-06-21,222.38
TXN_29425,CUST_3764,2023-09-29,15.63
TXN_29426,CUST_3764,2023-08-05,210.93
TXN_29427,CUST_3764,2023-08-18,34.09
TXN_29428,CUST_3764,2023-08-29,26.97
TXN_29429,CUST_3764,2023-10-11,131.12
TXN_29430,CUST_3764,2023-09-12,191.96
TXN_29431,CUST_3764,2023-10-19,47.02
TXN_29432,CUST_3764,2023-08-20,56.28
TXN_29433,CUST_3764,2023-08-06,141.32
TXN_29434,CUST_3764,2023-08-18,51.19
TXN_29435,CUST_3764,2023-09-08,163.99
TXN_29436,CUST_3765,2023-10-16,77.76
TXN_29437,CUST_3765,2023-12-31,51.88
TXN_29438,CUST_3765,2023-10-10,242.96
TXN_29439,CUST_3765,2023-09-29,204.62
TXN_29440,CUST_3765,2023-09-30,32.69
TXN_29441,CUST_3765,2023-09-22,237.95
TXN_29442,CUST_3765,2023-09-29,83.61
TXN_29443,CUST_3765,2023-12-31,169.49
TXN_29444,CUST_3765,2023-10-13,117.32
TXN_29445,CUST_3765,2023-09-22,212.15
TXN_29446,CUST_3765,2023-11-08,36.31
TXN_29447,CUST_3765,2023-10-05,223.07
TXN_29448,CUST_3766,2023-10-22,129.66
TXN_29449,CUST_3767,2023-10-31,223.43
TXN_29450,CUST_3767,2023-12-18,117.64
TXN_29451,CUST_3767,2023-10-25,167.2
TXN_29452,CUST_3767,2023-12-31,161.27
TXN_29453,CUST_3767,2023-12-31,95.79
TXN_29454,CUST_3767,2023-12-18,41.45
TXN_29455,CUST_3768,2023-10-21,168.48
TXN_29456,CUST_3769,2023-11-10,227.32
TXN_29457,CUST_3770,2023-03-04,152.41
TXN_29458,CUST_3770,2023-02-15,21.7
TXN_29459,CUST_3770,2023-04-28,124.56
TXN_29460,CUST_3770,2023-03-10,125.16
TXN_29461,CUST_3770,2023-06-06,40.62
TXN_29462,CUST_3770,2023-03-02,201.82
TXN_29463,CUST_3771,2023-12-31,25.86
TXN_29464,CUST_3771,2023-11-30,91.37
TXN_29465,CUST_3771,2023-12-31,247.66
TXN_29466,CUST_3771,2023-11-25,77.81
TXN_29467,CUST_3771,2023-12-10,224.07
TXN_29468,CUST_3771,2023-12-06,218.21
TXN_29469,CUST_3771,2023-11-22,165.52
TXN_29470,CUST_3771,2023-12-07,59.72
TXN_29471,CUST_3771,2023-12-11,236.9
TXN_29472,CUST_3771,2023-12-21,72.57
TXN_29473,CUST_3771,2023-11-27,132.41
TXN_29474,CUST_3771,2023-11-24,239.18
TXN_29475,CUST_3771,2023-11-24,193.93
TXN_29476,CUST_3772,2023-07-29,26.09
TXN_29477,CUST_3773,2023-04-04,174.14
TXN_29478,CUST_3774,2023-12-06,95.92
TXN_29479,CUST_3774,2023-11-07,247.78
TXN_29480,CUST_3774,2023-12-18,61.4
TXN_29481,CUST_3775,2023-12-07,202.14
TXN_29482,CUST_3776,2023-12-22,191.59
TXN_29483,CUST_3776,2023-12-24,235.88
TXN_29484,CUST_3776,2023-12-26,215.39
TXN_29485,CUST_3776,2023-12-25,205.66
TXN_29486,CUST_3776,2023-12-23,64.12
TXN_29487,CUST_3776,2023-12-29,187.57
TXN_29488,CUST_3776,2023-12-22,218.72
TXN_29489,CUST_3776,2023-12-23,85.1
TXN_29490,CUST_3776,2023-12-24,148.62
TXN_29491,CUST_3776,2023-12-24,74.9
TXN_29492,CUST_3776,2023-12-31,238.28
TXN_29493,CUST_3776,2023-12-22,94.39
TXN_29494,CUST_3776,2023-12-22,214.81
TXN_29495,CUST_3777,2023-01-28,23.65
TXN_29496,CUST_3777,2023-04-24,153.15
TXN_29497,CUST_3777,2023-03-19,23.48
TXN_29498,CUST_3777,2023-03-20,165.89
TXN_29499,CUST_3777,2023-06-08,130.81
TXN_29500,CUST_3777,2023-04-16,173.08
TXN_29501,CUST_3777,2023-03-30,76.93
TXN_29502,CUST_3777,2023-02-18,191.9
TXN_29503,CUST_3777,2023-04-07,161.66
TXN_29504,CUST_3777,2023-04-04,207.43
TXN_29505,CUST_3777,2023-04-09,247.19
TXN_29506,CUST_3777,2023-02-21,47.55
TXN_29507,CUST_3777,2023-03-15,230.88
TXN_29508,CUST_3778,2023-10-12,83.95
TXN_29509,CUST_3778,2023-09-19,106.66
TXN_29510,CUST_3778,2023-11-06,60.05
TXN_29511,CUST_3778,2023-10-01,128.2
TXN_29512,CUST_3778,2023-12-23,86.33
TXN_29513,CUST_3778,2023-09-09,178.03
TXN_29514,CUST_3778,2023-11-01,180.21
TXN_29515,CUST_3778,2023-10-24,128.56
TXN_29516,CUST_3779,2023-10-18,235.08
TXN_29517,CUST_3780,2023-08-18,77.32
TXN_29518,CUST_3781,2023-01-18,220.83
TXN_29519,CUST_3781,2023-04-30,40.23
TXN_29520,CUST_3781,2023-07-02,192.62
TXN_29521,CUST_3781,2023-02-22,59.28
TXN_29522,CUST_3781,2023-07-29,92.45
TXN_29523,CUST_3781,2023-08-21,25.26
TXN_29524,CUST_3781,2023-04-04,57.2
TXN_29525,CUST_3782,2023-11-18,38.57
TXN_29526,CUST_3782,2023-11-15,224.5
TXN_29527,CUST_3783,2023-06-16,141.18
TXN_29528,CUST_3783,2023-12-31,180.06
TXN_29529,CUST_3783,2023-06-06,221.05
TXN_29530,CUST_3783,2023-05-14,72.09
TXN_29531,CUST_3783,2023-03-05,125.69
TXN_29532,CUST_3783,2023-05-05,209.51
TXN_29533,CUST_3783,2023-03-05,175.09
TXN_29534,CUST_3783,2023-03-28,235.67
TXN_29535,CUST_3784,2023-12-29,64.91
TXN_29536,CUST_3784,2023-06-13,37.94
TXN_29537,CUST_3784,2023-05-10,81.73
TXN_29538,CUST_3784,2023-12-31,171.79
TXN_29539,CUST_3784,2023-05-29,239.32
TXN_29540,CUST_3784,2023-08-16,228.14
TXN_29541,CUST_3784,2023-11-29,191.43
TXN_29542,CUST_3784,2023-05-20,249.2
TXN_29543,CUST_3785,2023-06-18,213.53
TXN_29544,CUST_3786,2023-07-28,103.17
TXN_29545,CUST_3787,2023-02-23,219.91
TXN_29546,CUST_3788,2023-09-26,156.16
TXN_29547,CUST_3789,2023-11-01,75.25
TXN_29548,CUST_3789,2023-12-31,192.82
TXN_29549,CUST_3789,2023-11-12,68.12
TXN_29550,CUST_3789,2023-11-16,69.49
TXN_29551,CUST_3789,2023-11-03,37.03
TXN_29552,CUST_3789,2023-11-07,142.3
TXN_29553,CUST_3789,2023-11-02,62.1
TXN_29554,CUST_3789,2023-11-09,130.04
TXN_29555,CUST_3789,2023-11-28,148.16
TXN_29556,CUST_3789,2023-11-18,178.61
TXN_29557,CUST_3790,2023-05-22,81.89
TXN_29558,CUST_3790,2023-04-21,138.35
TXN_29559,CUST_3790,2023-05-26,207.95
TXN_29560,CUST_3790,2023-04-15,173.98
TXN_29561,CUST_3790,2023-08-28,213.29
TXN_29562,CUST_3790,2023-03-24,97.29
TXN_29563,CUST_3790,2023-05-26,223.16
TXN_29564,CUST_3790,2023-08-03,152.23
TXN_29565,CUST_3790,2023-12-31,118.16
TXN_29566,CUST_3790,2023-09-02,207.33
TXN_29567,CUST_3790,2023-10-28,247.1
TXN_29568,CUST_3790,2023-05-04,60.97
TXN_29569,CUST_3791,2023-04-01,206.64
TXN_29570,CUST_3791,2023-07-01,50.0
TXN_29571,CUST_3791,2023-03-15,142.76
TXN_29572,CUST_3791,2023-04-10,218.8
TXN_29573,CUST_3791,2023-04-12,170.77
TXN_29574,CUST_3791,2023-04-25,97.32
TXN_29575,CUST_3791,2023-04-03,133.14
TXN_29576,CUST_3791,2023-06-06,151.54
TXN_29577,CUST_3791,2023-09-19,168.3
TXN_29578,CUST_3791,2023-07-23,91.01
TXN_29579,CUST_3791,2023-05-06,19.3
TXN_29580,CUST_3791,2023-03-22,105.5
TXN_29581,CUST_3791,2023-04-06,206.05
TXN_29582,CUST_3792,2023-12-31,45.93
TXN_29583,CUST_3792,2023-03-30,106.84
TXN_29584,CUST_3792,2023-03-24,234.6
TXN_29585,CUST_3792,2023-06-30,239.64
TXN_29586,CUST_3793,2023-03-18,156.7
TXN_29587,CUST_3793,2023-05-05,193.31
TXN_29588,CUST_3793,2023-05-15,130.51
TXN_29589,CUST_3793,2023-01-16,178.33
TXN_29590,CUST_3793,2023-01-23,125.17
TXN_29591,CUST_3793,2023-10-06,155.27
TXN_29592,CUST_3793,2023-02-08,204.87
TXN_29593,CUST_3793,2023-02-23,150.66
TXN_29594,CUST_3793,2023-05-11,186.81
TXN_29595,CUST_3793,2023-01-20,215.75
TXN_29596,CUST_3793,2023-01-27,37.22
TXN_29597,CUST_3794,2023-06-17,54.01
TXN_29598,CUST_3794,2023-07-22,209.83
TXN_29599,CUST_3794,2023-06-22,39.56
TXN_29600,CUST_3794,2023-09-30,130.69
TXN_29601,CUST_3794,2023-07-13,123.42
TXN_29602,CUST_3794,2023-07-19,198.75
TXN_29603,CUST_3795,2023-05-31,52.33
TXN_29604,CUST_3796,2023-10-10,115.34
TXN_29605,CUST_3797,2023-10-23,214.99
TXN_29606,CUST_3797,2023-10-15,37.87
TXN_29607,CUST_3798,2023-12-17,68.84
TXN_29608,CUST_3799,2023-12-26,110.14
TXN_29609,CUST_3799,2023-12-23,188.28
TXN_29610,CUST_3799,2023-12-24,99.7
TXN_29611,CUST_3799,2023-12-23,64.27
TXN_29612,CUST_3799,2023-12-28,112.33
TXN_29613,CUST_3799,2023-12-26,149.83
TXN_29614,CUST_3799,2023-12-26,90.41
TXN_29615,CUST_3799,2023-12-26,200.64
TXN_29616,CUST_3799,2023-12-22,36.49
TXN_29617,CUST_3799,2023-12-31,42.72
TXN_29618,CUST_3800,2023-12-09,118.11
TXN_29619,CUST_3800,2023-06-19,225.25
TXN_29620,CUST_3800,2023-08-12,106.24
TXN_29621,CUST_3800,2023-05-22,184.55
TXN_29622,CUST_3800,2023-06-19,31.58
TXN_29623,CUST_3800,2023-07-28,90.91
TXN_29624,CUST_3800,2023-06-18,127.6
TXN_29625,CUST_3800,2023-08-21,79.94
TXN_29626,CUST_3800,2023-05-24,114.74
TXN_29627,CUST_3800,2023-05-22,178.86
TXN_29628,CUST_3800,2023-12-31,169.81
TXN_29629,CUST_3800,2023-06-11,57.7
TXN_29630,CUST_3800,2023-06-07,67.08
TXN_29631,CUST_3801,2023-06-18,225.49
TXN_29632,CUST_3802,2023-04-26,203.94
TXN_29633,CUST_3802,2023-04-26,40.01
TXN_29634,CUST_3802,2023-05-24,116.4
TXN_29635,CUST_3802,2023-05-27,53.83
TXN_29636,CUST_3802,2023-05-01,216.96
TXN_29637,CUST_3803,2023-05-03,129.44
TXN_29638,CUST_3804,2023-05-03,73.4
TXN_29639,CUST_3805,2023-10-05,110.6
TXN_29640,CUST_3805,2023-12-31,203.9
TXN_29641,CUST_3805,2023-09-29,143.17
TXN_29642,CUST_3805,2023-12-20,23.06
TXN_29643,CUST_3805,2023-09-26,183.43
TXN_29644,CUST_3805,2023-10-22,25.81
TXN_29645,CUST_3805,2023-12-31,151.32
TXN_29646,CUST_3805,2023-10-16,120.21
TXN_29647,CUST_3805,2023-11-03,122.71
TXN_29648,CUST_3806,2023-08-24,77.95
TXN_29649,CUST_3806,2023-07-02,15.34
TXN_29650,CUST_3806,2023-07-05,99.57
TXN_29651,CUST_3806,2023-07-13,77.29
TXN_29652,CUST_3806,2023-09-12,240.4
TXN_29653,CUST_3806,2023-07-15,124.43
TXN_29654,CUST_3806,2023-12-31,233.94
TXN_29655,CUST_3806,2023-07-27,90.13
TXN_29656,CUST_3807,2023-02-12,123.11
TXN_29657,CUST_3808,2023-06-30,70.66
TXN_29658,CUST_3809,2023-06-26,201.97
TXN_29659,CUST_3809,2023-06-21,166.17
TXN_29660,CUST_3809,2023-07-16,185.1
TXN_29661,CUST_3809,2023-06-28,92.56
TXN_29662,CUST_3809,2023-06-21,70.25
TXN_29663,CUST_3809,2023-08-01,56.74
TXN_29664,CUST_3809,2023-08-18,42.76
TXN_29665,CUST_3809,2023-09-16,231.59
TXN_29666,CUST_3809,2023-07-21,139.13
TXN_29667,CUST_3809,2023-08-02,199.57
TXN_29668,CUST_3809,2023-12-31,187.89
TXN_29669,CUST_3809,2023-07-05,178.58
TXN_29670,CUST_3809,2023-08-20,64.38
TXN_29671,CUST_3810,2023-10-03,204.84
TXN_29672,CUST_3811,2023-09-23,239.45
TXN_29673,CUST_3811,2023-08-04,26.54
TXN_29674,CUST_3811,2023-09-19,141.48
TXN_29675,CUST_3811,2023-09-20,167.26
TXN_29676,CUST_3811,2023-11-23,48.0
TXN_29677,CUST_3811,2023-07-17,95.27
TXN_29678,CUST_3811,2023-08-15,232.54
TXN_29679,CUST_3811,2023-11-24,219.89
TXN_29680,CUST_3811,2023-07-21,186.47
TXN_29681,CUST_3812,2023-12-28,65.42
TXN_29682,CUST_3813,2023-11-09,183.47
TXN_29683,CUST_3814,2023-12-02,85.68
TXN_29684,CUST_3814,2023-12-05,160.44
TXN_29685,CUST_3814,2023-11-26,37.72
TXN_29686,CUST_3814,2023-12-01,216.93
TXN_29687,CUST_3814,2023-11-19,34.91
TXN_29688,CUST_3814,2023-11-17,22.48
TXN_29689,CUST_3814,2023-12-14,185.99
TXN_29690,CUST_3814,2023-11-20,230.52
TXN_29691,CUST_3814,2023-11-19,102.93
TXN_29692,CUST_3815,2023-12-09,229.45
TXN_29693,CUST_3815,2023-12-14,99.48
TXN_29694,CUST_3815,2023-12-09,133.19
TXN_29695,CUST_3815,2023-12-06,232.76
TXN_29696,CUST_3815,2023-12-08,178.93
TXN_29697,CUST_3815,2023-12-18,209.44
TXN_29698,CUST_3816,2023-07-01,34.66
TXN_29699,CUST_3817,2023-08-21,109.37
TXN_29700,CUST_3817,2023-06-24,175.17
TXN_29701,CUST_3817,2023-06-20,69.27
TXN_29702,CUST_3818,2023-10-12,149.53
TXN_29703,CUST_3818,2023-12-29,107.52
TXN_29704,CUST_3818,2023-10-12,53.17
TXN_29705,CUST_3818,2023-12-24,203.18
TXN_29706,CUST_3818,2023-10-06,93.18
TXN_29707,CUST_3818,2023-12-14,141.26
TXN_29708,CUST_3819,2023-09-22,235.73
TXN_29709,CUST_3819,2023-10-04,234.62
TXN_29710,CUST_3819,2023-10-10,25.91
TXN_29711,CUST_3819,2023-07-01,222.95
TXN_29712,CUST_3819,2023-06-25,201.63
TXN_29713,CUST_3819,2023-10-22,112.63
TXN_29714,CUST_3819,2023-07-21,60.68
TXN_29715,CUST_3819,2023-06-27,190.16
TXN_29716,CUST_3819,2023-06-28,237.0
TXN_29717,CUST_3819,2023-07-16,201.65
TXN_29718,CUST_3820,2023-06-19,97.04
TXN_29719,CUST_3821,2023-07-08,236.64
TXN_29720,CUST_3822,2023-07-23,180.35
TXN_29721,CUST_3823,2023-10-16,50.78
TXN_29722,CUST_3823,2023-10-13,241.94
TXN_29723,CUST_3823,2023-12-13,128.56
TXN_29724,CUST_3823,2023-10-31,212.08
TXN_29725,CUST_3823,2023-11-07,187.17
TXN_29726,CUST_3823,2023-11-21,128.51
TXN_29727,CUST_3823,2023-12-31,162.67
TXN_29728,CUST_3823,2023-11-06,48.15
TXN_29729,CUST_3823,2023-12-31,31.63
TXN_29730,CUST_3823,2023-12-31,228.98
TXN_29731,CUST_3823,2023-12-02,173.3
TXN_29732,CUST_3823,2023-11-04,249.21
TXN_29733,CUST_3824,2023-06-30,240.39
TXN_29734,CUST_3824,2023-07-11,73.43
TXN_29735,CUST_3824,2023-11-21,16.29
TXN_29736,CUST_3824,2023-12-31,23.45
TXN_29737,CUST_3824,2023-07-07,71.43
TXN_29738,CUST_3824,2023-08-04,136.84
TXN_29739,CUST_3824,2023-07-06,32.31
TXN_29740,CUST_3824,2023-07-01,75.34
TXN_29741,CUST_3824,2023-12-03,106.61
TXN_29742,CUST_3824,2023-09-26,59.69
TXN_29743,CUST_3825,2023-08-10,208.19
TXN_29744,CUST_3826,2023-11-25,43.5
TXN_29745,CUST_3826,2023-09-03,62.56
TXN_29746,CUST_3826,2023-08-09,44.8
TXN_29747,CUST_3826,2023-09-12,109.32
TXN_29748,CUST_3826,2023-08-24,138.03
TXN_29749,CUST_3826,2023-09-14,225.46
TXN_29750,CUST_3826,2023-07-25,154.86
TXN_29751,CUST_3826,2023-08-25,89.06
TXN_29752,CUST_3826,2023-08-16,24.51
TXN_29753,CUST_3826,2023-08-08,78.57
TXN_29754,CUST_3826,2023-11-01,99.08
TXN_29755,CUST_3827,2023-08-10,205.58
TXN_29756,CUST_3828,2023-11-07,91.64
TXN_29757,CUST_3829,2023-08-23,188.33
TXN_29758,CUST_3829,2023-09-10,107.35
TXN_29759,CUST_3829,2023-09-27,246.91
TXN_29760,CUST_3829,2023-08-29,85.47
TXN_29761,CUST_3829,2023-10-06,179.73
TXN_29762,CUST_3829,2023-10-13,154.92
TXN_29763,CUST_3829,2023-09-29,49.81
TXN_29764,CUST_3829,2023-11-08,17.09
TXN_29765,CUST_3829,2023-09-13,65.62
TXN_29766,CUST_3829,2023-08-25,90.08
TXN_29767,CUST_3829,2023-10-07,131.81
TXN_29768,CUST_3829,2023-11-19,155.93
TXN_29769,CUST_3829,2023-09-02,136.08
TXN_29770,CUST_3830,2023-06-24,239.43
TXN_29771,CUST_3831,2023-10-20,90.71
TXN_29772,CUST_3831,2023-09-10,200.37
TXN_29773,CUST_3831,2023-09-24,59.52
TXN_29774,CUST_3831,2023-12-31,79.57
TXN_29775,CUST_3831,2023-09-06,53.14
TXN_29776,CUST_3831,2023-11-28,115.54
TXN_29777,CUST_3831,2023-08-07,214.8
TXN_29778,CUST_3831,2023-06-08,106.41
TXN_29779,CUST_3831,2023-06-11,81.47
TXN_29780,CUST_3831,2023-07-07,143.49
TXN_29781,CUST_3832,2023-10-03,113.7
TXN_29782,CUST_3833,2023-11-03,93.42
TXN_29783,CUST_3833,2023-08-25,200.05
TXN_29784,CUST_3833,2023-06-25,98.76
TXN_29785,CUST_3833,2023-07-22,151.93
TXN_29786,CUST_3833,2023-06-26,248.21
TXN_29787,CUST_3833,2023-09-04,79.43
TXN_29788,CUST_3833,2023-08-13,117.31
TXN_29789,CUST_3834,2023-02-16,129.13
TXN_29790,CUST_3834,2023-08-18,191.42
TXN_29791,CUST_3834,2023-09-25,205.58
TXN_29792,CUST_3834,2023-02-27,62.08
TXN_29793,CUST_3834,2023-04-10,59.92
TXN_29794,CUST_3834,2023-02-24,77.93
TXN_29795,CUST_3834,2023-02-04,149.27
TXN_29796,CUST_3834,2023-03-29,70.79
TXN_29797,CUST_3834,2023-02-17,122.12
TXN_29798,CUST_3834,2023-05-14,243.72
TXN_29799,CUST_3834,2023-03-06,21.19
TXN_29800,CUST_3834,2023-06-29,70.26
TXN_29801,CUST_3834,2023-04-16,204.93
TXN_29802,CUST_3834,2023-02-06,48.26
TXN_29803,CUST_3835,2023-03-23,55.66
TXN_29804,CUST_3836,2023-06-19,24.95
TXN_29805,CUST_3837,2023-10-04,137.26
TXN_29806,CUST_3838,2023-11-10,191.64
TXN_29807,CUST_3838,2023-11-15,186.51
TXN_29808,CUST_3838,2023-12-03,70.82
TXN_29809,CUST_3839,2023-06-12,175.73
TXN_29810,CUST_3839,2023-06-23,98.23
TXN_29811,CUST_3839,2023-07-20,140.99
TXN_29812,CUST_3839,2023-05-27,94.02
TXN_29813,CUST_3839,2023-05-08,60.49
TXN_29814,CUST_3839,2023-06-07,243.45
TXN_29815,CUST_3839,2023-07-04,179.69
TXN_29816,CUST_3839,2023-08-03,245.51
TXN_29817,CUST_3840,2023-07-13,99.06
TXN_29818,CUST_3840,2023-03-13,100.64
TXN_29819,CUST_3840,2023-02-01,95.11
TXN_29820,CUST_3840,2023-07-22,130.4
TXN_29821,CUST_3840,2023-03-25,51.74
TXN_29822,CUST_3840,2023-02-04,25.09
TXN_29823,CUST_3840,2023-01-13,129.68
TXN_29824,CUST_3840,2023-03-14,79.71
TXN_29825,CUST_3840,2023-12-31,108.53
TXN_29826,CUST_3840,2023-07-13,64.48
TXN_29827,CUST_3840,2023-02-14,148.57
TXN_29828,CUST_3840,2023-01-12,19.09
TXN_29829,CUST_3840,2023-01-30,67.43
TXN_29830,CUST_3841,2023-01-27,177.65
TXN_29831,CUST_3841,2023-09-02,238.34
TXN_29832,CUST_3841,2023-01-22,29.55
TXN_29833,CUST_3841,2023-11-22,200.55
TXN_29834,CUST_3841,2023-07-08,189.52
TXN_29835,CUST_3841,2023-06-11,159.11
TXN_29836,CUST_3842,2023-12-31,25.1
TXN_29837,CUST_3842,2023-08-27,143.86
TXN_29838,CUST_3842,2023-08-28,137.32
TXN_29839,CUST_3842,2023-12-31,221.07
TXN_29840,CUST_3842,2023-08-15,144.6
TXN_29841,CUST_3842,2023-07-27,111.25
TXN_29842,CUST_3843,2023-06-25,66.96
TXN_29843,CUST_3844,2023-06-25,31.4
TXN_29844,CUST_3844,2023-06-10,238.34
TXN_29845,CUST_3844,2023-08-24,192.57
TXN_29846,CUST_3844,2023-05-26,150.99
TXN_29847,CUST_3844,2023-06-21,187.53
TXN_29848,CUST_3844,2023-05-28,81.25
TXN_29849,CUST_3844,2023-11-06,54.9
TXN_29850,CUST_3844,2023-07-30,89.06
TXN_29851,CUST_3844,2023-05-21,67.57
TXN_29852,CUST_3844,2023-10-18,228.98
TXN_29853,CUST_3844,2023-06-25,160.91
TXN_29854,CUST_3844,2023-07-10,80.73
TXN_29855,CUST_3845,2023-09-19,178.41
TXN_29856,CUST_3846,2023-07-31,240.83
TXN_29857,CUST_3847,2023-11-06,230.32
TXN_29858,CUST_3848,2023-09-15,161.63
TXN_29859,CUST_3849,2023-11-27,132.97
TXN_29860,CUST_3850,2023-11-29,127.98
TXN_29861,CUST_3851,2023-08-21,211.41
TXN_29862,CUST_3852,2023-08-13,216.64
TXN_29863,CUST_3852,2023-08-18,213.2
TXN_29864,CUST_3852,2023-08-22,234.46
TXN_29865,CUST_3852,2023-08-17,31.37
TXN_29866,CUST_3852,2023-12-19,53.92
TXN_29867,CUST_3852,2023-12-25,208.63
TXN_29868,CUST_3853,2023-04-17,32.25
TXN_29869,CUST_3854,2023-08-23,155.91
TXN_29870,CUST_3855,2023-03-26,169.53
TXN_29871,CUST_3855,2023-09-29,187.21
TXN_29872,CUST_3855,2023-03-14,238.58
TXN_29873,CUST_3856,2023-05-29,47.72
TXN_29874,CUST_3857,2023-09-01,76.75
TXN_29875,CUST_3857,2023-05-30,121.26
TXN_29876,CUST_3857,2023-05-26,88.05
TXN_29877,CUST_3858,2023-07-25,124.26
TXN_29878,CUST_3858,2023-08-19,18.81
TXN_29879,CUST_3858,2023-07-15,80.25
TXN_29880,CUST_3858,2023-09-28,101.01
TXN_29881,CUST_3858,2023-07-27,41.55
TXN_29882,CUST_3858,2023-08-01,128.14
TXN_29883,CUST_3858,2023-07-19,18.51
TXN_29884,CUST_3858,2023-07-21,188.43
TXN_29885,CUST_3858,2023-08-18,119.61
TXN_29886,CUST_3858,2023-07-15,182.07
TXN_29887,CUST_3858,2023-07-26,36.35
TXN_29888,CUST_3858,2023-10-26,129.12
TXN_29889,CUST_3858,2023-09-30,208.14
TXN_29890,CUST_3859,2023-08-05,171.29
TXN_29891,CUST_3859,2023-10-21,218.44
TXN_29892,CUST_3859,2023-06-21,161.49
TXN_29893,CUST_3859,2023-09-01,49.28
TXN_29894,CUST_3859,2023-10-12,57.41
TXN_29895,CUST_3859,2023-09-25,52.94
TXN_29896,CUST_3859,2023-09-07,49.81
TXN_29897,CUST_3859,2023-07-09,48.73
TXN_29898,CUST_3860,2023-12-31,40.3
TXN_29899,CUST_3861,2023-12-31,59.83
TXN_29900,CUST_3861,2023-11-09,75.37
TXN_29901,CUST_3861,2023-08-27,42.66
TXN_29902,CUST_3861,2023-11-14,185.39
TXN_29903,CUST_3861,2023-09-02,97.11
TXN_29904,CUST_3862,2023-08-19,26.13
TXN_29905,CUST_3862,2023-10-26,20.81
TXN_29906,CUST_3862,2023-10-01,110.66
TXN_29907,CUST_3862,2023-07-24,83.14
TXN_29908,CUST_3862,2023-08-15,241.71
TXN_29909,CUST_3862,2023-09-19,142.74
TXN_29910,CUST_3862,2023-07-31,106.91
TXN_29911,CUST_3862,2023-07-25,194.0
TXN_29912,CUST_3862,2023-08-02,154.69
TXN_29913,CUST_3862,2023-09-26,101.13
TXN_29914,CUST_3862,2023-09-15,194.59
TXN_29915,CUST_3862,2023-08-03,156.2
TXN_29916,CUST_3862,2023-10-02,98.91
TXN_29917,CUST_3862,2023-08-02,82.24
TXN_29918,CUST_3863,2023-05-02,60.42
TXN_29919,CUST_3863,2023-10-27,165.25
TXN_29920,CUST_3863,2023-12-31,85.56
TXN_29921,CUST_3863,2023-04-10,85.02
TXN_29922,CUST_3863,2023-08-26,50.61
TXN_29923,CUST_3863,2023-04-15,179.88
TXN_29924,CUST_3863,2023-07-25,240.33
TXN_29925,CUST_3864,2023-05-27,191.48
TXN_29926,CUST_3864,2023-05-19,45.7
TXN_29927,CUST_3864,2023-11-30,176.87
TXN_29928,CUST_3864,2023-06-24,37.32
TXN_29929,CUST_3864,2023-10-04,40.44
TXN_29930,CUST_3864,2023-07-18,171.9
TXN_29931,CUST_3864,2023-06-14,229.14
TXN_29932,CUST_3864,2023-05-08,207.26
TXN_29933,CUST_3864,2023-07-07,158.63
TXN_29934,CUST_3865,2023-10-23,51.08
TXN_29935,CUST_3865,2023-10-26,193.85
TXN_29936,CUST_3865,2023-12-31,234.89
TXN_29937,CUST_3865,2023-08-17,124.26
TXN_29938,CUST_3865,2023-12-02,165.58
TXN_29939,CUST_3865,2023-09-05,40.6
TXN_29940,CUST_3865,2023-08-27,171.33
TXN_29941,CUST_3865,2023-10-18,120.08
TXN_29942,CUST_3865,2023-08-08,163.8
TXN_29943,CUST_3865,2023-12-08,131.66
TXN_29944,CUST_3865,2023-12-13,98.21
TXN_29945,CUST_3866,2023-01-08,192.69
TXN_29946,CUST_3866,2023-12-31,154.45
TXN_29947,CUST_3867,2023-07-13,148.94
TXN_29948,CUST_3867,2023-08-20,114.08
TXN_29949,CUST_3867,2023-05-19,190.3
TXN_29950,CUST_3867,2023-07-04,197.85
TXN_29951,CUST_3867,2023-10-16,76.9
TXN_29952,CUST_3867,2023-05-04,138.83
TXN_29953,CUST_3867,2023-11-30,211.15
TXN_29954,CUST_3867,2023-05-27,149.68
TXN_29955,CUST_3868,2023-06-14,167.19
TXN_29956,CUST_3868,2023-05-02,67.22
TXN_29957,CUST_3868,2023-05-02,105.35
TXN_29958,CUST_3869,2023-11-28,182.86
TXN_29959,CUST_3870,2023-05-31,103.74
TXN_29960,CUST_3870,2023-12-31,240.62
TXN_29961,CUST_3870,2023-09-15,72.68
TXN_29962,CUST_3870,2023-09-01,18.61
TXN_29963,CUST_3870,2023-05-17,211.4
TXN_29964,CUST_3870,2023-07-16,102.73
TXN_29965,CUST_3870,2023-08-25,41.88
TXN_29966,CUST_3870,2023-06-08,185.99
TXN_29967,CUST_3870,2023-05-30,156.15
TXN_29968,CUST_3870,2023-06-27,62.56
TXN_29969,CUST_3870,2023-10-29,117.35
TXN_29970,CUST_3870,2023-07-22,74.46
TXN_29971,CUST_3871,2023-11-08,128.56
TXN_29972,CUST_3872,2023-05-11,224.14
TXN_29973,CUST_3873,2023-11-30,62.3
TXN_29974,CUST_3873,2023-11-30,118.6
TXN_29975,CUST_3873,2023-12-15,209.81
TXN_29976,CUST_3873,2023-11-29,144.92
TXN_29977,CUST_3873,2023-12-03,149.17
TXN_29978,CUST_3873,2023-12-08,80.71
TXN_29979,CUST_3873,2023-12-25,234.83
TXN_29980,CUST_3873,2023-11-28,180.21
TXN_29981,CUST_3873,2023-11-27,25.94
TXN_29982,CUST_3873,2023-12-31,178.29
TXN_29983,CUST_3873,2023-12-01,172.42
TXN_29984,CUST_3873,2023-12-18,219.66
TXN_29985,CUST_3874,2023-09-26,215.5
TXN_29986,CUST_3875,2023-11-03,127.03
TXN_29987,CUST_3875,2023-10-19,104.14
TXN_29988,CUST_3875,2023-10-26,167.36
TXN_29989,CUST_3875,2023-11-07,29.03
TXN_29990,CUST_3875,2023-12-02,235.32
TXN_29991,CUST_3875,2023-11-22,56.92
TXN_29992,CUST_3876,2023-06-22,118.6
TXN_29993,CUST_3877,2023-10-19,246.66
TXN_29994,CUST_3877,2023-11-19,191.4
TXN_29995,CUST_3877,2023-10-14,165.81
TXN_29996,CUST_3877,2023-10-25,161.6
TXN_29997,CUST_3877,2023-10-21,139.78
TXN_29998,CUST_3877,2023-12-31,92.39
TXN_29999,CUST_3877,2023-10-12,120.4
TXN_30000,CUST_3877,2023-10-26,35.12
TXN_30001,CUST_3877,2023-11-21,114.18
TXN_30002,CUST_3877,2023-10-20,169.83
TXN_30003,CUST_3877,2023-11-17,246.7
TXN_30004,CUST_3877,2023-10-10,96.21
TXN_30005,CUST_3877,2023-10-10,222.0
TXN_30006,CUST_3877,2023-10-28,215.32
TXN_30007,CUST_3878,2023-10-03,186.75
TXN_30008,CUST_3878,2023-10-12,75.47
TXN_30009,CUST_3878,2023-09-19,170.89
TXN_30010,CUST_3878,2023-12-16,132.42
TXN_30011,CUST_3878,2023-09-05,105.83
TXN_30012,CUST_3878,2023-09-24,244.44
TXN_30013,CUST_3879,2023-12-31,226.39
TXN_30014,CUST_3879,2023-04-24,201.44
TXN_30015,CUST_3879,2023-03-10,152.64
TXN_30016,CUST_3879,2023-03-17,94.2
TXN_30017,CUST_3879,2023-06-16,84.72
TXN_30018,CUST_3879,2023-03-13,101.29
TXN_30019,CUST_3879,2023-09-11,55.05
TXN_30020,CUST_3879,2023-03-13,223.65
TXN_30021,CUST_3879,2023-01-18,237.75
TXN_30022,CUST_3879,2023-10-09,113.19
TXN_30023,CUST_3879,2023-05-19,247.9
TXN_30024,CUST_3879,2023-04-20,37.77
TXN_30025,CUST_3880,2023-11-04,37.14
TXN_30026,CUST_3880,2023-03-06,41.9
TXN_30027,CUST_3880,2023-07-31,26.38
TXN_30028,CUST_3880,2023-04-10,114.84
TXN_30029,CUST_3880,2023-05-11,15.75
TXN_30030,CUST_3880,2023-05-07,60.81
TXN_30031,CUST_3880,2023-03-10,140.32
TXN_30032,CUST_3880,2023-07-17,234.67
TXN_30033,CUST_3880,2023-11-03,108.76
TXN_30034,CUST_3880,2023-07-02,178.47
TXN_30035,CUST_3880,2023-04-23,38.08
TXN_30036,CUST_3881,2023-12-31,145.43
TXN_30037,CUST_3882,2023-10-01,176.29
TXN_30038,CUST_3883,2023-12-28,89.51
TXN_30039,CUST_3883,2023-12-28,168.38
TXN_30040,CUST_3883,2023-12-28,132.57
TXN_30041,CUST_3883,2023-12-28,135.3
TXN_30042,CUST_3884,2023-03-25,63.02
TXN_30043,CUST_3885,2023-02-23,132.48
TXN_30044,CUST_3885,2023-11-14,52.89
TXN_30045,CUST_3885,2023-01-25,77.33
TXN_30046,CUST_3885,2023-11-10,35.59
TXN_30047,CUST_3885,2023-02-10,90.28
TXN_30048,CUST_3886,2023-12-17,18.73
TXN_30049,CUST_3886,2023-10-29,184.7
TXN_30050,CUST_3886,2023-11-06,246.83
TXN_30051,CUST_3886,2023-11-02,58.1
TXN_30052,CUST_3886,2023-11-15,80.66
TXN_30053,CUST_3886,2023-11-05,231.44
TXN_30054,CUST_3886,2023-10-28,139.85
TXN_30055,CUST_3887,2023-12-08,73.24
TXN_30056,CUST_3888,2023-09-25,247.11
TXN_30057,CUST_3889,2023-12-07,233.55
TXN_30058,CUST_3889,2023-09-24,136.73
TXN_30059,CUST_3889,2023-07-07,181.37
TXN_30060,CUST_3889,2023-10-11,215.23
TXN_30061,CUST_3889,2023-08-22,159.96
TXN_30062,CUST_3889,2023-09-13,220.37
TXN_30063,CUST_3889,2023-07-02,147.36
TXN_30064,CUST_3889,2023-07-28,210.79
TXN_30065,CUST_3889,2023-07-08,228.78
TXN_30066,CUST_3889,2023-07-08,35.99
TXN_30067,CUST_3889,2023-07-26,248.76
TXN_30068,CUST_3889,2023-08-30,21.21
TXN_30069,CUST_3890,2023-12-26,15.24
TXN_30070,CUST_3891,2023-07-10,192.19
TXN_30071,CUST_3891,2023-05-17,45.25
TXN_30072,CUST_3891,2023-04-09,70.05
TXN_30073,CUST_3891,2023-05-20,76.4
TXN_30074,CUST_3891,2023-05-26,82.73
TXN_30075,CUST_3891,2023-03-09,100.37
TXN_30076,CUST_3892,2023-12-17,75.7
TXN_30077,CUST_3892,2023-12-31,76.53
TXN_30078,CUST_3892,2023-12-24,134.7
TXN_30079,CUST_3892,2023-12-17,166.2
TXN_30080,CUST_3892,2023-12-31,223.4
TXN_30081,CUST_3892,2023-12-22,135.35
TXN_30082,CUST_3892,2023-12-18,98.89
TXN_30083,CUST_3892,2023-12-18,231.69
TXN_30084,CUST_3892,2023-12-18,103.84
TXN_30085,CUST_3893,2023-11-29,82.38
TXN_30086,CUST_3893,2023-12-14,103.42
TXN_30087,CUST_3893,2023-12-23,126.13
TXN_30088,CUST_3894,2023-06-13,73.26
TXN_30089,CUST_3894,2023-03-01,203.75
TXN_30090,CUST_3894,2023-05-08,56.48
TXN_30091,CUST_3894,2023-03-22,195.11
TXN_30092,CUST_3894,2023-06-09,237.11
TXN_30093,CUST_3894,2023-04-24,27.26
TXN_30094,CUST_3894,2023-06-24,74.9
TXN_30095,CUST_3894,2023-03-31,61.21
TXN_30096,CUST_3894,2023-03-28,209.93
TXN_30097,CUST_3894,2023-05-19,40.65
TXN_30098,CUST_3894,2023-05-22,163.89
TXN_30099,CUST_3894,2023-10-03,217.02
TXN_30100,CUST_3895,2023-10-29,26.96
TXN_30101,CUST_3896,2023-03-05,57.7
TXN_30102,CUST_3897,2023-06-26,146.49
TXN_30103,CUST_3897,2023-11-04,82.81
TXN_30104,CUST_3897,2023-04-25,34.45
TXN_30105,CUST_3897,2023-10-15,102.37
TXN_30106,CUST_3897,2023-06-11,203.72
TXN_30107,CUST_3897,2023-05-22,218.97
TXN_30108,CUST_3897,2023-05-16,187.11
TXN_30109,CUST_3897,2023-07-17,62.32
TXN_30110,CUST_3897,2023-04-23,41.22
TXN_30111,CUST_3897,2023-07-13,18.04
TXN_30112,CUST_3898,2023-10-17,224.38
TXN_30113,CUST_3898,2023-09-14,240.12
TXN_30114,CUST_3898,2023-10-07,147.47
TXN_30115,CUST_3899,2023-11-24,169.97
TXN_30116,CUST_3899,2023-08-03,179.52
TXN_30117,CUST_3899,2023-08-12,40.58
TXN_30118,CUST_3899,2023-10-08,219.83
TXN_30119,CUST_3899,2023-08-06,171.45
TXN_30120,CUST_3899,2023-07-08,61.35
TXN_30121,CUST_3899,2023-08-25,79.41
TXN_30122,CUST_3899,2023-12-24,211.71
TXN_30123,CUST_3899,2023-09-07,249.73
TXN_30124,CUST_3900,2023-11-11,86.57
TXN_30125,CUST_3901,2023-05-13,213.07
TXN_30126,CUST_3901,2023-02-17,62.82
TXN_30127,CUST_3901,2023-05-05,144.78
TXN_30128,CUST_3901,2023-02-25,110.75
TXN_30129,CUST_3902,2023-07-01,179.33
TXN_30130,CUST_3902,2023-08-09,208.23
TXN_30131,CUST_3902,2023-08-05,87.06
TXN_30132,CUST_3902,2023-12-31,223.23
TXN_30133,CUST_3903,2023-11-25,184.23
TXN_30134,CUST_3904,2023-10-21,115.93
TXN_30135,CUST_3904,2023-08-30,109.1
TXN_30136,CUST_3904,2023-09-05,108.67
TXN_30137,CUST_3904,2023-09-14,62.6
TXN_30138,CUST_3904,2023-09-04,186.21
TXN_30139,CUST_3904,2023-10-26,77.27
TXN_30140,CUST_3904,2023-09-27,124.06
TXN_30141,CUST_3904,2023-09-16,80.24
TXN_30142,CUST_3904,2023-09-07,220.13
TXN_30143,CUST_3904,2023-11-11,113.04
TXN_30144,CUST_3904,2023-10-21,132.11
TXN_30145,CUST_3905,2023-11-25,66.53
TXN_30146,CUST_3906,2023-10-06,212.8
TXN_30147,CUST_3906,2023-10-02,45.47
TXN_30148,CUST_3906,2023-09-13,172.04
TXN_30149,CUST_3906,2023-10-11,136.94
TXN_30150,CUST_3906,2023-09-09,78.59
TXN_30151,CUST_3906,2023-09-25,107.71
TXN_30152,CUST_3907,2023-08-05,133.44
TXN_30153,CUST_3908,2023-05-14,210.27
TXN_30154,CUST_3908,2023-08-02,218.81
TXN_30155,CUST_3908,2023-07-02,222.58
TXN_30156,CUST_3908,2023-04-02,174.7
TXN_30157,CUST_3908,2023-04-02,190.99
TXN_30158,CUST_3908,2023-06-25,18.76
TXN_30159,CUST_3909,2023-11-19,62.94
TXN_30160,CUST_3909,2023-11-20,166.89
TXN_30161,CUST_3909,2023-11-04,30.85
TXN_30162,CUST_3909,2023-11-05,215.29
TXN_30163,CUST_3909,2023-12-23,117.86
TXN_30164,CUST_3909,2023-12-13,126.91
TXN_30165,CUST_3909,2023-11-13,139.84
TXN_30166,CUST_3909,2023-12-03,67.58
TXN_30167,CUST_3909,2023-11-10,214.49
TXN_30168,CUST_3909,2023-12-21,43.91
TXN_30169,CUST_3909,2023-11-27,17.26
TXN_30170,CUST_3910,2023-12-27,136.12
TXN_30171,CUST_3911,2023-09-10,15.08
TXN_30172,CUST_3912,2023-03-31,25.97
TXN_30173,CUST_3913,2023-12-16,218.6
TXN_30174,CUST_3913,2023-06-19,17.74
TXN_30175,CUST_3913,2023-07-12,218.35
TXN_30176,CUST_3913,2023-06-27,177.48
TXN_30177,CUST_3913,2023-07-23,190.33
TXN_30178,CUST_3914,2023-08-26,71.99
TXN_30179,CUST_3915,2023-06-04,167.43
TXN_30180,CUST_3915,2023-02-05,188.16
TXN_30181,CUST_3915,2023-02-03,122.26
TXN_30182,CUST_3915,2023-04-25,219.61
TXN_30183,CUST_3915,2023-05-11,239.39
TXN_30184,CUST_3915,2023-12-31,134.57
TXN_30185,CUST_3915,2023-01-21,21.65
TXN_30186,CUST_3915,2023-08-28,132.46
TXN_30187,CUST_3916,2023-08-27,81.22
TXN_30188,CUST_3917,2023-04-07,166.53
TXN_30189,CUST_3918,2023-12-27,172.02
TXN_30190,CUST_3919,2023-11-05,123.09
TXN_30191,CUST_3919,2023-10-28,58.26
TXN_30192,CUST_3919,2023-10-20,195.08
TXN_30193,CUST_3920,2023-04-08,156.03
TXN_30194,CUST_3920,2023-07-08,166.72
TXN_30195,CUST_3920,2023-02-15,199.69
TXN_30196,CUST_3920,2023-03-03,120.67
TXN_30197,CUST_3920,2023-03-22,233.06
TXN_30198,CUST_3920,2023-04-30,137.71
TXN_30199,CUST_3920,2023-02-23,225.88
TXN_30200,CUST_3920,2023-03-16,112.28
TXN_30201,CUST_3920,2023-12-31,41.77
TXN_30202,CUST_3920,2023-06-29,76.13
TXN_30203,CUST_3920,2023-04-13,113.28
TXN_30204,CUST_3921,2023-11-05,227.9
TXN_30205,CUST_3921,2023-11-03,224.63
TXN_30206,CUST_3921,2023-11-10,115.17
TXN_30207,CUST_3921,2023-10-21,84.46
TXN_30208,CUST_3921,2023-12-07,115.75
TXN_30209,CUST_3921,2023-11-02,130.01
TXN_30210,CUST_3921,2023-10-28,130.51
TXN_30211,CUST_3921,2023-11-01,228.72
TXN_30212,CUST_3921,2023-11-09,211.03
TXN_30213,CUST_3921,2023-11-17,64.96
TXN_30214,CUST_3921,2023-12-07,35.51
TXN_30215,CUST_3921,2023-11-04,71.2
TXN_30216,CUST_3921,2023-11-08,85.51
TXN_30217,CUST_3921,2023-11-20,235.18
TXN_30218,CUST_3922,2023-06-03,223.8
TXN_30219,CUST_3922,2023-04-03,42.78
TXN_30220,CUST_3923,2023-05-29,187.05
TXN_30221,CUST_3924,2023-09-04,247.18
TXN_30222,CUST_3924,2023-08-05,173.97
TXN_30223,CUST_3924,2023-08-12,59.94
TXN_30224,CUST_3924,2023-08-25,101.35
TXN_30225,CUST_3924,2023-07-31,115.52
TXN_30226,CUST_3924,2023-12-31,124.72
TXN_30227,CUST_3924,2023-08-16,238.03
TXN_30228,CUST_3924,2023-09-03,82.47
TXN_30229,CUST_3924,2023-10-15,67.55
TXN_30230,CUST_3924,2023-08-12,91.22
TXN_30231,CUST_3924,2023-08-23,151.98
TXN_30232,CUST_3925,2023-07-11,97.73
TXN_30233,CUST_3925,2023-03-29,186.63
TXN_30234,CUST_3925,2023-08-17,73.2
TXN_30235,CUST_3925,2023-04-02,139.03
TXN_30236,CUST_3925,2023-04-10,102.93
TXN_30237,CUST_3925,2023-08-09,66.61
TXN_30238,CUST_3925,2023-08-23,173.39
TXN_30239,CUST_3925,2023-04-11,138.71
TXN_30240,CUST_3925,2023-06-18,62.06
TXN_30241,CUST_3925,2023-04-02,139.82
TXN_30242,CUST_3925,2023-07-10,124.29
TXN_30243,CUST_3926,2023-12-08,178.32
TXN_30244,CUST_3927,2023-11-03,43.66
TXN_30245,CUST_3927,2023-11-10,97.18
TXN_30246,CUST_3927,2023-11-07,51.86
TXN_30247,CUST_3927,2023-11-20,157.83
TXN_30248,CUST_3927,2023-12-31,54.4
TXN_30249,CUST_3927,2023-12-05,22.96
TXN_30250,CUST_3927,2023-10-30,167.29
TXN_30251,CUST_3927,2023-11-08,69.17
TXN_30252,CUST_3927,2023-10-29,170.84
TXN_30253,CUST_3927,2023-11-10,55.13
TXN_30254,CUST_3928,2023-08-28,134.92
TXN_30255,CUST_3928,2023-08-26,79.1
TXN_30256,CUST_3928,2023-12-31,76.37
TXN_30257,CUST_3928,2023-09-24,23.8
TXN_30258,CUST_3928,2023-08-18,20.19
TXN_30259,CUST_3928,2023-09-16,130.53
TXN_30260,CUST_3928,2023-08-30,179.57
TXN_30261,CUST_3928,2023-09-26,156.08
TXN_30262,CUST_3928,2023-08-30,91.88
TXN_30263,CUST_3928,2023-11-16,142.83
TXN_30264,CUST_3928,2023-08-26,142.66
TXN_30265,CUST_3929,2023-08-19,81.31
TXN_30266,CUST_3930,2023-03-29,177.89
TXN_30267,CUST_3930,2023-01-31,174.46
TXN_30268,CUST_3930,2023-01-24,107.28
TXN_30269,CUST_3930,2023-01-11,207.49
TXN_30270,CUST_3930,2023-04-06,243.2
TXN_30271,CUST_3930,2023-12-13,249.66
TXN_30272,CUST_3930,2023-01-15,157.55
TXN_30273,CUST_3930,2023-03-07,140.18
TXN_30274,CUST_3930,2023-02-16,26.3
TXN_30275,CUST_3930,2023-05-31,241.97
TXN_30276,CUST_3930,2023-04-04,92.45
TXN_30277,CUST_3930,2023-12-05,100.7
TXN_30278,CUST_3931,2023-03-09,240.64
TXN_30279,CUST_3931,2023-03-21,52.8
TXN_30280,CUST_3932,2023-07-31,49.72
TXN_30281,CUST_3933,2023-04-14,76.04
TXN_30282,CUST_3933,2023-07-20,110.24
TXN_30283,CUST_3933,2023-03-28,21.5
TXN_30284,CUST_3933,2023-03-10,54.33
TXN_30285,CUST_3933,2023-02-15,74.25
TXN_30286,CUST_3933,2023-01-13,123.22
TXN_30287,CUST_3933,2023-04-05,149.2
TXN_30288,CUST_3934,2023-08-24,159.25
TXN_30289,CUST_3934,2023-11-18,24.64
TXN_30290,CUST_3934,2023-09-21,153.42
TXN_30291,CUST_3934,2023-09-01,74.34
TXN_30292,CUST_3934,2023-10-28,148.34
TXN_30293,CUST_3934,2023-09-08,194.72
TXN_30294,CUST_3934,2023-10-21,96.17
TXN_30295,CUST_3934,2023-09-21,171.16
TXN_30296,CUST_3934,2023-09-10,162.82
TXN_30297,CUST_3934,2023-09-04,83.62
TXN_30298,CUST_3935,2023-12-09,210.91
TXN_30299,CUST_3936,2023-06-13,167.63
TXN_30300,CUST_3936,2023-07-07,158.89
TXN_30301,CUST_3936,2023-10-12,25.69
TXN_30302,CUST_3936,2023-08-12,147.59
TXN_30303,CUST_3936,2023-06-25,166.91
TXN_30304,CUST_3937,2023-09-27,224.53
TXN_30305,CUST_3937,2023-08-04,30.68
TXN_30306,CUST_3937,2023-08-23,183.43
TXN_30307,CUST_3937,2023-11-17,23.18
TXN_30308,CUST_3937,2023-10-17,32.72
TXN_30309,CUST_3937,2023-09-11,95.86
TXN_30310,CUST_3937,2023-07-28,37.82
TXN_30311,CUST_3937,2023-08-19,239.13
TXN_30312,CUST_3937,2023-08-05,78.91
TXN_30313,CUST_3938,2023-09-09,159.75
TXN_30314,CUST_3938,2023-09-20,216.7
TXN_30315,CUST_3938,2023-08-28,249.24
TXN_30316,CUST_3938,2023-08-30,141.22
TXN_30317,CUST_3938,2023-10-16,144.21
TXN_30318,CUST_3938,2023-09-11,216.03
TXN_30319,CUST_3938,2023-09-20,85.66
TXN_30320,CUST_3938,2023-10-27,49.28
TXN_30321,CUST_3938,2023-09-06,74.4
TXN_30322,CUST_3938,2023-09-20,19.78
TXN_30323,CUST_3938,2023-12-31,156.04
TXN_30324,CUST_3938,2023-12-31,204.75
TXN_30325,CUST_3938,2023-09-03,64.13
TXN_30326,CUST_3939,2023-12-17,154.46
TXN_30327,CUST_3940,2023-12-31,188.13
TXN_30328,CUST_3941,2023-03-30,171.98
TXN_30329,CUST_3941,2023-05-24,167.11
TXN_30330,CUST_3941,2023-09-28,52.69
TXN_30331,CUST_3941,2023-03-03,147.69
TXN_30332,CUST_3941,2023-05-02,109.67
TXN_30333,CUST_3941,2023-10-23,146.22
TXN_30334,CUST_3941,2023-05-17,101.11
TXN_30335,CUST_3941,2023-04-04,247.09
TXN_30336,CUST_3941,2023-06-01,208.9
TXN_30337,CUST_3941,2023-04-22,60.09
TXN_30338,CUST_3941,2023-04-01,96.34
TXN_30339,CUST_3941,2023-05-17,51.33
TXN_30340,CUST_3942,2023-01-23,131.68
TXN_30341,CUST_3943,2023-12-17,225.24
TXN_30342,CUST_3943,2023-12-17,194.62
TXN_30343,CUST_3943,2023-12-18,145.95
TXN_30344,CUST_3943,2023-12-21,63.59
TXN_30345,CUST_3944,2023-06-12,16.24
TXN_30346,CUST_3945,2023-05-21,182.7
TXN_30347,CUST_3946,2023-09-14,181.97
TXN_30348,CUST_3946,2023-07-30,216.49
TXN_30349,CUST_3946,2023-08-03,21.97
TXN_30350,CUST_3946,2023-08-14,106.76
TXN_30351,CUST_3946,2023-08-05,118.57
TXN_30352,CUST_3946,2023-08-01,40.51
TXN_30353,CUST_3946,2023-06-18,94.94
TXN_30354,CUST_3946,2023-07-07,73.76
TXN_30355,CUST_3946,2023-12-15,207.46
TXN_30356,CUST_3946,2023-06-18,17.05
TXN_30357,CUST_3947,2023-10-23,162.94
TXN_30358,CUST_3947,2023-12-31,36.61
TXN_30359,CUST_3947,2023-10-02,107.5
TXN_30360,CUST_3947,2023-10-18,61.97
TXN_30361,CUST_3947,2023-10-01,20.21
TXN_30362,CUST_3947,2023-11-12,128.99
TXN_30363,CUST_3947,2023-11-25,99.8
TXN_30364,CUST_3947,2023-11-05,129.8
TXN_30365,CUST_3948,2023-11-24,55.36
TXN_30366,CUST_3948,2023-08-02,123.71
TXN_30367,CUST_3948,2023-03-28,211.38
TXN_30368,CUST_3948,2023-08-25,24.44
TXN_30369,CUST_3948,2023-07-09,51.08
TXN_30370,CUST_3948,2023-06-10,166.29
TXN_30371,CUST_3949,2023-12-21,231.0
TXN_30372,CUST_3949,2023-12-22,38.9
TXN_30373,CUST_3949,2023-12-25,84.34
TXN_30374,CUST_3949,2023-12-21,241.21
TXN_30375,CUST_3949,2023-12-29,39.85
TXN_30376,CUST_3949,2023-12-28,224.35
TXN_30377,CUST_3949,2023-12-24,139.49
TXN_30378,CUST_3949,2023-12-21,43.53
TXN_30379,CUST_3949,2023-12-24,208.16
TXN_30380,CUST_3949,2023-12-24,57.49
TXN_30381,CUST_3950,2023-10-08,161.87
TXN_30382,CUST_3951,2023-05-28,188.04
TXN_30383,CUST_3952,2023-07-20,75.84
TXN_30384,CUST_3953,2023-12-31,113.13
TXN_30385,CUST_3953,2023-11-23,154.61
TXN_30386,CUST_3953,2023-12-03,219.12
TXN_30387,CUST_3953,2023-11-22,194.73
TXN_30388,CUST_3953,2023-11-20,174.91
TXN_30389,CUST_3954,2023-09-14,235.65
TXN_30390,CUST_3954,2023-07-17,137.51
TXN_30391,CUST_3954,2023-09-14,69.07
TXN_30392,CUST_3954,2023-09-26,219.0
TXN_30393,CUST_3954,2023-10-13,75.84
TXN_30394,CUST_3954,2023-10-10,112.14
TXN_30395,CUST_3954,2023-07-24,54.47
TXN_30396,CUST_3954,2023-11-25,115.32
TXN_30397,CUST_3955,2023-08-11,40.85
TXN_30398,CUST_3955,2023-04-01,248.84
TXN_30399,CUST_3955,2023-04-07,123.46
TXN_30400,CUST_3955,2023-10-10,207.55
TXN_30401,CUST_3955,2023-05-28,158.55
TXN_30402,CUST_3955,2023-06-30,40.81
TXN_30403,CUST_3955,2023-04-30,85.73
TXN_30404,CUST_3955,2023-05-13,79.37
TXN_30405,CUST_3955,2023-04-26,98.37
TXN_30406,CUST_3956,2023-12-05,55.78
TXN_30407,CUST_3957,2023-06-09,43.98
TXN_30408,CUST_3957,2023-08-23,232.2
TXN_30409,CUST_3957,2023-05-21,18.39
TXN_30410,CUST_3957,2023-06-03,175.93
TXN_30411,CUST_3957,2023-12-31,191.34
TXN_30412,CUST_3957,2023-07-22,179.63
TXN_30413,CUST_3957,2023-06-07,176.81
TXN_30414,CUST_3957,2023-06-17,67.27
TXN_30415,CUST_3957,2023-06-08,171.93
TXN_30416,CUST_3957,2023-09-05,151.72
TXN_30417,CUST_3957,2023-05-23,23.93
TXN_30418,CUST_3957,2023-06-06,82.32
TXN_30419,CUST_3957,2023-06-27,32.87
TXN_30420,CUST_3957,2023-08-24,182.2
TXN_30421,CUST_3958,2023-12-25,38.72
TXN_30422,CUST_3959,2023-05-10,30.5
TXN_30423,CUST_3959,2023-05-17,168.39
TXN_30424,CUST_3959,2023-05-11,120.35
TXN_30425,CUST_3959,2023-09-06,23.52
TXN_30426,CUST_3959,2023-05-06,129.78
TXN_30427,CUST_3959,2023-05-01,119.77
TXN_30428,CUST_3960,2023-10-08,206.1
TXN_30429,CUST_3960,2023-10-01,21.08
TXN_30430,CUST_3960,2023-10-13,195.6
TXN_30431,CUST_3960,2023-10-04,104.97
TXN_30432,CUST_3960,2023-10-05,67.54
TXN_30433,CUST_3960,2023-10-22,90.0
TXN_30434,CUST_3960,2023-10-08,107.47
TXN_30435,CUST_3960,2023-11-06,43.06
TXN_30436,CUST_3960,2023-10-20,79.56
TXN_30437,CUST_3960,2023-10-15,208.07
TXN_30438,CUST_3961,2023-03-15,139.94
TXN_30439,CUST_3961,2023-01-30,168.98
TXN_30440,CUST_3962,2023-12-31,243.14
TXN_30441,CUST_3962,2023-11-19,142.38
TXN_30442,CUST_3963,2023-12-26,135.86
TXN_30443,CUST_3963,2023-12-24,215.39
TXN_30444,CUST_3963,2023-12-30,21.16
TXN_30445,CUST_3964,2023-06-29,166.44
TXN_30446,CUST_3964,2023-09-21,244.6
TXN_30447,CUST_3964,2023-09-11,130.68
TXN_30448,CUST_3964,2023-06-27,232.97
TXN_30449,CUST_3964,2023-07-26,176.87
TXN_30450,CUST_3964,2023-07-17,71.9
TXN_30451,CUST_3964,2023-07-28,212.38
TXN_30452,CUST_3964,2023-07-06,172.15
TXN_30453,CUST_3964,2023-06-06,235.09
TXN_30454,CUST_3964,2023-12-31,105.78
TXN_30455,CUST_3964,2023-07-21,52.74
TXN_30456,CUST_3964,2023-06-18,156.49
TXN_30457,CUST_3964,2023-08-11,95.28
TXN_30458,CUST_3964,2023-07-05,133.96
TXN_30459,CUST_3965,2023-10-04,192.94
TXN_30460,CUST_3965,2023-11-16,144.21
TXN_30461,CUST_3965,2023-11-26,44.59
TXN_30462,CUST_3965,2023-12-31,231.61
TXN_30463,CUST_3965,2023-10-19,28.8
TXN_30464,CUST_3965,2023-10-08,57.13
TXN_30465,CUST_3965,2023-10-21,59.64
TXN_30466,CUST_3965,2023-10-10,63.32
TXN_30467,CUST_3965,2023-09-24,73.26
TXN_30468,CUST_3965,2023-09-18,183.29
TXN_30469,CUST_3965,2023-09-29,179.06
TXN_30470,CUST_3965,2023-10-24,30.54
TXN_30471,CUST_3965,2023-09-30,148.21
TXN_30472,CUST_3965,2023-12-13,109.31
TXN_30473,CUST_3966,2023-06-01,150.17
TXN_30474,CUST_3966,2023-07-20,132.02
TXN_30475,CUST_3967,2023-11-10,74.01
TXN_30476,CUST_3967,2023-10-27,194.95
TXN_30477,CUST_3967,2023-12-09,132.78
TXN_30478,CUST_3967,2023-12-31,56.06
TXN_30479,CUST_3967,2023-10-18,123.28
TXN_30480,CUST_3967,2023-10-30,114.75
TXN_30481,CUST_3967,2023-10-27,129.5
TXN_30482,CUST_3967,2023-10-22,45.77
TXN_30483,CUST_3967,2023-12-31,201.82
TXN_30484,CUST_3967,2023-11-25,100.77
TXN_30485,CUST_3967,2023-10-25,234.92
TXN_30486,CUST_3967,2023-12-31,236.52
TXN_30487,CUST_3967,2023-11-08,72.04
TXN_30488,CUST_3968,2023-05-26,180.64
TXN_30489,CUST_3968,2023-06-09,79.37
TXN_30490,CUST_3968,2023-05-21,72.46
TXN_30491,CUST_3968,2023-05-29,116.5
TXN_30492,CUST_3968,2023-03-04,187.49
TXN_30493,CUST_3968,2023-04-01,231.25
TXN_30494,CUST_3968,2023-04-02,249.21
TXN_30495,CUST_3968,2023-05-02,21.21
TXN_30496,CUST_3968,2023-03-08,34.29
TXN_30497,CUST_3968,2023-03-05,77.93
TXN_30498,CUST_3968,2023-04-09,41.15
TXN_30499,CUST_3969,2023-05-23,247.86
TXN_30500,CUST_3969,2023-05-20,231.66
TXN_30501,CUST_3969,2023-05-05,117.91
TXN_30502,CUST_3969,2023-05-07,229.43
TXN_30503,CUST_3969,2023-05-15,173.18
TXN_30504,CUST_3969,2023-07-23,198.08
TXN_30505,CUST_3969,2023-08-22,22.63
TXN_30506,CUST_3969,2023-06-13,90.79
TXN_30507,CUST_3969,2023-12-31,197.1
TXN_30508,CUST_3969,2023-08-11,118.91
TXN_30509,CUST_3969,2023-10-29,18.95
TXN_30510,CUST_3969,2023-05-25,178.33
TXN_30511,CUST_3969,2023-06-30,140.44
TXN_30512,CUST_3970,2023-12-21,192.22
TXN_30513,CUST_3970,2023-12-21,45.25
TXN_30514,CUST_3970,2023-12-20,189.78
TXN_30515,CUST_3970,2023-12-20,27.03
TXN_30516,CUST_3970,2023-12-22,96.47
TXN_30517,CUST_3970,2023-12-24,40.23
TXN_30518,CUST_3971,2023-10-15,137.3
TXN_30519,CUST_3972,2023-11-03,66.18
TXN_30520,CUST_3972,2023-07-03,168.98
TXN_30521,CUST_3972,2023-08-06,247.33
TXN_30522,CUST_3973,2023-12-19,185.51
TXN_30523,CUST_3973,2023-11-15,35.93
TXN_30524,CUST_3974,2023-09-22,246.73
TXN_30525,CUST_3974,2023-09-19,181.37
TXN_30526,CUST_3975,2023-12-05,72.14
TXN_30527,CUST_3976,2023-10-24,187.96
TXN_30528,CUST_3976,2023-09-20,199.85
TXN_30529,CUST_3976,2023-10-15,133.45
TXN_30530,CUST_3976,2023-09-27,40.65
TXN_30531,CUST_3976,2023-10-03,51.68
TXN_30532,CUST_3976,2023-10-15,154.76
TXN_30533,CUST_3976,2023-09-17,73.04
TXN_30534,CUST_3977,2023-03-20,27.15
TXN_30535,CUST_3977,2023-01-31,140.13
TXN_30536,CUST_3977,2023-04-13,246.27
TXN_30537,CUST_3977,2023-04-27,171.66
TXN_30538,CUST_3977,2023-02-05,40.11
TXN_30539,CUST_3977,2023-04-27,218.25
TXN_30540,CUST_3977,2023-04-23,119.05
TXN_30541,CUST_3977,2023-04-20,125.16
TXN_30542,CUST_3977,2023-01-26,189.18
TXN_30543,CUST_3977,2023-04-08,108.84
TXN_30544,CUST_3977,2023-04-15,71.69
TXN_30545,CUST_3977,2023-03-15,161.27
TXN_30546,CUST_3977,2023-02-07,191.01
TXN_30547,CUST_3977,2023-04-05,217.5
TXN_30548,CUST_3978,2023-05-26,52.88
TXN_30549,CUST_3978,2023-12-28,46.65
TXN_30550,CUST_3978,2023-10-02,142.0
TXN_30551,CUST_3978,2023-05-30,231.08
TXN_30552,CUST_3978,2023-12-03,159.61
TXN_30553,CUST_3978,2023-06-26,157.76
TXN_30554,CUST_3978,2023-08-02,161.2
TXN_30555,CUST_3979,2023-12-29,157.8
TXN_30556,CUST_3979,2023-12-28,98.73
TXN_30557,CUST_3979,2023-12-29,144.26
TXN_30558,CUST_3979,2023-12-29,52.2
TXN_30559,CUST_3979,2023-12-29,90.29
TXN_30560,CUST_3979,2023-12-28,41.95
TXN_30561,CUST_3980,2023-05-12,79.44
TXN_30562,CUST_3981,2023-12-26,107.92
TXN_30563,CUST_3981,2023-12-18,150.39
TXN_30564,CUST_3981,2023-12-19,120.32
TXN_30565,CUST_3981,2023-12-22,179.66
TXN_30566,CUST_3981,2023-12-18,195.79
TXN_30567,CUST_3981,2023-12-20,145.82
TXN_30568,CUST_3981,2023-12-19,113.9
TXN_30569,CUST_3981,2023-12-23,197.53
TXN_30570,CUST_3981,2023-12-20,177.41
TXN_30571,CUST_3981,2023-12-19,210.53
TXN_30572,CUST_3981,2023-12-22,197.17
TXN_30573,CUST_3981,2023-12-20,68.84
TXN_30574,CUST_3981,2023-12-20,104.65
TXN_30575,CUST_3981,2023-12-19,64.86
TXN_30576,CUST_3982,2023-08-23,125.65
TXN_30577,CUST_3982,2023-07-08,80.47
TXN_30578,CUST_3982,2023-06-29,141.91
TXN_30579,CUST_3982,2023-04-07,218.45
TXN_30580,CUST_3982,2023-06-03,127.74
TXN_30581,CUST_3982,2023-05-04,61.15
TXN_30582,CUST_3982,2023-05-05,167.75
TXN_30583,CUST_3982,2023-04-13,93.22
TXN_30584,CUST_3982,2023-12-31,78.81
TXN_30585,CUST_3982,2023-12-31,39.63
TXN_30586,CUST_3982,2023-08-24,118.34
TXN_30587,CUST_3982,2023-04-23,200.04
TXN_30588,CUST_3982,2023-04-04,96.58
TXN_30589,CUST_3983,2023-12-01,210.79
TXN_30590,CUST_3983,2023-12-07,52.98
TXN_30591,CUST_3983,2023-12-02,49.82
TXN_30592,CUST_3983,2023-12-16,30.5
TXN_30593,CUST_3983,2023-12-31,109.15
TXN_30594,CUST_3984,2023-12-03,25.68
TXN_30595,CUST_3985,2023-04-06,51.51
TXN_30596,CUST_3985,2023-10-10,182.15
TXN_30597,CUST_3985,2023-04-29,227.1
TXN_30598,CUST_3985,2023-12-31,108.59
TXN_30599,CUST_3985,2023-05-28,99.15
TXN_30600,CUST_3986,2023-10-03,167.53
TXN_30601,CUST_3987,2023-03-26,194.46
TXN_30602,CUST_3988,2023-05-02,99.1
TXN_30603,CUST_3988,2023-05-16,97.15
TXN_30604,CUST_3988,2023-09-14,237.33
TXN_30605,CUST_3988,2023-06-10,151.74
TXN_30606,CUST_3989,2023-10-20,152.26
TXN_30607,CUST_3990,2023-12-09,62.46
TXN_30608,CUST_3991,2023-07-09,233.18
TXN_30609,CUST_3992,2023-05-14,105.82
TXN_30610,CUST_3992,2023-06-20,99.42
TXN_30611,CUST_3992,2023-04-19,156.67
TXN_30612,CUST_3992,2023-05-12,18.32
TXN_30613,CUST_3993,2023-03-19,135.42
TXN_30614,CUST_3994,2023-05-18,67.44
TXN_30615,CUST_3995,2023-12-27,88.52
TXN_30616,CUST_3996,2023-06-03,69.63
TXN_30617,CUST_3997,2023-08-07,154.1
TXN_30618,CUST_3997,2023-04-17,47.1
TXN_30619,CUST_3997,2023-04-29,172.58
TXN_30620,CUST_3997,2023-04-21,142.09
TXN_30621,CUST_3997,2023-09-19,237.67
TXN_30622,CUST_3998,2023-08-17,104.81
TXN_30623,CUST_3998,2023-11-03,146.24
TXN_30624,CUST_3998,2023-08-11,145.79
TXN_30625,CUST_3998,2023-11-03,29.9
TXN_30626,CUST_3998,2023-06-09,179.91
TXN_30627,CUST_3998,2023-09-14,116.89
TXN_30628,CUST_3998,2023-07-05,80.32
TXN_30629,CUST_3998,2023-06-23,229.31
TXN_30630,CUST_3998,2023-06-29,167.3
TXN_30631,CUST_3998,2023-09-20,20.16
TXN_30632,CUST_3998,2023-06-07,93.29
TXN_30633,CUST_3999,2023-09-24,219.87
TXN_30634,CUST_3999,2023-10-04,116.68
TXN_30635,CUST_3999,2023-09-30,223.25
TXN_30636,CUST_3999,2023-09-22,216.48
TXN_30637,CUST_3999,2023-09-15,239.5
TXN_30638,CUST_3999,2023-10-07,249.74
TXN_30639,CUST_3999,2023-10-16,42.64
TXN_30640,CUST_3999,2023-09-14,60.45
TXN_30641,CUST_3999,2023-10-02,190.59
TXN_30642,CUST_3999,2023-09-12,75.48
TXN_30643,CUST_4000,2023-07-06,212.49
TXN_30644,CUST_4000,2023-07-25,200.36
TXN_30645,CUST_4000,2023-07-23,31.54
TXN_30646,CUST_4000,2023-09-08,50.41
TXN_30647,CUST_4000,2023-12-06,113.17
TXN_30648,CUST_4000,2023-06-25,68.69
TXN_30649,CUST_4000,2023-10-26,90.46
TXN_30650,CUST_4000,2023-10-23,55.49
TXN_30651,CUST_4000,2023-07-30,221.39
TXN_30652,CUST_4000,2023-06-23,86.51
TXN_30653,CUST_4000,2023-11-22,155.18
TXN_30654,CUST_4000,2023-09-09,212.9
TXN_30655,CUST_4000,2023-08-06,213.66
TXN_30656,CUST_4001,2023-08-12,235.67
TXN_30657,CUST_4001,2023-10-21,74.74
TXN_30658,CUST_4001,2023-09-16,103.47
TXN_30659,CUST_4001,2023-09-26,248.53
TXN_30660,CUST_4001,2023-08-06,238.84
TXN_30661,CUST_4001,2023-08-07,123.28
TXN_30662,CUST_4002,2023-09-18,164.03
TXN_30663,CUST_4002,2023-12-31,33.82
TXN_30664,CUST_4002,2023-09-22,191.6
TXN_30665,CUST_4002,2023-07-09,179.16
TXN_30666,CUST_4002,2023-08-27,85.2
TXN_30667,CUST_4002,2023-09-10,233.7
TXN_30668,CUST_4002,2023-07-12,245.32
TXN_30669,CUST_4002,2023-07-05,46.64
TXN_30670,CUST_4002,2023-06-24,65.22
TXN_30671,CUST_4002,2023-07-16,187.29
TXN_30672,CUST_4002,2023-06-23,134.21
TXN_30673,CUST_4003,2023-09-30,127.74
TXN_30674,CUST_4003,2023-10-21,58.66
TXN_30675,CUST_4003,2023-12-05,203.3
TXN_30676,CUST_4003,2023-11-25,158.25
TXN_30677,CUST_4003,2023-11-29,174.79
TXN_30678,CUST_4003,2023-10-05,233.97
TXN_30679,CUST_4003,2023-09-30,132.63
TXN_30680,CUST_4004,2023-12-30,66.95
TXN_30681,CUST_4005,2023-11-19,121.54
TXN_30682,CUST_4006,2023-07-13,87.27
TXN_30683,CUST_4007,2023-05-04,19.41
TXN_30684,CUST_4007,2023-04-19,112.48
TXN_30685,CUST_4007,2023-04-06,111.24
TXN_30686,CUST_4007,2023-04-21,19.45
TXN_30687,CUST_4007,2023-05-03,68.18
TXN_30688,CUST_4008,2023-10-10,41.19
TXN_30689,CUST_4008,2023-12-05,119.29
TXN_30690,CUST_4008,2023-10-09,151.66
TXN_30691,CUST_4008,2023-10-06,115.43
TXN_30692,CUST_4008,2023-10-30,239.92
TXN_30693,CUST_4008,2023-10-16,194.79
TXN_30694,CUST_4008,2023-10-09,116.89
TXN_30695,CUST_4008,2023-10-12,130.73
TXN_30696,CUST_4008,2023-10-20,245.25
TXN_30697,CUST_4008,2023-12-16,151.82
TXN_30698,CUST_4008,2023-10-10,145.88
TXN_30699,CUST_4008,2023-11-19,23.94
TXN_30700,CUST_4008,2023-10-21,25.02
TXN_30701,CUST_4008,2023-10-13,36.65
TXN_30702,CUST_4009,2023-04-30,27.02
TXN_30703,CUST_4009,2023-04-19,115.3
TXN_30704,CUST_4009,2023-08-19,207.96
TXN_30705,CUST_4009,2023-05-11,170.91
TXN_30706,CUST_4009,2023-05-24,243.54
TXN_30707,CUST_4010,2023-09-20,132.89
TXN_30708,CUST_4010,2023-08-13,58.39
TXN_30709,CUST_4010,2023-10-20,100.27
TXN_30710,CUST_4010,2023-07-20,97.77
TXN_30711,CUST_4010,2023-11-06,226.67
TXN_30712,CUST_4011,2023-12-22,39.18
TXN_30713,CUST_4012,2023-12-30,45.83
TXN_30714,CUST_4013,2023-07-29,206.94
TXN_30715,CUST_4014,2023-06-29,33.17
TXN_30716,CUST_4015,2023-01-24,236.53
TXN_30717,CUST_4016,2023-09-26,231.43
TXN_30718,CUST_4017,2023-11-10,50.8
TXN_30719,CUST_4017,2023-11-03,211.07
TXN_30720,CUST_4017,2023-09-27,122.48
TXN_30721,CUST_4017,2023-11-27,61.68
TXN_30722,CUST_4017,2023-10-11,159.0
TXN_30723,CUST_4017,2023-09-25,64.83
TXN_30724,CUST_4017,2023-10-12,102.82
TXN_30725,CUST_4018,2023-09-06,233.06
TXN_30726,CUST_4019,2023-09-30,90.64
TXN_30727,CUST_4019,2023-09-04,114.32
TXN_30728,CUST_4019,2023-09-24,114.36
TXN_30729,CUST_4019,2023-10-11,85.48
TXN_30730,CUST_4020,2023-07-22,154.19
TXN_30731,CUST_4021,2023-04-13,18.7
TXN_30732,CUST_4021,2023-03-16,16.18
TXN_30733,CUST_4021,2023-11-14,84.08
TXN_30734,CUST_4021,2023-02-24,36.36
TXN_30735,CUST_4021,2023-02-08,223.21
TXN_30736,CUST_4021,2023-02-23,160.11
TXN_30737,CUST_4021,2023-05-30,89.62
TXN_30738,CUST_4021,2023-08-19,65.3
TXN_30739,CUST_4021,2023-02-11,31.11
TXN_30740,CUST_4021,2023-03-14,123.86
TXN_30741,CUST_4022,2023-06-15,96.16
TXN_30742,CUST_4022,2023-07-22,33.73
TXN_30743,CUST_4022,2023-05-17,158.33
TXN_30744,CUST_4022,2023-07-27,94.87
TXN_30745,CUST_4022,2023-05-21,223.23
TXN_30746,CUST_4022,2023-05-13,183.58
TXN_30747,CUST_4022,2023-05-20,164.78
TXN_30748,CUST_4022,2023-08-02,204.0
TXN_30749,CUST_4022,2023-06-17,20.12
TXN_30750,CUST_4022,2023-09-17,119.36
TXN_30751,CUST_4023,2023-11-17,107.3
TXN_30752,CUST_4023,2023-06-11,16.22
TXN_30753,CUST_4023,2023-08-18,230.2
TXN_30754,CUST_4023,2023-07-19,220.46
TXN_30755,CUST_4023,2023-08-05,38.03
TXN_30756,CUST_4023,2023-09-26,130.76
TXN_30757,CUST_4023,2023-06-12,206.43
TXN_30758,CUST_4023,2023-09-13,122.46
TXN_30759,CUST_4024,2023-05-08,117.21
TXN_30760,CUST_4025,2023-04-18,54.24
TXN_30761,CUST_4026,2023-12-14,193.45
TXN_30762,CUST_4027,2023-08-29,33.26
TXN_30763,CUST_4028,2023-11-21,40.74
TXN_30764,CUST_4028,2023-11-21,219.01
TXN_30765,CUST_4028,2023-12-24,242.47
TXN_30766,CUST_4028,2023-12-14,223.54
TXN_30767,CUST_4028,2023-12-12,240.14
TXN_30768,CUST_4028,2023-12-15,123.57
TXN_30769,CUST_4028,2023-11-24,152.29
TXN_30770,CUST_4028,2023-12-02,150.1
TXN_30771,CUST_4028,2023-12-06,179.26
TXN_30772,CUST_4028,2023-11-20,82.1
TXN_30773,CUST_4028,2023-12-19,153.66
TXN_30774,CUST_4029,2023-10-01,73.52
TXN_30775,CUST_4030,2023-08-28,29.92
TXN_30776,CUST_4030,2023-10-05,107.18
TXN_30777,CUST_4030,2023-06-14,83.15
TXN_30778,CUST_4031,2023-09-05,162.63
TXN_30779,CUST_4031,2023-07-18,79.27
TXN_30780,CUST_4032,2023-08-30,43.71
TXN_30781,CUST_4033,2023-05-06,238.31
TXN_30782,CUST_4033,2023-06-06,245.28
TXN_30783,CUST_4033,2023-04-28,200.88
TXN_30784,CUST_4033,2023-06-15,83.03
TXN_30785,CUST_4033,2023-08-16,164.3
TXN_30786,CUST_4034,2023-12-25,158.46
TXN_30787,CUST_4034,2023-12-28,154.92
TXN_30788,CUST_4035,2023-06-26,195.26
TXN_30789,CUST_4036,2023-12-20,221.47
TXN_30790,CUST_4037,2023-10-02,207.75
TXN_30791,CUST_4037,2023-08-12,172.19
TXN_30792,CUST_4037,2023-08-06,31.28
TXN_30793,CUST_4037,2023-09-08,198.98
TXN_30794,CUST_4037,2023-07-29,57.6
TXN_30795,CUST_4037,2023-07-30,164.03
TXN_30796,CUST_4038,2023-01-28,77.08
TXN_30797,CUST_4039,2023-10-25,22.56
TXN_30798,CUST_4040,2023-07-04,168.54
TXN_30799,CUST_4040,2023-07-17,209.46
TXN_30800,CUST_4040,2023-12-31,198.07
TXN_30801,CUST_4040,2023-09-16,98.46
TXN_30802,CUST_4040,2023-08-09,27.38
TXN_30803,CUST_4040,2023-09-13,173.63
TXN_30804,CUST_4040,2023-07-12,140.52
TXN_30805,CUST_4041,2023-08-11,202.23
TXN_30806,CUST_4041,2023-05-16,85.79
TXN_30807,CUST_4042,2023-12-22,149.38
TXN_30808,CUST_4042,2023-12-17,18.77
TXN_30809,CUST_4042,2023-12-17,211.58
TXN_30810,CUST_4042,2023-12-22,30.83
TXN_30811,CUST_4042,2023-12-23,57.08
TXN_30812,CUST_4042,2023-12-31,219.11
TXN_30813,CUST_4042,2023-12-28,195.82
TXN_30814,CUST_4042,2023-12-21,72.44
TXN_30815,CUST_4042,2023-12-19,178.66
TXN_30816,CUST_4042,2023-12-16,108.6
TXN_30817,CUST_4042,2023-12-30,110.87
TXN_30818,CUST_4042,2023-12-17,40.19
TXN_30819,CUST_4042,2023-12-17,158.85
TXN_30820,CUST_4043,2023-08-26,189.18
TXN_30821,CUST_4044,2023-08-12,91.83
TXN_30822,CUST_4044,2023-04-07,184.2
TXN_30823,CUST_4045,2023-12-31,228.1
TXN_30824,CUST_4045,2023-12-31,20.48
TXN_30825,CUST_4045,2023-03-24,64.42
TXN_30826,CUST_4045,2023-08-21,36.01
TXN_30827,CUST_4045,2023-07-30,17.95
TXN_30828,CUST_4045,2023-07-24,73.77
TXN_30829,CUST_4045,2023-05-16,244.48
TXN_30830,CUST_4046,2023-12-18,91.06
TXN_30831,CUST_4046,2023-12-02,182.27
TXN_30832,CUST_4046,2023-12-10,116.64
TXN_30833,CUST_4046,2023-12-10,42.47
TXN_30834,CUST_4046,2023-11-30,20.14
TXN_30835,CUST_4046,2023-11-27,100.72
TXN_30836,CUST_4047,2023-09-30,167.77
TXN_30837,CUST_4047,2023-04-29,91.52
TXN_30838,CUST_4047,2023-07-01,55.57
TXN_30839,CUST_4047,2023-07-28,164.19
TXN_30840,CUST_4047,2023-05-12,144.34
TXN_30841,CUST_4047,2023-09-10,103.08
TXN_30842,CUST_4047,2023-05-17,179.79
TXN_30843,CUST_4047,2023-04-30,210.68
TXN_30844,CUST_4048,2023-11-18,220.91
TXN_30845,CUST_4048,2023-10-02,243.28
TXN_30846,CUST_4048,2023-09-28,76.16
TXN_30847,CUST_4048,2023-12-31,73.82
TXN_30848,CUST_4048,2023-10-05,158.79
TXN_30849,CUST_4048,2023-09-28,105.29
TXN_30850,CUST_4048,2023-10-29,184.91
TXN_30851,CUST_4048,2023-11-11,154.52
TXN_30852,CUST_4048,2023-09-23,93.28
TXN_30853,CUST_4048,2023-12-06,187.43
TXN_30854,CUST_4048,2023-09-17,192.1
TXN_30855,CUST_4048,2023-09-28,20.46
TXN_30856,CUST_4049,2023-03-01,84.43
TXN_30857,CUST_4049,2023-05-24,204.23
TXN_30858,CUST_4049,2023-05-28,24.38
TXN_30859,CUST_4049,2023-03-29,150.84
TXN_30860,CUST_4049,2023-07-03,218.62
TXN_30861,CUST_4049,2023-12-31,224.57
TXN_30862,CUST_4049,2023-05-02,190.53
TXN_30863,CUST_4049,2023-03-27,30.0
TXN_30864,CUST_4050,2023-06-22,23.82
TXN_30865,CUST_4051,2023-12-31,242.12
TXN_30866,CUST_4051,2023-12-31,37.74
TXN_30867,CUST_4052,2023-06-03,42.16
TXN_30868,CUST_4053,2023-12-17,127.15
TXN_30869,CUST_4054,2023-12-31,186.69
TXN_30870,CUST_4054,2023-10-18,242.57
TXN_30871,CUST_4054,2023-12-31,127.22
TXN_30872,CUST_4054,2023-10-27,205.18
TXN_30873,CUST_4054,2023-10-11,209.9
TXN_30874,CUST_4054,2023-09-26,128.07
TXN_30875,CUST_4054,2023-10-14,175.89
TXN_30876,CUST_4055,2023-11-12,226.64
TXN_30877,CUST_4056,2023-08-12,197.56
TXN_30878,CUST_4057,2023-09-20,240.57
TXN_30879,CUST_4057,2023-05-04,24.02
TXN_30880,CUST_4058,2023-05-24,242.95
TXN_30881,CUST_4058,2023-08-08,196.55
TXN_30882,CUST_4058,2023-05-15,140.03
TXN_30883,CUST_4058,2023-05-17,76.07
TXN_30884,CUST_4058,2023-06-20,247.12
TXN_30885,CUST_4058,2023-05-05,71.99
TXN_30886,CUST_4058,2023-05-09,201.05
TXN_30887,CUST_4058,2023-06-15,105.42
TXN_30888,CUST_4058,2023-09-22,84.91
TXN_30889,CUST_4058,2023-05-28,32.3
TXN_30890,CUST_4058,2023-04-25,47.13
TXN_30891,CUST_4058,2023-05-21,138.16
TXN_30892,CUST_4058,2023-04-15,59.63
TXN_30893,CUST_4058,2023-05-01,74.54
TXN_30894,CUST_4059,2023-07-24,246.21
TXN_30895,CUST_4060,2023-11-13,138.05
TXN_30896,CUST_4060,2023-11-23,55.58
TXN_30897,CUST_4060,2023-10-18,214.01
TXN_30898,CUST_4060,2023-11-20,241.95
TXN_30899,CUST_4060,2023-10-12,141.67
TXN_30900,CUST_4060,2023-10-05,241.83
TXN_30901,CUST_4060,2023-10-10,227.61
TXN_30902,CUST_4061,2023-12-23,195.04
TXN_30903,CUST_4061,2023-12-21,163.09
TXN_30904,CUST_4061,2023-12-20,145.2
TXN_30905,CUST_4061,2023-12-22,223.85
TXN_30906,CUST_4061,2023-12-28,129.49
TXN_30907,CUST_4061,2023-12-20,213.49
TXN_30908,CUST_4061,2023-12-20,127.39
TXN_30909,CUST_4062,2023-09-12,164.64
TXN_30910,CUST_4063,2023-12-12,165.58
TXN_30911,CUST_4064,2023-06-05,76.14
TXN_30912,CUST_4064,2023-04-19,115.03
TXN_30913,CUST_4064,2023-06-29,125.02
TXN_30914,CUST_4064,2023-04-27,198.41
TXN_30915,CUST_4065,2023-09-13,120.5
TXN_30916,CUST_4066,2023-12-17,197.81
TXN_30917,CUST_4067,2023-08-06,208.24
TXN_30918,CUST_4068,2023-12-17,212.72
TXN_30919,CUST_4068,2023-11-10,158.06
TXN_30920,CUST_4068,2023-11-24,86.38
TXN_30921,CUST_4068,2023-11-11,61.88
TXN_30922,CUST_4069,2023-09-24,49.87
TXN_30923,CUST_4070,2023-04-30,182.52
TXN_30924,CUST_4071,2023-03-19,102.94
TXN_30925,CUST_4072,2023-10-23,192.15
TXN_30926,CUST_4073,2023-04-22,75.08
TXN_30927,CUST_4074,2023-07-30,82.91
TXN_30928,CUST_4074,2023-09-13,207.41
TXN_30929,CUST_4074,2023-08-07,90.45
TXN_30930,CUST_4074,2023-10-18,176.43
TXN_30931,CUST_4074,2023-07-31,139.47
TXN_30932,CUST_4074,2023-12-31,191.22
TXN_30933,CUST_4074,2023-07-21,84.33
TXN_30934,CUST_4074,2023-07-25,214.36
TXN_30935,CUST_4074,2023-09-05,235.9
TXN_30936,CUST_4074,2023-07-12,27.22
TXN_30937,CUST_4074,2023-09-11,77.66
TXN_30938,CUST_4075,2023-12-18,79.41
TXN_30939,CUST_4075,2023-07-20,151.99
TXN_30940,CUST_4075,2023-08-11,104.23
TXN_30941,CUST_4075,2023-09-04,161.07
TXN_30942,CUST_4075,2023-08-18,134.27
TXN_30943,CUST_4075,2023-12-31,239.93
TXN_30944,CUST_4075,2023-09-23,52.95
TXN_30945,CUST_4075,2023-08-11,222.53
TXN_30946,CUST_4076,2023-11-06,232.93
TXN_30947,CUST_4076,2023-11-05,135.74
TXN_30948,CUST_4076,2023-11-23,158.97
TXN_30949,CUST_4076,2023-11-13,200.31
TXN_30950,CUST_4077,2023-12-03,40.38
TXN_30951,CUST_4077,2023-11-30,179.25
TXN_30952,CUST_4078,2023-07-11,152.11
TXN_30953,CUST_4078,2023-06-19,135.48
TXN_30954,CUST_4078,2023-06-20,67.92
TXN_30955,CUST_4078,2023-06-26,25.39
TXN_30956,CUST_4078,2023-06-15,114.72
TXN_30957,CUST_4078,2023-06-12,46.35
TXN_30958,CUST_4078,2023-12-31,115.37
TXN_30959,CUST_4078,2023-07-09,77.92
TXN_30960,CUST_4078,2023-07-23,155.08
TXN_30961,CUST_4079,2023-03-26,40.68
TXN_30962,CUST_4079,2023-10-16,239.55
TXN_30963,CUST_4079,2023-06-26,177.48
TXN_30964,CUST_4079,2023-05-03,243.3
TXN_30965,CUST_4079,2023-06-17,33.03
TXN_30966,CUST_4079,2023-02-19,241.44
TXN_30967,CUST_4079,2023-12-16,146.09
TXN_30968,CUST_4079,2023-03-07,152.12
TXN_30969,CUST_4079,2023-07-15,16.95
TXN_30970,CUST_4079,2023-08-15,124.23
TXN_30971,CUST_4079,2023-04-17,117.06
TXN_30972,CUST_4080,2023-06-07,105.68
TXN_30973,CUST_4080,2023-06-25,39.49
TXN_30974,CUST_4080,2023-06-22,197.09
TXN_30975,CUST_4080,2023-10-05,223.24
TXN_30976,CUST_4080,2023-05-14,200.37
TXN_30977,CUST_4080,2023-07-06,63.45
TXN_30978,CUST_4080,2023-07-05,213.4
TXN_30979,CUST_4080,2023-06-26,247.76
TXN_30980,CUST_4080,2023-07-26,130.09
TXN_30981,CUST_4080,2023-06-09,17.6
TXN_30982,CUST_4080,2023-07-24,150.71
TXN_30983,CUST_4080,2023-07-08,141.36
TXN_30984,CUST_4080,2023-10-03,89.46
TXN_30985,CUST_4081,2023-07-05,170.98
TXN_30986,CUST_4081,2023-08-12,140.2
TXN_30987,CUST_4081,2023-07-08,126.58
TXN_30988,CUST_4081,2023-06-02,168.75
TXN_30989,CUST_4081,2023-08-03,75.11
TXN_30990,CUST_4081,2023-08-13,216.63
TXN_30991,CUST_4081,2023-07-21,42.62
TXN_30992,CUST_4082,2023-10-08,85.98
TXN_30993,CUST_4083,2023-12-28,114.53
TXN_30994,CUST_4084,2023-05-06,51.13
TXN_30995,CUST_4084,2023-12-05,164.75
TXN_30996,CUST_4084,2023-12-14,152.0
TXN_30997,CUST_4084,2023-03-31,22.04
TXN_30998,CUST_4085,2023-10-08,85.02
TXN_30999,CUST_4085,2023-10-16,81.91
TXN_31000,CUST_4085,2023-08-31,186.75
TXN_31001,CUST_4085,2023-09-14,144.44
TXN_31002,CUST_4085,2023-10-29,180.16
TXN_31003,CUST_4085,2023-09-16,190.74
TXN_31004,CUST_4085,2023-12-14,158.34
TXN_31005,CUST_4085,2023-10-18,218.49
TXN_31006,CUST_4085,2023-11-14,97.63
TXN_31007,CUST_4085,2023-12-31,21.71
TXN_31008,CUST_4086,2023-05-30,71.19
TXN_31009,CUST_4086,2023-07-22,154.13
TXN_31010,CUST_4086,2023-06-01,230.68
TXN_31011,CUST_4086,2023-08-23,76.12
TXN_31012,CUST_4086,2023-12-20,192.55
TXN_31013,CUST_4087,2023-05-03,91.05
TXN_31014,CUST_4087,2023-08-03,220.34
TXN_31015,CUST_4087,2023-07-03,32.59
TXN_31016,CUST_4087,2023-07-24,225.94
TXN_31017,CUST_4087,2023-06-17,131.02
TXN_31018,CUST_4087,2023-12-31,164.53
TXN_31019,CUST_4087,2023-09-05,166.93
TXN_31020,CUST_4087,2023-05-10,81.76
TXN_31021,CUST_4088,2023-11-20,185.29
TXN_31022,CUST_4088,2023-08-18,235.84
TXN_31023,CUST_4089,2023-06-20,56.79
TXN_31024,CUST_4089,2023-04-26,118.13
TXN_31025,CUST_4089,2023-06-05,125.37
TXN_31026,CUST_4089,2023-04-25,84.49
TXN_31027,CUST_4089,2023-02-15,230.5
TXN_31028,CUST_4090,2023-06-20,120.19
TXN_31029,CUST_4091,2023-06-28,123.48
TXN_31030,CUST_4092,2023-04-21,47.32
TXN_31031,CUST_4093,2023-05-19,114.22
TXN_31032,CUST_4093,2023-04-11,241.61
TXN_31033,CUST_4093,2023-04-04,130.26
TXN_31034,CUST_4093,2023-03-17,74.52
TXN_31035,CUST_4093,2023-04-02,232.32
TXN_31036,CUST_4093,2023-04-09,144.79
TXN_31037,CUST_4093,2023-05-09,152.04
TXN_31038,CUST_4093,2023-08-16,226.78
TXN_31039,CUST_4094,2023-12-16,143.71
TXN_31040,CUST_4095,2023-12-31,140.68
TXN_31041,CUST_4095,2023-09-30,191.49
TXN_31042,CUST_4095,2023-12-02,233.84
TXN_31043,CUST_4095,2023-10-29,134.12
TXN_31044,CUST_4095,2023-10-28,18.04
TXN_31045,CUST_4095,2023-10-31,181.77
TXN_31046,CUST_4095,2023-11-07,147.32
TXN_31047,CUST_4095,2023-11-04,165.13
TXN_31048,CUST_4096,2023-11-20,161.34
TXN_31049,CUST_4097,2023-12-06,98.68
TXN_31050,CUST_4097,2023-10-13,132.22
TXN_31051,CUST_4097,2023-11-23,175.95
TXN_31052,CUST_4097,2023-10-07,16.68
TXN_31053,CUST_4097,2023-10-10,94.14
TXN_31054,CUST_4097,2023-10-28,207.13
TXN_31055,CUST_4097,2023-10-11,50.83
TXN_31056,CUST_4098,2023-12-31,21.54
TXN_31057,CUST_4098,2023-12-15,226.17
TXN_31058,CUST_4098,2023-12-02,103.72
TXN_31059,CUST_4098,2023-10-28,109.84
TXN_31060,CUST_4098,2023-12-29,137.52
TXN_31061,CUST_4098,2023-10-12,79.4
TXN_31062,CUST_4098,2023-10-26,239.09
TXN_31063,CUST_4098,2023-11-02,178.58
TXN_31064,CUST_4098,2023-10-12,221.17
TXN_31065,CUST_4098,2023-10-31,231.49
TXN_31066,CUST_4098,2023-10-26,175.52
TXN_31067,CUST_4098,2023-10-27,48.5
TXN_31068,CUST_4098,2023-10-18,30.81
TXN_31069,CUST_4098,2023-10-25,167.6
TXN_31070,CUST_4099,2023-04-23,122.86
TXN_31071,CUST_4100,2023-08-21,100.59
TXN_31072,CUST_4100,2023-07-27,152.71
TXN_31073,CUST_4100,2023-07-17,226.65
TXN_31074,CUST_4100,2023-12-15,170.24
TXN_31075,CUST_4100,2023-07-29,162.11
TXN_31076,CUST_4100,2023-08-30,106.94
TXN_31077,CUST_4100,2023-07-27,54.59
TXN_31078,CUST_4100,2023-07-22,168.46
TXN_31079,CUST_4100,2023-11-12,105.46
TXN_31080,CUST_4100,2023-07-15,18.01
TXN_31081,CUST_4100,2023-08-07,69.65
TXN_31082,CUST_4100,2023-07-30,71.79
TXN_31083,CUST_4101,2023-09-15,138.13
TXN_31084,CUST_4101,2023-08-22,98.81
TXN_31085,CUST_4101,2023-08-28,172.73
TXN_31086,CUST_4101,2023-09-19,51.53
TXN_31087,CUST_4101,2023-08-17,221.68
TXN_31088,CUST_4101,2023-06-19,240.78
TXN_31089,CUST_4101,2023-06-28,235.09
TXN_31090,CUST_4101,2023-10-26,195.99
TXN_31091,CUST_4101,2023-06-28,65.86
TXN_31092,CUST_4101,2023-07-03,205.46
TXN_31093,CUST_4101,2023-06-26,151.5
TXN_31094,CUST_4101,2023-09-21,123.25
TXN_31095,CUST_4101,2023-10-14,147.09
TXN_31096,CUST_4101,2023-08-12,174.04
TXN_31097,CUST_4102,2023-02-28,168.14
TXN_31098,CUST_4102,2023-04-03,42.06
TXN_31099,CUST_4102,2023-02-25,66.63
TXN_31100,CUST_4102,2023-02-13,125.06
TXN_31101,CUST_4102,2023-12-31,169.65
TXN_31102,CUST_4102,2023-08-17,245.55
TXN_31103,CUST_4102,2023-04-22,70.95
TXN_31104,CUST_4102,2023-11-18,179.26
TXN_31105,CUST_4102,2023-12-31,167.99
TXN_31106,CUST_4103,2023-04-21,150.78
TXN_31107,CUST_4103,2023-02-16,91.09
TXN_31108,CUST_4103,2023-02-15,213.58
TXN_31109,CUST_4103,2023-05-25,119.91
TXN_31110,CUST_4103,2023-04-26,95.85
TXN_31111,CUST_4103,2023-03-28,160.55
TXN_31112,CUST_4103,2023-02-20,46.51
TXN_31113,CUST_4103,2023-12-18,70.66
TXN_31114,CUST_4103,2023-04-11,193.96
TXN_31115,CUST_4104,2023-01-27,207.63
TXN_31116,CUST_4104,2023-07-09,211.82
TXN_31117,CUST_4104,2023-02-11,120.42
TXN_31118,CUST_4105,2023-11-22,244.85
TXN_31119,CUST_4105,2023-12-31,17.89
TXN_31120,CUST_4105,2023-11-25,30.94
TXN_31121,CUST_4105,2023-11-24,157.66
TXN_31122,CUST_4105,2023-12-02,37.72
TXN_31123,CUST_4105,2023-12-04,213.89
TXN_31124,CUST_4105,2023-12-02,87.84
TXN_31125,CUST_4105,2023-11-19,167.38
TXN_31126,CUST_4106,2023-10-21,88.21
TXN_31127,CUST_4106,2023-10-19,221.99
TXN_31128,CUST_4106,2023-10-26,69.16
TXN_31129,CUST_4107,2023-08-19,245.41
TXN_31130,CUST_4107,2023-07-09,16.68
TXN_31131,CUST_4107,2023-07-06,98.45
TXN_31132,CUST_4107,2023-09-24,105.02
TXN_31133,CUST_4107,2023-10-01,189.55
TXN_31134,CUST_4107,2023-10-05,59.01
TXN_31135,CUST_4107,2023-08-13,182.48
TXN_31136,CUST_4107,2023-07-20,211.94
TXN_31137,CUST_4107,2023-09-30,43.17
TXN_31138,CUST_4107,2023-07-15,70.78
TXN_31139,CUST_4108,2023-10-07,237.71
TXN_31140,CUST_4108,2023-10-16,173.79
TXN_31141,CUST_4108,2023-09-16,172.05
TXN_31142,CUST_4108,2023-09-24,229.09
TXN_31143,CUST_4108,2023-09-10,82.13
TXN_31144,CUST_4108,2023-09-07,104.51
TXN_31145,CUST_4108,2023-09-11,213.61
TXN_31146,CUST_4108,2023-12-15,172.32
TXN_31147,CUST_4109,2023-05-30,241.66
TXN_31148,CUST_4110,2023-10-29,97.94
TXN_31149,CUST_4111,2023-12-31,215.28
TXN_31150,CUST_4111,2023-12-31,228.32
TXN_31151,CUST_4111,2023-12-31,25.91
TXN_31152,CUST_4111,2023-12-31,145.1
TXN_31153,CUST_4111,2023-12-31,24.49
TXN_31154,CUST_4111,2023-12-31,226.72
TXN_31155,CUST_4111,2023-12-31,115.88
TXN_31156,CUST_4111,2023-12-31,226.62
TXN_31157,CUST_4111,2023-12-31,59.11
TXN_31158,CUST_4111,2023-12-31,53.16
TXN_31159,CUST_4111,2023-12-31,228.46
TXN_31160,CUST_4111,2023-12-31,235.52
TXN_31161,CUST_4112,2023-03-20,171.76
TXN_31162,CUST_4112,2023-03-25,72.73
TXN_31163,CUST_4112,2023-07-09,169.39
TXN_31164,CUST_4112,2023-04-16,196.43
TXN_31165,CUST_4112,2023-12-11,143.14
TXN_31166,CUST_4112,2023-06-29,78.87
TXN_31167,CUST_4112,2023-12-31,79.32
TXN_31168,CUST_4112,2023-10-11,233.05
TXN_31169,CUST_4112,2023-07-13,205.72
TXN_31170,CUST_4112,2023-05-09,231.09
TXN_31171,CUST_4112,2023-07-21,91.78
TXN_31172,CUST_4112,2023-03-13,142.08
TXN_31173,CUST_4112,2023-09-07,217.26
TXN_31174,CUST_4112,2023-09-03,65.47
TXN_31175,CUST_4113,2023-12-22,174.1
TXN_31176,CUST_4113,2023-12-22,17.45
TXN_31177,CUST_4113,2023-12-25,231.89
TXN_31178,CUST_4113,2023-12-19,146.71
TXN_31179,CUST_4113,2023-12-18,199.49
TXN_31180,CUST_4113,2023-12-23,188.55
TXN_31181,CUST_4113,2023-12-23,66.36
TXN_31182,CUST_4113,2023-12-17,88.03
TXN_31183,CUST_4113,2023-12-20,108.89
TXN_31184,CUST_4113,2023-12-18,20.24
TXN_31185,CUST_4114,2023-09-15,239.81
TXN_31186,CUST_4115,2023-08-07,168.8
TXN_31187,CUST_4115,2023-12-31,78.21
TXN_31188,CUST_4116,2023-11-27,216.48
TXN_31189,CUST_4117,2023-06-26,77.54
TXN_31190,CUST_4118,2023-12-13,236.59
TXN_31191,CUST_4118,2023-11-17,208.5
TXN_31192,CUST_4118,2023-11-10,145.12
TXN_31193,CUST_4118,2023-12-09,113.38
TXN_31194,CUST_4119,2023-09-18,130.6
TXN_31195,CUST_4120,2023-07-08,245.72
TXN_31196,CUST_4120,2023-10-31,161.33
TXN_31197,CUST_4120,2023-07-07,68.51
TXN_31198,CUST_4120,2023-08-11,162.6
TXN_31199,CUST_4120,2023-09-17,200.24
TXN_31200,CUST_4120,2023-08-23,169.2
TXN_31201,CUST_4120,2023-10-13,184.16
TXN_31202,CUST_4121,2023-05-18,230.47
TXN_31203,CUST_4121,2023-06-12,211.03
TXN_31204,CUST_4121,2023-03-13,181.03
TXN_31205,CUST_4121,2023-03-25,54.69
TXN_31206,CUST_4121,2023-05-22,156.64
TXN_31207,CUST_4121,2023-05-03,35.92
TXN_31208,CUST_4121,2023-03-24,70.33
TXN_31209,CUST_4121,2023-04-03,162.6
TXN_31210,CUST_4122,2023-12-16,174.79
TXN_31211,CUST_4122,2023-11-23,142.31
TXN_31212,CUST_4122,2023-12-16,30.73
TXN_31213,CUST_4122,2023-11-28,204.23
TXN_31214,CUST_4122,2023-12-17,197.21
TXN_31215,CUST_4122,2023-11-26,134.13
TXN_31216,CUST_4122,2023-12-09,50.86
TXN_31217,CUST_4122,2023-12-03,184.29
TXN_31218,CUST_4122,2023-12-16,41.24
TXN_31219,CUST_4122,2023-11-27,142.29
TXN_31220,CUST_4122,2023-12-07,186.56
TXN_31221,CUST_4122,2023-11-25,18.26
TXN_31222,CUST_4122,2023-12-07,228.64
TXN_31223,CUST_4122,2023-12-12,161.28
TXN_31224,CUST_4123,2023-12-29,171.18
TXN_31225,CUST_4123,2023-12-25,183.74
TXN_31226,CUST_4123,2023-12-25,236.43
TXN_31227,CUST_4123,2023-12-29,108.48
TXN_31228,CUST_4123,2023-12-23,93.18
TXN_31229,CUST_4123,2023-12-23,45.91
TXN_31230,CUST_4124,2023-12-05,147.16
TXN_31231,CUST_4124,2023-11-12,218.57
TXN_31232,CUST_4124,2023-12-05,238.56
TXN_31233,CUST_4124,2023-11-09,122.42
TXN_31234,CUST_4125,2023-09-29,160.97
TXN_31235,CUST_4125,2023-08-20,204.25
TXN_31236,CUST_4125,2023-05-25,177.76
TXN_31237,CUST_4125,2023-09-22,24.6
TXN_31238,CUST_4125,2023-06-13,91.14
TXN_31239,CUST_4125,2023-10-10,198.38
TXN_31240,CUST_4125,2023-08-06,204.11
TXN_31241,CUST_4125,2023-07-02,220.6
TXN_31242,CUST_4125,2023-06-07,180.58
TXN_31243,CUST_4125,2023-06-07,24.37
TXN_31244,CUST_4126,2023-07-31,213.21
TXN_31245,CUST_4127,2023-09-24,29.87
TXN_31246,CUST_4127,2023-06-27,112.08
TXN_31247,CUST_4127,2023-07-01,217.72
TXN_31248,CUST_4127,2023-04-14,17.58
TXN_31249,CUST_4127,2023-04-18,220.6
TXN_31250,CUST_4127,2023-05-21,102.24
TXN_31251,CUST_4128,2023-04-19,24.13
TXN_31252,CUST_4129,2023-11-14,163.24
TXN_31253,CUST_4129,2023-11-19,30.59
TXN_31254,CUST_4129,2023-12-18,249.56
TXN_31255,CUST_4129,2023-11-19,190.02
TXN_31256,CUST_4129,2023-11-14,101.88
TXN_31257,CUST_4129,2023-11-14,28.01
TXN_31258,CUST_4129,2023-11-27,203.48
TXN_31259,CUST_4129,2023-11-22,138.18
TXN_31260,CUST_4129,2023-11-18,188.05
TXN_31261,CUST_4129,2023-11-20,30.86
TXN_31262,CUST_4129,2023-11-15,45.19
TXN_31263,CUST_4129,2023-11-22,30.32
TXN_31264,CUST_4129,2023-12-09,228.38
TXN_31265,CUST_4129,2023-11-17,129.09
TXN_31266,CUST_4130,2023-08-21,184.99
TXN_31267,CUST_4130,2023-12-31,125.16
TXN_31268,CUST_4130,2023-09-28,244.4
TXN_31269,CUST_4130,2023-10-15,17.38
TXN_31270,CUST_4130,2023-12-17,218.64
TXN_31271,CUST_4131,2023-01-27,226.32
TXN_31272,CUST_4132,2023-10-20,78.86
TXN_31273,CUST_4132,2023-11-25,220.52
TXN_31274,CUST_4132,2023-07-08,226.07
TXN_31275,CUST_4132,2023-08-28,163.12
TXN_31276,CUST_4132,2023-10-24,110.19
TXN_31277,CUST_4132,2023-09-18,171.92
TXN_31278,CUST_4132,2023-09-27,170.14
TXN_31279,CUST_4132,2023-07-03,83.79
TXN_31280,CUST_4132,2023-12-19,67.5
TXN_31281,CUST_4132,2023-08-06,98.88
TXN_31282,CUST_4132,2023-07-03,57.58
TXN_31283,CUST_4132,2023-07-18,123.88
TXN_31284,CUST_4132,2023-11-03,136.17
TXN_31285,CUST_4132,2023-09-01,115.1
TXN_31286,CUST_4133,2023-12-08,171.14
TXN_31287,CUST_4133,2023-12-09,121.51
TXN_31288,CUST_4133,2023-12-14,106.2
TXN_31289,CUST_4133,2023-12-08,189.69
TXN_31290,CUST_4133,2023-12-24,53.0
TXN_31291,CUST_4133,2023-12-22,200.34
TXN_31292,CUST_4133,2023-12-14,155.08
TXN_31293,CUST_4133,2023-12-16,138.32
TXN_31294,CUST_4134,2023-11-16,232.95
TXN_31295,CUST_4134,2023-12-20,83.04
TXN_31296,CUST_4134,2023-10-30,118.2
TXN_31297,CUST_4134,2023-12-09,211.49
TXN_31298,CUST_4134,2023-11-18,51.81
TXN_31299,CUST_4134,2023-11-01,239.35
TXN_31300,CUST_4134,2023-11-10,167.32
TXN_31301,CUST_4134,2023-12-17,219.42
TXN_31302,CUST_4134,2023-11-16,129.66
TXN_31303,CUST_4134,2023-11-26,97.17
TXN_31304,CUST_4135,2023-11-28,30.46
TXN_31305,CUST_4135,2023-12-04,88.15
TXN_31306,CUST_4135,2023-12-16,112.26
TXN_31307,CUST_4136,2023-02-25,173.27
TXN_31308,CUST_4137,2023-09-17,145.78
TXN_31309,CUST_4137,2023-09-06,33.44
TXN_31310,CUST_4137,2023-09-28,164.89
TXN_31311,CUST_4137,2023-10-09,98.8
TXN_31312,CUST_4137,2023-09-07,66.79
TXN_31313,CUST_4138,2023-07-01,207.37
TXN_31314,CUST_4139,2023-12-09,44.85
TXN_31315,CUST_4140,2023-12-15,208.88
TXN_31316,CUST_4140,2023-11-16,158.91
TXN_31317,CUST_4141,2023-11-14,215.58
TXN_31318,CUST_4142,2023-03-09,139.7
TXN_31319,CUST_4142,2023-05-27,137.01
TXN_31320,CUST_4142,2023-03-30,96.76
TXN_31321,CUST_4142,2023-07-16,188.66
TXN_31322,CUST_4142,2023-06-12,103.05
TXN_31323,CUST_4142,2023-07-15,240.06
TXN_31324,CUST_4142,2023-06-09,110.86
TXN_31325,CUST_4142,2023-07-26,158.19
TXN_31326,CUST_4142,2023-09-21,182.6
TXN_31327,CUST_4142,2023-07-13,171.85
TXN_31328,CUST_4142,2023-02-09,129.0
TXN_31329,CUST_4142,2023-02-05,120.17
TXN_31330,CUST_4142,2023-06-19,114.0
TXN_31331,CUST_4143,2023-08-04,30.92
TXN_31332,CUST_4144,2023-12-30,55.71
TXN_31333,CUST_4144,2023-12-26,90.82
TXN_31334,CUST_4144,2023-12-23,109.37
TXN_31335,CUST_4144,2023-12-23,73.33
TXN_31336,CUST_4144,2023-12-26,179.38
TXN_31337,CUST_4144,2023-12-23,146.64
TXN_31338,CUST_4144,2023-12-24,243.19
TXN_31339,CUST_4144,2023-12-24,24.53
TXN_31340,CUST_4144,2023-12-24,88.49
TXN_31341,CUST_4144,2023-12-23,129.63
TXN_31342,CUST_4144,2023-12-29,203.54
TXN_31343,CUST_4144,2023-12-26,95.73
TXN_31344,CUST_4144,2023-12-23,95.51
TXN_31345,CUST_4144,2023-12-23,38.38
TXN_31346,CUST_4145,2023-03-26,39.87
TXN_31347,CUST_4145,2023-02-21,82.5
TXN_31348,CUST_4145,2023-07-18,176.36
TXN_31349,CUST_4145,2023-02-20,212.11
TXN_31350,CUST_4145,2023-09-04,222.37
TXN_31351,CUST_4145,2023-03-02,46.43
TXN_31352,CUST_4145,2023-02-06,109.02
TXN_31353,CUST_4145,2023-03-29,219.03
TXN_31354,CUST_4145,2023-03-01,162.32
TXN_31355,CUST_4145,2023-07-19,78.25
TXN_31356,CUST_4145,2023-03-01,172.25
TXN_31357,CUST_4146,2023-05-03,191.36
TXN_31358,CUST_4146,2023-08-09,54.18
TXN_31359,CUST_4146,2023-08-17,173.57
TXN_31360,CUST_4146,2023-12-31,160.4
TXN_31361,CUST_4146,2023-06-06,239.17
TXN_31362,CUST_4146,2023-07-14,96.93
TXN_31363,CUST_4146,2023-04-23,192.81
TXN_31364,CUST_4146,2023-05-02,232.06
TXN_31365,CUST_4147,2023-07-31,154.9
TXN_31366,CUST_4147,2023-08-06,142.33
TXN_31367,CUST_4148,2023-08-05,180.55
TXN_31368,CUST_4148,2023-07-24,46.0
TXN_31369,CUST_4148,2023-07-12,62.77
TXN_31370,CUST_4149,2023-03-14,151.07
TXN_31371,CUST_4150,2023-09-04,27.39
TXN_31372,CUST_4151,2023-04-14,82.19
TXN_31373,CUST_4151,2023-08-03,146.09
TXN_31374,CUST_4151,2023-02-27,16.99
TXN_31375,CUST_4151,2023-02-09,114.1
TXN_31376,CUST_4151,2023-03-20,76.6
TXN_31377,CUST_4151,2023-05-24,206.1
TXN_31378,CUST_4151,2023-02-15,40.84
TXN_31379,CUST_4151,2023-03-29,118.75
TXN_31380,CUST_4151,2023-04-03,165.08
TXN_31381,CUST_4151,2023-02-17,131.26
TXN_31382,CUST_4151,2023-08-08,233.19
TXN_31383,CUST_4151,2023-05-08,47.53
TXN_31384,CUST_4151,2023-06-29,202.14
TXN_31385,CUST_4151,2023-03-03,174.21
TXN_31386,CUST_4152,2023-04-15,105.19
TXN_31387,CUST_4152,2023-07-25,131.38
TXN_31388,CUST_4152,2023-10-14,67.36
TXN_31389,CUST_4152,2023-01-29,104.53
TXN_31390,CUST_4153,2023-03-20,63.74
TXN_31391,CUST_4154,2023-10-02,161.41
TXN_31392,CUST_4154,2023-10-14,88.82
TXN_31393,CUST_4154,2023-09-23,162.02
TXN_31394,CUST_4154,2023-08-05,81.02
TXN_31395,CUST_4154,2023-11-08,51.69
TXN_31396,CUST_4154,2023-08-25,67.93
TXN_31397,CUST_4154,2023-08-08,47.06
TXN_31398,CUST_4154,2023-08-22,203.82
TXN_31399,CUST_4155,2023-11-17,224.48
TXN_31400,CUST_4155,2023-12-06,238.84
TXN_31401,CUST_4155,2023-11-14,50.51
TXN_31402,CUST_4155,2023-12-20,130.89
TXN_31403,CUST_4155,2023-12-16,187.04
TXN_31404,CUST_4155,2023-12-14,168.86
TXN_31405,CUST_4156,2023-06-30,66.84
TXN_31406,CUST_4156,2023-06-03,211.68
TXN_31407,CUST_4156,2023-10-23,120.86
TXN_31408,CUST_4156,2023-07-24,188.86
TXN_31409,CUST_4156,2023-07-01,62.35
TXN_31410,CUST_4156,2023-06-06,70.28
TXN_31411,CUST_4156,2023-08-11,96.71
TXN_31412,CUST_4156,2023-10-21,35.57
TXN_31413,CUST_4157,2023-09-26,117.55
TXN_31414,CUST_4157,2023-09-30,175.66
TXN_31415,CUST_4157,2023-09-16,64.02
TXN_31416,CUST_4157,2023-09-18,17.12
TXN_31417,CUST_4157,2023-11-10,105.18
TXN_31418,CUST_4157,2023-10-08,91.31
TXN_31419,CUST_4157,2023-10-07,142.0
TXN_31420,CUST_4157,2023-09-07,161.95
TXN_31421,CUST_4157,2023-09-02,128.06
TXN_31422,CUST_4157,2023-10-20,144.03
TXN_31423,CUST_4157,2023-10-24,79.19
TXN_31424,CUST_4157,2023-08-31,28.15
TXN_31425,CUST_4158,2023-10-15,141.31
TXN_31426,CUST_4159,2023-04-02,79.23
TXN_31427,CUST_4159,2023-05-08,98.61
TXN_31428,CUST_4159,2023-03-08,98.12
TXN_31429,CUST_4159,2023-03-29,214.67
TXN_31430,CUST_4159,2023-09-01,48.25
TXN_31431,CUST_4159,2023-07-11,120.95
TXN_31432,CUST_4159,2023-09-22,79.39
TXN_31433,CUST_4159,2023-03-09,203.12
TXN_31434,CUST_4159,2023-09-22,212.52
TXN_31435,CUST_4160,2023-10-14,47.81
TXN_31436,CUST_4161,2023-08-06,26.19
TXN_31437,CUST_4161,2023-07-24,51.8
TXN_31438,CUST_4161,2023-07-30,73.27
TXN_31439,CUST_4161,2023-12-18,150.32
TXN_31440,CUST_4161,2023-08-19,147.49
TXN_31441,CUST_4162,2023-10-08,140.09
TXN_31442,CUST_4163,2023-09-07,94.29
TXN_31443,CUST_4163,2023-12-14,215.22
TXN_31444,CUST_4163,2023-12-31,37.61
TXN_31445,CUST_4163,2023-12-31,142.58
TXN_31446,CUST_4164,2023-12-08,15.61
TXN_31447,CUST_4164,2023-10-11,187.1
TXN_31448,CUST_4165,2023-12-31,187.35
TXN_31449,CUST_4165,2023-10-07,189.69
TXN_31450,CUST_4165,2023-10-15,56.84
TXN_31451,CUST_4165,2023-10-18,175.04
TXN_31452,CUST_4165,2023-09-21,90.23
TXN_31453,CUST_4165,2023-09-28,156.6
TXN_31454,CUST_4165,2023-09-16,189.72
TXN_31455,CUST_4165,2023-09-26,177.57
TXN_31456,CUST_4165,2023-12-19,219.42
TXN_31457,CUST_4166,2023-06-14,164.41
TXN_31458,CUST_4166,2023-07-03,219.17
TXN_31459,CUST_4166,2023-02-22,166.41
TXN_31460,CUST_4166,2023-02-16,96.38
TXN_31461,CUST_4166,2023-04-06,117.03
TXN_31462,CUST_4167,2023-08-05,37.77
TXN_31463,CUST_4167,2023-12-31,159.63
TXN_31464,CUST_4167,2023-06-26,223.03
TXN_31465,CUST_4167,2023-05-22,183.58
TXN_31466,CUST_4167,2023-05-30,144.84
TXN_31467,CUST_4167,2023-05-26,174.6
TXN_31468,CUST_4167,2023-07-05,16.57
TXN_31469,CUST_4168,2023-06-02,108.87
TXN_31470,CUST_4169,2023-08-21,99.23
TXN_31471,CUST_4169,2023-10-04,17.7
TXN_31472,CUST_4169,2023-09-02,95.63
TXN_31473,CUST_4169,2023-11-06,200.95
TXN_31474,CUST_4169,2023-08-22,218.23
TXN_31475,CUST_4169,2023-12-03,144.83
TXN_31476,CUST_4169,2023-08-10,196.03
TXN_31477,CUST_4170,2023-10-22,25.71
TXN_31478,CUST_4171,2023-12-05,24.58
TXN_31479,CUST_4171,2023-12-03,196.41
TXN_31480,CUST_4171,2023-11-20,191.24
TXN_31481,CUST_4171,2023-11-21,179.04
TXN_31482,CUST_4171,2023-11-28,144.72
TXN_31483,CUST_4171,2023-11-25,72.68
TXN_31484,CUST_4171,2023-11-21,218.2
TXN_31485,CUST_4171,2023-12-02,245.96
TXN_31486,CUST_4171,2023-12-15,219.36
TXN_31487,CUST_4171,2023-12-02,34.02
TXN_31488,CUST_4171,2023-12-23,42.7
TXN_31489,CUST_4171,2023-11-29,216.36
TXN_31490,CUST_4172,2023-04-07,247.27
TXN_31491,CUST_4172,2023-12-31,182.05
TXN_31492,CUST_4172,2023-10-06,25.39
TXN_31493,CUST_4172,2023-03-23,101.71
TXN_31494,CUST_4172,2023-02-18,103.59
TXN_31495,CUST_4172,2023-02-27,136.59
TXN_31496,CUST_4172,2023-02-17,78.56
TXN_31497,CUST_4172,2023-09-17,65.07
TXN_31498,CUST_4172,2023-02-24,73.69
TXN_31499,CUST_4172,2023-08-21,152.99
TXN_31500,CUST_4172,2023-05-21,15.13
TXN_31501,CUST_4172,2023-04-25,77.42
TXN_31502,CUST_4172,2023-04-01,155.69
TXN_31503,CUST_4172,2023-09-24,57.69
TXN_31504,CUST_4173,2023-05-04,90.23
TXN_31505,CUST_4173,2023-09-22,34.22
TXN_31506,CUST_4173,2023-07-03,108.96
TXN_31507,CUST_4173,2023-05-01,134.72
TXN_31508,CUST_4173,2023-06-21,103.85
TXN_31509,CUST_4173,2023-04-25,63.61
TXN_31510,CUST_4173,2023-06-03,80.15
TXN_31511,CUST_4173,2023-05-05,129.44
TXN_31512,CUST_4173,2023-06-02,171.26
TXN_31513,CUST_4174,2023-06-15,187.43
TXN_31514,CUST_4174,2023-06-16,43.76
TXN_31515,CUST_4174,2023-06-30,212.1
TXN_31516,CUST_4175,2023-06-05,82.27
TXN_31517,CUST_4176,2023-12-26,110.28
TXN_31518,CUST_4177,2023-05-03,204.25
TXN_31519,CUST_4177,2023-07-14,198.7
TXN_31520,CUST_4177,2023-06-29,155.52
TXN_31521,CUST_4177,2023-05-05,172.41
TXN_31522,CUST_4177,2023-04-25,79.82
TXN_31523,CUST_4177,2023-04-29,238.14
TXN_31524,CUST_4177,2023-10-29,220.59
TXN_31525,CUST_4178,2023-11-30,83.59
TXN_31526,CUST_4178,2023-09-18,124.74
TXN_31527,CUST_4178,2023-09-01,208.8
TXN_31528,CUST_4178,2023-09-03,202.92
TXN_31529,CUST_4178,2023-12-12,148.44
TXN_31530,CUST_4178,2023-09-05,117.63
TXN_31531,CUST_4178,2023-09-04,42.97
TXN_31532,CUST_4178,2023-10-26,107.36
TXN_31533,CUST_4178,2023-08-29,26.39
TXN_31534,CUST_4178,2023-11-07,160.63
TXN_31535,CUST_4179,2023-11-24,88.07
TXN_31536,CUST_4179,2023-11-22,179.43
TXN_31537,CUST_4179,2023-11-28,22.04
TXN_31538,CUST_4179,2023-11-17,148.98
TXN_31539,CUST_4179,2023-12-14,25.33
TXN_31540,CUST_4180,2023-08-01,135.94
TXN_31541,CUST_4180,2023-09-13,167.2
TXN_31542,CUST_4180,2023-09-29,41.79
TXN_31543,CUST_4180,2023-08-21,133.99
TXN_31544,CUST_4180,2023-12-30,230.79
TXN_31545,CUST_4180,2023-09-28,221.07
TXN_31546,CUST_4180,2023-09-27,184.31
TXN_31547,CUST_4181,2023-09-21,230.27
TXN_31548,CUST_4182,2023-04-25,108.41
TXN_31549,CUST_4182,2023-07-11,169.18
TXN_31550,CUST_4182,2023-06-06,224.57
TXN_31551,CUST_4182,2023-12-31,148.29
TXN_31552,CUST_4182,2023-04-05,198.04
TXN_31553,CUST_4182,2023-03-08,135.53
TXN_31554,CUST_4182,2023-05-08,246.11
TXN_31555,CUST_4182,2023-12-31,202.82
TXN_31556,CUST_4182,2023-04-28,143.6
TXN_31557,CUST_4182,2023-04-01,210.01
TXN_31558,CUST_4182,2023-07-13,196.28
TXN_31559,CUST_4183,2023-10-31,141.28
TXN_31560,CUST_4184,2023-05-04,35.55
TXN_31561,CUST_4185,2023-04-21,122.83
TXN_31562,CUST_4185,2023-04-05,127.9
TXN_31563,CUST_4185,2023-04-26,77.72
TXN_31564,CUST_4186,2023-07-19,68.9
TXN_31565,CUST_4186,2023-09-22,225.09
TXN_31566,CUST_4186,2023-09-30,138.36
TXN_31567,CUST_4186,2023-07-19,192.4
TXN_31568,CUST_4186,2023-07-19,96.71
TXN_31569,CUST_4186,2023-08-02,99.42
TXN_31570,CUST_4186,2023-08-04,195.76
TXN_31571,CUST_4186,2023-07-23,213.77
TXN_31572,CUST_4186,2023-11-01,130.37
TXN_31573,CUST_4186,2023-07-19,150.22
TXN_31574,CUST_4186,2023-10-19,83.03
TXN_31575,CUST_4186,2023-10-24,174.08
TXN_31576,CUST_4186,2023-12-31,208.81
TXN_31577,CUST_4186,2023-07-25,120.52
TXN_31578,CUST_4187,2023-04-20,180.92
TXN_31579,CUST_4188,2023-10-05,146.65
TXN_31580,CUST_4188,2023-10-05,84.54
TXN_31581,CUST_4188,2023-11-23,205.46
TXN_31582,CUST_4188,2023-12-07,128.33
TXN_31583,CUST_4188,2023-10-24,196.09
TXN_31584,CUST_4188,2023-10-06,208.43
TXN_31585,CUST_4188,2023-09-28,202.45
TXN_31586,CUST_4188,2023-11-13,85.92
TXN_31587,CUST_4188,2023-11-07,65.29
TXN_31588,CUST_4188,2023-10-24,179.64
TXN_31589,CUST_4188,2023-11-06,245.99
TXN_31590,CUST_4188,2023-10-04,127.99
TXN_31591,CUST_4188,2023-12-03,146.96
TXN_31592,CUST_4189,2023-11-18,180.74
TXN_31593,CUST_4189,2023-04-21,36.69
TXN_31594,CUST_4189,2023-06-14,144.33
TXN_31595,CUST_4189,2023-07-06,227.95
TXN_31596,CUST_4189,2023-07-08,230.29
TXN_31597,CUST_4189,2023-04-17,181.67
TXN_31598,CUST_4189,2023-11-27,123.76
TXN_31599,CUST_4190,2023-08-05,159.94
TXN_31600,CUST_4190,2023-07-20,199.86
TXN_31601,CUST_4190,2023-07-20,52.23
TXN_31602,CUST_4190,2023-08-12,146.06
TXN_31603,CUST_4191,2023-02-11,245.86
TXN_31604,CUST_4191,2023-06-17,99.01
TXN_31605,CUST_4191,2023-02-12,183.02
TXN_31606,CUST_4191,2023-02-05,120.28
TXN_31607,CUST_4191,2023-01-22,74.72
TXN_31608,CUST_4191,2023-01-13,115.38
TXN_31609,CUST_4191,2023-11-14,38.7
TXN_31610,CUST_4191,2023-03-11,85.11
TXN_31611,CUST_4191,2023-02-24,196.3
TXN_31612,CUST_4191,2023-03-11,167.84
TXN_31613,CUST_4191,2023-12-31,159.87
TXN_31614,CUST_4191,2023-02-19,108.45
TXN_31615,CUST_4192,2023-06-22,179.8
TXN_31616,CUST_4192,2023-07-12,45.46
TXN_31617,CUST_4192,2023-09-10,92.94
TXN_31618,CUST_4192,2023-09-10,53.17
TXN_31619,CUST_4192,2023-12-31,203.8
TXN_31620,CUST_4193,2023-08-21,46.91
TXN_31621,CUST_4194,2023-11-20,107.5
TXN_31622,CUST_4194,2023-12-04,225.35
TXN_31623,CUST_4194,2023-11-14,129.89
TXN_31624,CUST_4195,2023-04-26,94.38
TXN_31625,CUST_4195,2023-04-12,236.29
TXN_31626,CUST_4195,2023-10-31,219.45
TXN_31627,CUST_4195,2023-04-01,69.86
TXN_31628,CUST_4195,2023-06-19,243.04
TXN_31629,CUST_4195,2023-06-17,91.87
TXN_31630,CUST_4195,2023-08-29,46.83
TXN_31631,CUST_4195,2023-10-10,244.05
TXN_31632,CUST_4195,2023-12-31,49.71
TXN_31633,CUST_4195,2023-06-05,152.46
TXN_31634,CUST_4195,2023-04-11,143.49
TXN_31635,CUST_4195,2023-06-28,92.31
TXN_31636,CUST_4195,2023-04-26,29.16
TXN_31637,CUST_4195,2023-12-31,203.85
TXN_31638,CUST_4196,2023-09-14,153.2
TXN_31639,CUST_4196,2023-10-16,162.95
TXN_31640,CUST_4197,2023-07-07,21.45
TXN_31641,CUST_4197,2023-11-25,228.53
TXN_31642,CUST_4197,2023-07-27,33.35
TXN_31643,CUST_4197,2023-08-02,138.14
TXN_31644,CUST_4197,2023-10-08,183.52
TXN_31645,CUST_4197,2023-06-22,180.75
TXN_31646,CUST_4197,2023-06-27,36.03
TXN_31647,CUST_4198,2023-03-21,209.88
TXN_31648,CUST_4199,2023-06-29,181.51
TXN_31649,CUST_4199,2023-06-12,114.75
TXN_31650,CUST_4199,2023-09-30,214.42
TXN_31651,CUST_4199,2023-05-31,98.35
TXN_31652,CUST_4199,2023-06-06,224.21
TXN_31653,CUST_4199,2023-09-02,147.38
TXN_31654,CUST_4199,2023-08-07,229.83
TXN_31655,CUST_4199,2023-06-16,18.21
TXN_31656,CUST_4199,2023-05-22,25.97
TXN_31657,CUST_4199,2023-05-31,149.16
TXN_31658,CUST_4199,2023-12-31,113.68
TXN_31659,CUST_4199,2023-08-22,201.16
TXN_31660,CUST_4200,2023-03-13,151.09
TXN_31661,CUST_4200,2023-04-05,95.25
TXN_31662,CUST_4200,2023-04-16,216.75
TXN_31663,CUST_4200,2023-03-15,96.78
TXN_31664,CUST_4201,2023-10-22,200.41
TXN_31665,CUST_4202,2023-12-17,67.86
TXN_31666,CUST_4202,2023-12-10,205.69
TXN_31667,CUST_4202,2023-12-24,166.55
TXN_31668,CUST_4202,2023-12-10,157.39
TXN_31669,CUST_4202,2023-12-07,21.88
TXN_31670,CUST_4203,2023-11-06,68.03
TXN_31671,CUST_4204,2023-10-07,249.6
TXN_31672,CUST_4204,2023-09-29,192.86
TXN_31673,CUST_4204,2023-09-15,241.28
TXN_31674,CUST_4204,2023-09-13,155.21
TXN_31675,CUST_4204,2023-12-31,204.94
TXN_31676,CUST_4204,2023-12-31,104.24
TXN_31677,CUST_4204,2023-09-05,72.22
TXN_31678,CUST_4204,2023-12-31,102.09
TXN_31679,CUST_4204,2023-09-07,154.38
TXN_31680,CUST_4204,2023-09-29,29.68
TXN_31681,CUST_4205,2023-12-31,196.27
TXN_31682,CUST_4205,2023-02-07,31.85
TXN_31683,CUST_4205,2023-04-28,15.76
TXN_31684,CUST_4205,2023-07-11,72.13
TXN_31685,CUST_4205,2023-02-14,95.84
TXN_31686,CUST_4205,2023-06-26,77.45
TXN_31687,CUST_4205,2023-02-12,142.13
TXN_31688,CUST_4205,2023-03-19,239.56
TXN_31689,CUST_4205,2023-02-08,36.59
TXN_31690,CUST_4205,2023-04-06,58.36
TXN_31691,CUST_4205,2023-03-08,58.99
TXN_31692,CUST_4206,2023-12-13,30.98
TXN_31693,CUST_4206,2023-12-05,236.01
TXN_31694,CUST_4207,2023-06-19,45.19
TXN_31695,CUST_4207,2023-10-10,125.14
TXN_31696,CUST_4207,2023-03-20,200.98
TXN_31697,CUST_4207,2023-06-10,222.3
TXN_31698,CUST_4207,2023-08-27,90.23
TXN_31699,CUST_4208,2023-07-07,149.73
TXN_31700,CUST_4209,2023-04-05,50.57
TXN_31701,CUST_4210,2023-07-01,215.48
TXN_31702,CUST_4210,2023-07-06,184.42
TXN_31703,CUST_4210,2023-06-26,92.98
TXN_31704,CUST_4210,2023-08-04,21.57
TXN_31705,CUST_4210,2023-07-05,89.94
TXN_31706,CUST_4210,2023-12-31,198.18
TXN_31707,CUST_4211,2023-05-13,157.81
TXN_31708,CUST_4211,2023-08-13,141.05
TXN_31709,CUST_4211,2023-08-04,114.17
TXN_31710,CUST_4211,2023-09-01,152.48
TXN_31711,CUST_4211,2023-05-07,224.33
TXN_31712,CUST_4212,2023-09-14,80.78
TXN_31713,CUST_4212,2023-08-26,23.15
TXN_31714,CUST_4212,2023-07-08,100.66
TXN_31715,CUST_4212,2023-07-20,98.05
TXN_31716,CUST_4212,2023-12-10,32.37
TXN_31717,CUST_4212,2023-08-08,61.59
TXN_31718,CUST_4212,2023-07-28,174.1
TXN_31719,CUST_4212,2023-12-31,178.26
TXN_31720,CUST_4212,2023-11-10,49.61
TXN_31721,CUST_4213,2023-11-08,157.77
TXN_31722,CUST_4214,2023-03-17,138.04
TXN_31723,CUST_4214,2023-03-27,64.91
TXN_31724,CUST_4214,2023-04-04,122.96
TXN_31725,CUST_4214,2023-05-13,219.81
TXN_31726,CUST_4214,2023-10-14,152.87
TXN_31727,CUST_4214,2023-04-08,207.33
TXN_31728,CUST_4215,2023-12-17,219.58
TXN_31729,CUST_4215,2023-12-05,52.01
TXN_31730,CUST_4215,2023-12-06,113.81
TXN_31731,CUST_4215,2023-12-14,193.11
TXN_31732,CUST_4215,2023-12-31,103.88
TXN_31733,CUST_4215,2023-12-07,142.39
TXN_31734,CUST_4215,2023-12-19,170.32
TXN_31735,CUST_4215,2023-12-10,167.31
TXN_31736,CUST_4215,2023-12-08,193.38
TXN_31737,CUST_4215,2023-12-03,134.62
TXN_31738,CUST_4216,2023-11-25,198.97
TXN_31739,CUST_4216,2023-10-25,74.25
TXN_31740,CUST_4216,2023-11-28,22.04
TXN_31741,CUST_4216,2023-10-26,198.9
TXN_31742,CUST_4216,2023-10-18,39.17
TXN_31743,CUST_4217,2023-06-02,66.42
TXN_31744,CUST_4217,2023-04-21,47.04
TXN_31745,CUST_4217,2023-04-11,144.93
TXN_31746,CUST_4217,2023-04-22,218.44
TXN_31747,CUST_4217,2023-12-31,131.53
TXN_31748,CUST_4217,2023-06-01,96.8
TXN_31749,CUST_4217,2023-07-08,157.89
TXN_31750,CUST_4218,2023-03-19,166.53
TXN_31751,CUST_4219,2023-12-31,87.15
TXN_31752,CUST_4219,2023-12-18,122.83
TXN_31753,CUST_4219,2023-12-19,156.03
TXN_31754,CUST_4219,2023-12-29,166.19
TXN_31755,CUST_4219,2023-12-21,72.83
TXN_31756,CUST_4219,2023-12-19,117.48
TXN_31757,CUST_4219,2023-12-27,151.18
TXN_31758,CUST_4219,2023-12-20,142.5
TXN_31759,CUST_4219,2023-12-25,174.31
TXN_31760,CUST_4219,2023-12-29,151.71
TXN_31761,CUST_4219,2023-12-18,19.4
TXN_31762,CUST_4219,2023-12-19,29.74
TXN_31763,CUST_4220,2023-08-15,76.45
TXN_31764,CUST_4220,2023-05-27,209.13
TXN_31765,CUST_4220,2023-06-16,150.21
TXN_31766,CUST_4220,2023-07-10,152.51
TXN_31767,CUST_4220,2023-05-13,86.08
TXN_31768,CUST_4220,2023-05-13,127.84
TXN_31769,CUST_4220,2023-11-07,106.46
TXN_31770,CUST_4220,2023-09-05,82.5
TXN_31771,CUST_4220,2023-10-08,113.58
TXN_31772,CUST_4220,2023-06-11,178.91
TXN_31773,CUST_4221,2023-12-05,27.91
TXN_31774,CUST_4221,2023-12-09,154.41
TXN_31775,CUST_4222,2023-05-13,23.03
TXN_31776,CUST_4222,2023-03-20,120.47
TXN_31777,CUST_4222,2023-07-04,25.37
TXN_31778,CUST_4222,2023-07-25,62.62
TXN_31779,CUST_4222,2023-07-14,161.99
TXN_31780,CUST_4222,2023-03-28,185.08
TXN_31781,CUST_4222,2023-03-12,66.64
TXN_31782,CUST_4222,2023-02-18,107.37
TXN_31783,CUST_4222,2023-02-23,113.58
TXN_31784,CUST_4222,2023-02-13,51.44
TXN_31785,CUST_4223,2023-05-15,152.44
TXN_31786,CUST_4223,2023-04-12,63.77
TXN_31787,CUST_4223,2023-12-16,120.85
TXN_31788,CUST_4223,2023-09-02,230.46
TXN_31789,CUST_4224,2023-11-28,134.55
TXN_31790,CUST_4224,2023-12-02,187.19
TXN_31791,CUST_4224,2023-11-10,163.47
TXN_31792,CUST_4224,2023-11-26,30.82
TXN_31793,CUST_4224,2023-11-18,226.22
TXN_31794,CUST_4224,2023-12-31,198.82
TXN_31795,CUST_4224,2023-11-12,103.06
TXN_31796,CUST_4224,2023-11-13,168.25
TXN_31797,CUST_4224,2023-12-05,222.68
TXN_31798,CUST_4224,2023-12-13,38.31
TXN_31799,CUST_4225,2023-12-15,213.29
TXN_31800,CUST_4226,2023-11-02,109.46
TXN_31801,CUST_4226,2023-10-04,52.94
TXN_31802,CUST_4227,2023-09-01,230.89
TXN_31803,CUST_4228,2023-08-24,145.23
TXN_31804,CUST_4228,2023-08-12,71.76
TXN_31805,CUST_4228,2023-08-25,36.39
TXN_31806,CUST_4228,2023-08-05,67.7
TXN_31807,CUST_4228,2023-07-15,232.49
TXN_31808,CUST_4228,2023-09-16,54.67
TXN_31809,CUST_4228,2023-12-30,65.76
TXN_31810,CUST_4228,2023-07-23,46.32
TXN_31811,CUST_4228,2023-09-22,149.16
TXN_31812,CUST_4228,2023-07-11,20.95
TXN_31813,CUST_4228,2023-08-21,168.11
TXN_31814,CUST_4228,2023-10-17,127.39
TXN_31815,CUST_4228,2023-09-12,187.41
TXN_31816,CUST_4229,2023-09-10,30.38
TXN_31817,CUST_4229,2023-09-14,56.78
TXN_31818,CUST_4229,2023-10-07,179.01
TXN_31819,CUST_4229,2023-09-04,118.31
TXN_31820,CUST_4229,2023-10-12,60.33
TXN_31821,CUST_4229,2023-12-03,144.02
TXN_31822,CUST_4229,2023-09-20,19.39
TXN_31823,CUST_4229,2023-09-30,93.95
TXN_31824,CUST_4230,2023-09-30,196.25
TXN_31825,CUST_4230,2023-08-05,141.31
TXN_31826,CUST_4230,2023-08-25,178.3
TXN_31827,CUST_4230,2023-08-20,189.78
TXN_31828,CUST_4230,2023-09-18,200.57
TXN_31829,CUST_4231,2023-11-24,249.28
TXN_31830,CUST_4231,2023-12-09,217.41
TXN_31831,CUST_4231,2023-12-31,137.98
TXN_31832,CUST_4231,2023-11-25,121.79
TXN_31833,CUST_4231,2023-11-13,138.44
TXN_31834,CUST_4231,2023-11-25,70.76
TXN_31835,CUST_4231,2023-12-06,44.25
TXN_31836,CUST_4231,2023-11-22,170.74
TXN_31837,CUST_4231,2023-11-11,203.95
TXN_31838,CUST_4231,2023-11-17,183.67
TXN_31839,CUST_4231,2023-11-12,160.77
TXN_31840,CUST_4231,2023-11-24,50.25
TXN_31841,CUST_4231,2023-11-27,177.46
TXN_31842,CUST_4232,2023-12-26,197.62
TXN_31843,CUST_4232,2023-12-09,152.24
TXN_31844,CUST_4232,2023-12-11,151.82
TXN_31845,CUST_4232,2023-12-22,62.03
TXN_31846,CUST_4232,2023-12-14,40.15
TXN_31847,CUST_4232,2023-12-10,164.42
TXN_31848,CUST_4232,2023-12-05,40.4
TXN_31849,CUST_4232,2023-12-05,103.05
TXN_31850,CUST_4232,2023-12-13,249.05
TXN_31851,CUST_4232,2023-12-07,46.95
TXN_31852,CUST_4232,2023-12-09,49.3
TXN_31853,CUST_4232,2023-12-05,147.53
TXN_31854,CUST_4233,2023-07-06,74.24
TXN_31855,CUST_4233,2023-08-02,220.58
TXN_31856,CUST_4233,2023-11-03,190.07
TXN_31857,CUST_4233,2023-08-07,70.2
TXN_31858,CUST_4233,2023-07-29,178.26
TXN_31859,CUST_4233,2023-08-15,135.8
TXN_31860,CUST_4233,2023-07-23,191.84
TXN_31861,CUST_4233,2023-10-16,184.88
TXN_31862,CUST_4233,2023-12-16,198.27
TXN_31863,CUST_4233,2023-07-26,159.94
TXN_31864,CUST_4233,2023-08-02,143.39
TXN_31865,CUST_4233,2023-11-12,85.7
TXN_31866,CUST_4233,2023-06-17,178.48
TXN_31867,CUST_4233,2023-06-30,51.24
TXN_31868,CUST_4234,2023-12-19,186.3
TXN_31869,CUST_4234,2023-12-10,81.1
TXN_31870,CUST_4234,2023-12-10,17.18
TXN_31871,CUST_4234,2023-12-12,32.52
TXN_31872,CUST_4234,2023-12-06,162.1
TXN_31873,CUST_4234,2023-12-05,149.79
TXN_31874,CUST_4234,2023-12-13,200.24
TXN_31875,CUST_4234,2023-12-05,15.69
TXN_31876,CUST_4234,2023-12-17,83.16
TXN_31877,CUST_4234,2023-12-23,58.47
TXN_31878,CUST_4234,2023-12-12,40.71
TXN_31879,CUST_4234,2023-12-09,222.29
TXN_31880,CUST_4234,2023-12-13,177.06
TXN_31881,CUST_4235,2023-12-05,161.52
TXN_31882,CUST_4236,2023-10-10,18.74
TXN_31883,CUST_4237,2023-12-25,99.22
TXN_31884,CUST_4238,2023-03-17,111.25
TXN_31885,CUST_4239,2023-09-01,40.53
TXN_31886,CUST_4240,2023-12-20,123.98
TXN_31887,CUST_4240,2023-11-26,233.14
TXN_31888,CUST_4241,2023-07-19,40.54
TXN_31889,CUST_4241,2023-10-09,127.34
TXN_31890,CUST_4241,2023-05-30,144.95
TXN_31891,CUST_4241,2023-12-06,35.55
TXN_31892,CUST_4241,2023-06-05,105.99
TXN_31893,CUST_4241,2023-08-31,157.09
TXN_31894,CUST_4241,2023-07-10,248.3
TXN_31895,CUST_4241,2023-06-10,208.11
TXN_31896,CUST_4241,2023-06-05,57.21
TXN_31897,CUST_4241,2023-06-21,220.18
TXN_31898,CUST_4241,2023-07-08,108.01
TXN_31899,CUST_4242,2023-08-26,27.72
TXN_31900,CUST_4242,2023-08-15,165.94
TXN_31901,CUST_4242,2023-09-16,60.87
TXN_31902,CUST_4243,2023-05-23,186.22
TXN_31903,CUST_4244,2023-08-09,32.17
TXN_31904,CUST_4244,2023-12-12,212.15
TXN_31905,CUST_4244,2023-06-15,45.05
TXN_31906,CUST_4244,2023-04-11,212.45
TXN_31907,CUST_4244,2023-04-14,117.57
TXN_31908,CUST_4244,2023-03-17,27.03
TXN_31909,CUST_4244,2023-04-30,197.0
TXN_31910,CUST_4245,2023-10-22,145.49
TXN_31911,CUST_4246,2023-06-12,246.57
TXN_31912,CUST_4246,2023-07-23,59.77
TXN_31913,CUST_4246,2023-06-10,217.49
TXN_31914,CUST_4246,2023-08-02,42.03
TXN_31915,CUST_4246,2023-11-01,119.32
TXN_31916,CUST_4246,2023-12-31,81.21
TXN_31917,CUST_4246,2023-07-21,55.68
TXN_31918,CUST_4246,2023-07-08,56.49
TXN_31919,CUST_4246,2023-06-23,78.42
TXN_31920,CUST_4246,2023-06-21,242.91
TXN_31921,CUST_4246,2023-05-30,131.76
TXN_31922,CUST_4247,2023-08-09,193.83
TXN_31923,CUST_4247,2023-12-31,192.58
TXN_31924,CUST_4247,2023-09-08,140.09
TXN_31925,CUST_4247,2023-07-10,127.36
TXN_31926,CUST_4247,2023-05-04,88.65
TXN_31927,CUST_4247,2023-05-15,95.05
TXN_31928,CUST_4247,2023-06-12,73.19
TXN_31929,CUST_4247,2023-06-09,230.32
TXN_31930,CUST_4247,2023-05-21,67.32
TXN_31931,CUST_4247,2023-05-13,221.07
TXN_31932,CUST_4248,2023-06-20,142.43
TXN_31933,CUST_4248,2023-08-15,221.63
TXN_31934,CUST_4249,2023-03-25,58.38
TXN_31935,CUST_4250,2023-02-02,61.44
TXN_31936,CUST_4251,2023-11-18,181.12
TXN_31937,CUST_4252,2023-12-11,140.21
TXN_31938,CUST_4252,2023-12-28,164.28
TXN_31939,CUST_4252,2023-12-03,84.19
TXN_31940,CUST_4252,2023-11-27,69.06
TXN_31941,CUST_4252,2023-11-30,55.27
TXN_31942,CUST_4252,2023-12-16,204.22
TXN_31943,CUST_4252,2023-12-10,26.46
TXN_31944,CUST_4252,2023-11-24,164.56
TXN_31945,CUST_4252,2023-12-11,21.28
TXN_31946,CUST_4252,2023-11-28,47.03
TXN_31947,CUST_4252,2023-11-27,136.82
TXN_31948,CUST_4252,2023-11-25,69.01
TXN_31949,CUST_4252,2023-12-04,134.41
TXN_31950,CUST_4253,2023-02-26,213.83
TXN_31951,CUST_4253,2023-05-29,187.35
TXN_31952,CUST_4253,2023-07-22,75.65
TXN_31953,CUST_4253,2023-06-19,196.84
TXN_31954,CUST_4253,2023-08-15,129.81
TXN_31955,CUST_4253,2023-03-31,38.07
TXN_31956,CUST_4253,2023-08-23,140.37
TXN_31957,CUST_4253,2023-04-24,43.54
TXN_31958,CUST_4253,2023-04-26,24.87
TXN_31959,CUST_4253,2023-11-09,217.93
TXN_31960,CUST_4253,2023-02-01,154.54
TXN_31961,CUST_4253,2023-04-27,203.81
TXN_31962,CUST_4253,2023-06-24,248.41
TXN_31963,CUST_4254,2023-08-01,149.77
TXN_31964,CUST_4255,2023-06-09,226.22
TXN_31965,CUST_4255,2023-07-09,141.5
TXN_31966,CUST_4255,2023-09-06,129.08
TXN_31967,CUST_4255,2023-05-21,51.45
TXN_31968,CUST_4255,2023-07-02,114.84
TXN_31969,CUST_4255,2023-06-05,97.11
TXN_31970,CUST_4256,2023-10-27,247.11
TXN_31971,CUST_4256,2023-11-12,39.0
TXN_31972,CUST_4256,2023-11-08,75.5
TXN_31973,CUST_4256,2023-12-31,19.53
TXN_31974,CUST_4256,2023-10-07,132.26
TXN_31975,CUST_4256,2023-10-01,95.85
TXN_31976,CUST_4256,2023-10-20,120.03
TXN_31977,CUST_4256,2023-10-18,221.57
TXN_31978,CUST_4256,2023-10-20,236.15
TXN_31979,CUST_4256,2023-10-03,80.86
TXN_31980,CUST_4256,2023-11-01,81.53
TXN_31981,CUST_4257,2023-10-27,141.56
TXN_31982,CUST_4258,2023-09-28,31.61
TXN_31983,CUST_4259,2023-09-22,213.82
TXN_31984,CUST_4259,2023-12-31,132.36
TXN_31985,CUST_4259,2023-12-17,95.93
TXN_31986,CUST_4259,2023-10-07,226.84
TXN_31987,CUST_4259,2023-09-05,162.22
TXN_31988,CUST_4259,2023-12-31,74.03
TXN_31989,CUST_4259,2023-08-20,196.49
TXN_31990,CUST_4259,2023-08-19,132.68
TXN_31991,CUST_4260,2023-12-04,162.29
TXN_31992,CUST_4261,2023-05-26,116.8
TXN_31993,CUST_4262,2023-07-12,96.1
TXN_31994,CUST_4262,2023-06-16,243.77
TXN_31995,CUST_4262,2023-06-21,228.93
TXN_31996,CUST_4262,2023-04-26,43.16
TXN_31997,CUST_4262,2023-12-21,45.25
TXN_31998,CUST_4262,2023-08-13,119.81
TXN_31999,CUST_4263,2023-01-27,169.43
TXN_32000,CUST_4263,2023-03-06,173.15
TXN_32001,CUST_4263,2023-02-15,197.04
TXN_32002,CUST_4263,2023-04-15,140.3
TXN_32003,CUST_4263,2023-03-31,212.86
TXN_32004,CUST_4263,2023-04-17,52.51
TXN_32005,CUST_4263,2023-05-07,135.81
TXN_32006,CUST_4264,2023-07-14,33.66
TXN_32007,CUST_4265,2023-04-10,27.9
TXN_32008,CUST_4265,2023-03-08,200.21
TXN_32009,CUST_4265,2023-06-12,81.98
TXN_32010,CUST_4265,2023-04-14,205.62
TXN_32011,CUST_4265,2023-04-18,192.61
TXN_32012,CUST_4266,2023-12-11,124.6
TXN_32013,CUST_4267,2023-10-10,200.66
TXN_32014,CUST_4267,2023-11-25,104.15
TXN_32015,CUST_4267,2023-10-15,205.6
TXN_32016,CUST_4267,2023-12-14,32.7
TXN_32017,CUST_4267,2023-11-02,235.47
TXN_32018,CUST_4267,2023-11-07,207.78
TXN_32019,CUST_4267,2023-10-17,39.05
TXN_32020,CUST_4268,2023-06-26,199.76
TXN_32021,CUST_4269,2023-04-10,227.02
TXN_32022,CUST_4269,2023-06-22,138.01
TXN_32023,CUST_4269,2023-07-25,247.26
TXN_32024,CUST_4269,2023-04-23,46.28
TXN_32025,CUST_4269,2023-05-08,227.43
TXN_32026,CUST_4269,2023-05-24,201.47
TXN_32027,CUST_4269,2023-04-27,131.0
TXN_32028,CUST_4269,2023-04-19,112.03
TXN_32029,CUST_4269,2023-05-04,144.12
TXN_32030,CUST_4269,2023-08-20,235.52
TXN_32031,CUST_4269,2023-05-06,189.64
TXN_32032,CUST_4270,2023-02-12,113.29
TXN_32033,CUST_4270,2023-03-12,149.45
TXN_32034,CUST_4270,2023-01-09,73.27
TXN_32035,CUST_4270,2023-03-21,142.44
TXN_32036,CUST_4270,2023-01-25,60.5
TXN_32037,CUST_4270,2023-06-10,199.61
TXN_32038,CUST_4270,2023-01-14,247.67
TXN_32039,CUST_4270,2023-03-14,152.65
TXN_32040,CUST_4271,2023-05-17,152.1
TXN_32041,CUST_4271,2023-07-22,170.52
TXN_32042,CUST_4271,2023-04-27,59.96
TXN_32043,CUST_4271,2023-02-28,168.19
TXN_32044,CUST_4271,2023-05-03,241.9
TXN_32045,CUST_4271,2023-03-08,32.07
TXN_32046,CUST_4271,2023-03-18,103.56
TXN_32047,CUST_4271,2023-03-17,124.0
TXN_32048,CUST_4271,2023-04-09,249.88
TXN_32049,CUST_4271,2023-12-31,100.73
TXN_32050,CUST_4272,2023-12-05,218.27
TXN_32051,CUST_4272,2023-12-10,85.99
TXN_32052,CUST_4273,2023-08-28,220.35
TXN_32053,CUST_4273,2023-04-14,82.95
TXN_32054,CUST_4273,2023-04-15,126.73
TXN_32055,CUST_4273,2023-03-11,17.55
TXN_32056,CUST_4273,2023-07-19,204.93
TXN_32057,CUST_4274,2023-07-11,65.76
TXN_32058,CUST_4275,2023-08-23,237.91
TXN_32059,CUST_4275,2023-05-21,226.66
TXN_32060,CUST_4275,2023-03-03,123.73
TXN_32061,CUST_4275,2023-05-10,112.72
TXN_32062,CUST_4275,2023-04-07,184.9
TXN_32063,CUST_4276,2023-04-25,246.91
TXN_32064,CUST_4276,2023-07-28,186.22
TXN_32065,CUST_4276,2023-05-11,111.91
TXN_32066,CUST_4276,2023-02-08,19.35
TXN_32067,CUST_4276,2023-02-07,240.33
TXN_32068,CUST_4276,2023-03-17,179.64
TXN_32069,CUST_4276,2023-05-12,149.34
TXN_32070,CUST_4277,2023-11-28,27.89
TXN_32071,CUST_4277,2023-11-19,140.63
TXN_32072,CUST_4277,2023-11-26,206.31
TXN_32073,CUST_4277,2023-11-27,124.63
TXN_32074,CUST_4277,2023-12-05,149.16
TXN_32075,CUST_4277,2023-12-17,227.78
TXN_32076,CUST_4277,2023-11-28,147.62
TXN_32077,CUST_4277,2023-12-02,185.5
TXN_32078,CUST_4277,2023-12-04,160.87
TXN_32079,CUST_4277,2023-12-06,48.87
TXN_32080,CUST_4277,2023-12-10,87.95
TXN_32081,CUST_4277,2023-12-17,45.98
TXN_32082,CUST_4277,2023-11-14,18.68
TXN_32083,CUST_4277,2023-11-17,41.74
TXN_32084,CUST_4278,2023-04-10,55.19
TXN_32085,CUST_4278,2023-04-18,113.41
TXN_32086,CUST_4278,2023-04-17,178.42
TXN_32087,CUST_4278,2023-04-14,239.23
TXN_32088,CUST_4278,2023-12-31,137.99
TXN_32089,CUST_4278,2023-05-15,110.79
TXN_32090,CUST_4278,2023-04-06,246.55
TXN_32091,CUST_4278,2023-02-23,111.37
TXN_32092,CUST_4278,2023-03-08,185.68
TXN_32093,CUST_4278,2023-03-13,222.89
TXN_32094,CUST_4279,2023-11-02,246.84
TXN_32095,CUST_4280,2023-09-10,217.04
TXN_32096,CUST_4280,2023-08-27,167.35
TXN_32097,CUST_4280,2023-12-31,60.53
TXN_32098,CUST_4280,2023-08-24,20.87
TXN_32099,CUST_4280,2023-08-15,198.16
TXN_32100,CUST_4280,2023-09-24,199.19
TXN_32101,CUST_4280,2023-08-29,187.87
TXN_32102,CUST_4280,2023-09-17,92.18
TXN_32103,CUST_4280,2023-08-28,142.21
TXN_32104,CUST_4280,2023-12-31,233.87
TXN_32105,CUST_4280,2023-12-31,18.86
TXN_32106,CUST_4281,2023-09-29,112.85
TXN_32107,CUST_4281,2023-09-26,119.37
TXN_32108,CUST_4281,2023-09-24,198.38
TXN_32109,CUST_4281,2023-10-27,186.09
TXN_32110,CUST_4281,2023-07-25,235.03
TXN_32111,CUST_4281,2023-07-29,99.03
TXN_32112,CUST_4281,2023-08-16,182.42
TXN_32113,CUST_4282,2023-03-10,120.92
TXN_32114,CUST_4282,2023-03-12,173.05
TXN_32115,CUST_4282,2023-03-13,218.95
TXN_32116,CUST_4282,2023-12-31,89.46
TXN_32117,CUST_4282,2023-07-08,140.21
TXN_32118,CUST_4282,2023-04-04,59.94
TXN_32119,CUST_4283,2023-09-11,152.13
TXN_32120,CUST_4283,2023-06-17,109.38
TXN_32121,CUST_4283,2023-06-19,34.59
TXN_32122,CUST_4283,2023-06-19,240.82
TXN_32123,CUST_4283,2023-10-16,118.19
TXN_32124,CUST_4283,2023-07-04,32.03
TXN_32125,CUST_4283,2023-07-23,156.08
TXN_32126,CUST_4283,2023-09-29,27.12
TXN_32127,CUST_4283,2023-07-21,244.56
TXN_32128,CUST_4283,2023-06-24,109.07
TXN_32129,CUST_4284,2023-10-19,212.15
TXN_32130,CUST_4285,2023-06-12,54.68
TXN_32131,CUST_4285,2023-10-09,133.08
TXN_32132,CUST_4285,2023-06-16,110.1
TXN_32133,CUST_4285,2023-06-29,195.96
TXN_32134,CUST_4285,2023-10-30,126.78
TXN_32135,CUST_4285,2023-06-19,185.91
TXN_32136,CUST_4285,2023-11-13,41.81
TXN_32137,CUST_4285,2023-09-16,145.94
TXN_32138,CUST_4285,2023-10-18,135.81
TXN_32139,CUST_4285,2023-10-16,145.3
TXN_32140,CUST_4286,2023-03-25,160.7
TXN_32141,CUST_4287,2023-10-24,218.92
TXN_32142,CUST_4287,2023-10-08,235.1
TXN_32143,CUST_4287,2023-08-13,180.04
TXN_32144,CUST_4287,2023-11-21,122.22
TXN_32145,CUST_4287,2023-08-28,135.51
TXN_32146,CUST_4287,2023-12-31,117.84
TXN_32147,CUST_4287,2023-07-24,162.96
TXN_32148,CUST_4287,2023-07-21,216.53
TXN_32149,CUST_4287,2023-11-13,96.09
TXN_32150,CUST_4287,2023-07-28,35.36
TXN_32151,CUST_4287,2023-07-19,30.96
TXN_32152,CUST_4287,2023-09-25,57.37
TXN_32153,CUST_4287,2023-07-06,53.62
TXN_32154,CUST_4287,2023-07-29,114.29
TXN_32155,CUST_4288,2023-05-05,243.98
TXN_32156,CUST_4288,2023-03-21,184.51
TXN_32157,CUST_4288,2023-12-28,30.01
TXN_32158,CUST_4288,2023-09-27,112.82
TXN_32159,CUST_4288,2023-10-06,87.44
TXN_32160,CUST_4288,2023-12-31,167.06
TXN_32161,CUST_4289,2023-08-04,95.79
TXN_32162,CUST_4289,2023-08-22,36.0
TXN_32163,CUST_4289,2023-08-21,247.03
TXN_32164,CUST_4289,2023-10-28,203.38
TXN_32165,CUST_4289,2023-11-03,218.29
TXN_32166,CUST_4289,2023-08-22,90.73
TXN_32167,CUST_4289,2023-08-23,207.36
TXN_32168,CUST_4289,2023-10-21,18.97
TXN_32169,CUST_4289,2023-12-29,82.11
TXN_32170,CUST_4289,2023-09-21,165.38
TXN_32171,CUST_4289,2023-08-09,178.5
TXN_32172,CUST_4290,2023-05-10,18.05
TXN_32173,CUST_4290,2023-04-19,31.19
TXN_32174,CUST_4290,2023-02-12,147.33
TXN_32175,CUST_4291,2023-08-30,132.04
TXN_32176,CUST_4291,2023-10-13,19.14
TXN_32177,CUST_4291,2023-09-01,18.35
TXN_32178,CUST_4291,2023-08-22,137.16
TXN_32179,CUST_4291,2023-08-07,129.03
TXN_32180,CUST_4291,2023-12-10,176.06
TXN_32181,CUST_4292,2023-08-03,196.97
TXN_32182,CUST_4292,2023-08-08,123.77
TXN_32183,CUST_4292,2023-05-31,205.44
TXN_32184,CUST_4292,2023-06-10,159.04
TXN_32185,CUST_4292,2023-05-17,188.97
TXN_32186,CUST_4292,2023-12-31,120.58
TXN_32187,CUST_4292,2023-07-09,226.38
TXN_32188,CUST_4292,2023-09-10,241.14
TXN_32189,CUST_4292,2023-06-01,125.45
TXN_32190,CUST_4292,2023-06-25,126.18
TXN_32191,CUST_4293,2023-11-26,228.43
TXN_32192,CUST_4293,2023-11-09,70.72
TXN_32193,CUST_4293,2023-11-16,84.21
TXN_32194,CUST_4293,2023-12-02,94.47
TXN_32195,CUST_4293,2023-12-31,216.81
TXN_32196,CUST_4293,2023-12-17,29.96
TXN_32197,CUST_4293,2023-11-09,54.8
TXN_32198,CUST_4293,2023-11-26,17.8
TXN_32199,CUST_4293,2023-12-06,143.56
TXN_32200,CUST_4293,2023-11-21,141.27
TXN_32201,CUST_4293,2023-11-20,61.5
TXN_32202,CUST_4293,2023-11-12,129.59
TXN_32203,CUST_4293,2023-11-26,78.91
TXN_32204,CUST_4293,2023-12-06,205.49
TXN_32205,CUST_4294,2023-10-07,97.0
TXN_32206,CUST_4295,2023-07-31,248.0
TXN_32207,CUST_4296,2023-11-05,147.95
TXN_32208,CUST_4296,2023-10-25,70.39
TXN_32209,CUST_4296,2023-10-09,118.95
TXN_32210,CUST_4296,2023-10-30,134.72
TXN_32211,CUST_4296,2023-11-09,60.14
TXN_32212,CUST_4296,2023-10-19,112.66
TXN_32213,CUST_4296,2023-10-12,228.02
TXN_32214,CUST_4296,2023-11-08,36.59
TXN_32215,CUST_4296,2023-11-11,143.73
TXN_32216,CUST_4296,2023-10-28,247.6
TXN_32217,CUST_4296,2023-11-03,225.73
TXN_32218,CUST_4297,2023-12-04,117.29
TXN_32219,CUST_4297,2023-12-17,208.69
TXN_32220,CUST_4297,2023-12-17,120.11
TXN_32221,CUST_4297,2023-12-16,183.91
TXN_32222,CUST_4297,2023-12-07,54.65
TXN_32223,CUST_4297,2023-12-12,174.12
TXN_32224,CUST_4297,2023-12-11,65.1
TXN_32225,CUST_4297,2023-12-06,181.49
TXN_32226,CUST_4297,2023-12-31,237.04
TXN_32227,CUST_4297,2023-12-10,223.34
TXN_32228,CUST_4297,2023-12-04,217.37
TXN_32229,CUST_4298,2023-11-19,118.51
TXN_32230,CUST_4298,2023-11-16,43.73
TXN_32231,CUST_4298,2023-11-19,34.94
TXN_32232,CUST_4298,2023-11-19,148.53
TXN_32233,CUST_4298,2023-12-05,22.69
TXN_32234,CUST_4298,2023-11-29,100.35
TXN_32235,CUST_4299,2023-07-22,91.6
TXN_32236,CUST_4300,2023-12-27,160.69
TXN_32237,CUST_4300,2023-12-27,191.16
TXN_32238,CUST_4301,2023-05-03,190.31
TXN_32239,CUST_4301,2023-03-26,129.25
TXN_32240,CUST_4302,2023-08-16,100.51
TXN_32241,CUST_4302,2023-09-09,180.12
TXN_32242,CUST_4302,2023-11-04,34.42
TXN_32243,CUST_4302,2023-09-27,127.03
TXN_32244,CUST_4302,2023-09-19,134.5
TXN_32245,CUST_4302,2023-09-04,63.3
TXN_32246,CUST_4302,2023-09-06,59.57
TXN_32247,CUST_4302,2023-08-08,102.85
TXN_32248,CUST_4302,2023-08-07,147.2
TXN_32249,CUST_4302,2023-08-09,117.83
TXN_32250,CUST_4302,2023-12-31,17.32
TXN_32251,CUST_4302,2023-08-28,173.22
TXN_32252,CUST_4302,2023-08-14,146.77
TXN_32253,CUST_4303,2023-03-28,225.32
TXN_32254,CUST_4304,2023-07-08,54.86
TXN_32255,CUST_4305,2023-08-08,91.79
TXN_32256,CUST_4306,2023-07-28,135.76
TXN_32257,CUST_4306,2023-02-05,126.27
TXN_32258,CUST_4306,2023-12-31,86.78
TXN_32259,CUST_4306,2023-03-21,194.88
TXN_32260,CUST_4306,2023-01-26,192.91
TXN_32261,CUST_4306,2023-02-23,77.82
TXN_32262,CUST_4306,2023-04-28,74.99
TXN_32263,CUST_4306,2023-05-15,228.58
TXN_32264,CUST_4306,2023-03-18,236.74
TXN_32265,CUST_4307,2023-12-25,142.75
TXN_32266,CUST_4307,2023-11-25,172.8
TXN_32267,CUST_4307,2023-11-29,82.85
TXN_32268,CUST_4307,2023-11-21,153.71
TXN_32269,CUST_4307,2023-11-20,47.71
TXN_32270,CUST_4307,2023-11-23,217.42
TXN_32271,CUST_4308,2023-08-08,160.93
TXN_32272,CUST_4309,2023-06-01,115.11
TXN_32273,CUST_4310,2023-12-11,58.12
TXN_32274,CUST_4310,2023-12-31,221.67
TXN_32275,CUST_4310,2023-11-27,112.55
TXN_32276,CUST_4310,2023-12-16,119.71
TXN_32277,CUST_4310,2023-11-30,190.3
TXN_32278,CUST_4310,2023-11-27,121.69
TXN_32279,CUST_4310,2023-11-21,46.3
TXN_32280,CUST_4310,2023-11-29,25.73
TXN_32281,CUST_4310,2023-11-25,117.75
TXN_32282,CUST_4310,2023-11-22,30.35
TXN_32283,CUST_4310,2023-11-21,129.05
TXN_32284,CUST_4310,2023-11-23,176.82
TXN_32285,CUST_4310,2023-11-30,19.45
TXN_32286,CUST_4311,2023-12-23,44.22
TXN_32287,CUST_4312,2023-12-31,119.65
TXN_32288,CUST_4312,2023-08-12,34.04
TXN_32289,CUST_4312,2023-07-09,24.32
TXN_32290,CUST_4312,2023-06-27,163.83
TXN_32291,CUST_4312,2023-09-20,219.47
TXN_32292,CUST_4312,2023-07-06,93.22
TXN_32293,CUST_4312,2023-08-12,34.67
TXN_32294,CUST_4312,2023-10-03,128.57
TXN_32295,CUST_4313,2023-04-05,96.92
TXN_32296,CUST_4313,2023-04-13,178.7
TXN_32297,CUST_4313,2023-12-24,36.13
TXN_32298,CUST_4313,2023-04-18,70.91
TXN_32299,CUST_4313,2023-05-29,121.23
TXN_32300,CUST_4313,2023-07-23,187.17
TXN_32301,CUST_4313,2023-06-11,153.89
TXN_32302,CUST_4313,2023-09-13,108.28
TXN_32303,CUST_4313,2023-03-24,65.06
TXN_32304,CUST_4313,2023-03-26,107.47
TXN_32305,CUST_4313,2023-05-03,38.18
TXN_32306,CUST_4313,2023-08-02,144.97
TXN_32307,CUST_4313,2023-04-16,193.39
TXN_32308,CUST_4313,2023-07-04,60.02
TXN_32309,CUST_4314,2023-10-17,242.55
TXN_32310,CUST_4314,2023-10-08,171.46
TXN_32311,CUST_4314,2023-11-28,78.25
TXN_32312,CUST_4314,2023-08-22,165.67
TXN_32313,CUST_4314,2023-11-19,160.08
TXN_32314,CUST_4314,2023-12-31,67.38
TXN_32315,CUST_4314,2023-10-31,232.91
TXN_32316,CUST_4314,2023-09-03,241.07
TXN_32317,CUST_4314,2023-08-17,238.92
TXN_32318,CUST_4314,2023-11-28,30.54
TXN_32319,CUST_4314,2023-09-11,139.28
TXN_32320,CUST_4315,2023-06-28,16.2
TXN_32321,CUST_4316,2023-09-07,121.59
TXN_32322,CUST_4316,2023-12-31,140.86
TXN_32323,CUST_4316,2023-08-13,164.45
TXN_32324,CUST_4316,2023-07-25,41.03
TXN_32325,CUST_4316,2023-09-19,43.99
TXN_32326,CUST_4316,2023-10-06,29.55
TXN_32327,CUST_4316,2023-09-09,174.44
TXN_32328,CUST_4316,2023-10-12,223.14
TXN_32329,CUST_4316,2023-08-12,184.0
TXN_32330,CUST_4316,2023-07-27,210.0
TXN_32331,CUST_4316,2023-11-18,190.93
TXN_32332,CUST_4316,2023-08-09,29.65
TXN_32333,CUST_4316,2023-08-21,78.6
TXN_32334,CUST_4316,2023-09-01,107.56
TXN_32335,CUST_4317,2023-09-05,218.2
TXN_32336,CUST_4318,2023-10-19,110.4
TXN_32337,CUST_4318,2023-10-13,193.88
TXN_32338,CUST_4318,2023-10-18,57.55
TXN_32339,CUST_4318,2023-10-03,148.43
TXN_32340,CUST_4318,2023-10-31,134.41
TXN_32341,CUST_4318,2023-10-24,200.5
TXN_32342,CUST_4318,2023-10-19,244.64
TXN_32343,CUST_4318,2023-10-01,231.13
TXN_32344,CUST_4318,2023-10-02,139.94
TXN_32345,CUST_4318,2023-10-13,102.63
TXN_32346,CUST_4318,2023-12-31,78.99
TXN_32347,CUST_4318,2023-10-30,203.96
TXN_32348,CUST_4319,2023-12-31,143.46
TXN_32349,CUST_4320,2023-12-15,112.16
TXN_32350,CUST_4320,2023-12-19,78.41
TXN_32351,CUST_4320,2023-12-22,82.21
TXN_32352,CUST_4320,2023-12-11,144.6
TXN_32353,CUST_4320,2023-12-23,177.26
TXN_32354,CUST_4320,2023-12-31,48.07
TXN_32355,CUST_4320,2023-12-13,104.29
TXN_32356,CUST_4320,2023-12-11,25.11
TXN_32357,CUST_4320,2023-12-11,111.09
TXN_32358,CUST_4320,2023-12-23,181.77
TXN_32359,CUST_4320,2023-12-14,77.04
TXN_32360,CUST_4320,2023-12-11,56.21
TXN_32361,CUST_4321,2023-10-29,75.95
TXN_32362,CUST_4322,2023-08-12,141.23
TXN_32363,CUST_4322,2023-08-08,248.88
TXN_32364,CUST_4322,2023-10-11,148.39
TXN_32365,CUST_4322,2023-10-06,230.35
TXN_32366,CUST_4322,2023-12-31,199.71
TXN_32367,CUST_4322,2023-11-02,108.48
TXN_32368,CUST_4322,2023-08-22,204.95
TXN_32369,CUST_4322,2023-10-09,226.73
TXN_32370,CUST_4322,2023-08-03,177.34
TXN_32371,CUST_4322,2023-09-19,202.65
TXN_32372,CUST_4322,2023-07-28,209.17
TXN_32373,CUST_4323,2023-05-22,159.89
TXN_32374,CUST_4324,2023-07-21,238.48
TXN_32375,CUST_4324,2023-10-14,201.27
TXN_32376,CUST_4324,2023-07-03,54.78
TXN_32377,CUST_4324,2023-09-28,37.08
TXN_32378,CUST_4324,2023-10-26,195.07
TXN_32379,CUST_4325,2023-11-03,166.61
TXN_32380,CUST_4325,2023-11-05,222.59
TXN_32381,CUST_4325,2023-10-12,28.9
TXN_32382,CUST_4325,2023-10-20,147.75
TXN_32383,CUST_4325,2023-10-16,176.96
TXN_32384,CUST_4325,2023-10-09,200.82
TXN_32385,CUST_4325,2023-11-11,65.28
TXN_32386,CUST_4326,2023-08-21,196.73
TXN_32387,CUST_4327,2023-07-31,104.31
TXN_32388,CUST_4327,2023-11-13,143.83
TXN_32389,CUST_4327,2023-09-01,154.22
TXN_32390,CUST_4327,2023-08-22,136.56
TXN_32391,CUST_4327,2023-08-04,215.26
TXN_32392,CUST_4327,2023-07-08,188.05
TXN_32393,CUST_4327,2023-07-05,31.62
TXN_32394,CUST_4327,2023-11-16,111.51
TXN_32395,CUST_4327,2023-08-30,193.1
TXN_32396,CUST_4328,2023-05-08,160.07
TXN_32397,CUST_4328,2023-04-05,147.04
TXN_32398,CUST_4328,2023-03-01,52.22
TXN_32399,CUST_4328,2023-05-08,26.04
TXN_32400,CUST_4329,2023-06-22,60.67
TXN_32401,CUST_4330,2023-11-01,42.46
TXN_32402,CUST_4331,2023-08-07,97.48
TXN_32403,CUST_4332,2023-08-16,38.09
TXN_32404,CUST_4332,2023-06-06,132.12
TXN_32405,CUST_4332,2023-07-18,60.01
TXN_32406,CUST_4333,2023-08-19,202.48
TXN_32407,CUST_4334,2023-02-17,204.09
TXN_32408,CUST_4335,2023-03-18,76.75
TXN_32409,CUST_4336,2023-05-28,234.65
TXN_32410,CUST_4337,2023-05-27,247.43
TXN_32411,CUST_4337,2023-11-06,178.48
TXN_32412,CUST_4337,2023-10-02,46.96
TXN_32413,CUST_4337,2023-05-14,223.01
TXN_32414,CUST_4337,2023-06-11,153.87
TXN_32415,CUST_4337,2023-10-19,109.94
TXN_32416,CUST_4337,2023-06-13,41.36
TXN_32417,CUST_4337,2023-12-31,243.74
TXN_32418,CUST_4337,2023-05-18,215.33
TXN_32419,CUST_4337,2023-08-10,49.45
TXN_32420,CUST_4337,2023-04-20,18.31
TXN_32421,CUST_4338,2023-06-25,130.66
TXN_32422,CUST_4339,2023-12-06,131.88
TXN_32423,CUST_4339,2023-12-02,213.18
TXN_32424,CUST_4339,2023-11-18,232.1
TXN_32425,CUST_4339,2023-11-23,26.0
TXN_32426,CUST_4339,2023-12-13,234.53
TXN_32427,CUST_4339,2023-12-08,204.06
TXN_32428,CUST_4339,2023-12-17,137.76
TXN_32429,CUST_4339,2023-12-04,82.32
TXN_32430,CUST_4340,2023-11-22,187.63
TXN_32431,CUST_4341,2023-10-29,239.24
TXN_32432,CUST_4342,2023-12-04,95.22
TXN_32433,CUST_4342,2023-11-30,138.73
TXN_32434,CUST_4342,2023-12-16,217.5
TXN_32435,CUST_4342,2023-12-31,71.77
TXN_32436,CUST_4342,2023-11-19,114.85
TXN_32437,CUST_4342,2023-12-20,156.06
TXN_32438,CUST_4342,2023-11-25,196.45
TXN_32439,CUST_4342,2023-12-06,182.69
TXN_32440,CUST_4342,2023-11-29,139.66
TXN_32441,CUST_4343,2023-05-31,72.76
TXN_32442,CUST_4343,2023-06-19,216.04
TXN_32443,CUST_4343,2023-06-30,232.68
TXN_32444,CUST_4343,2023-09-12,217.45
TXN_32445,CUST_4343,2023-05-25,49.96
TXN_32446,CUST_4343,2023-06-03,170.72
TXN_32447,CUST_4343,2023-07-02,54.91
TXN_32448,CUST_4343,2023-08-27,136.61
TXN_32449,CUST_4343,2023-08-23,228.73
TXN_32450,CUST_4343,2023-11-19,85.76
TXN_32451,CUST_4343,2023-05-27,116.95
TXN_32452,CUST_4343,2023-05-20,25.33
TXN_32453,CUST_4344,2023-10-28,161.05
TXN_32454,CUST_4344,2023-07-31,18.79
TXN_32455,CUST_4344,2023-08-05,61.21
TXN_32456,CUST_4344,2023-08-02,76.61
TXN_32457,CUST_4344,2023-08-16,192.29
TXN_32458,CUST_4344,2023-09-29,39.53
TXN_32459,CUST_4344,2023-12-31,191.75
TXN_32460,CUST_4344,2023-08-04,44.26
TXN_32461,CUST_4344,2023-07-30,186.97
TXN_32462,CUST_4344,2023-08-09,32.15
TXN_32463,CUST_4344,2023-08-23,181.54
TXN_32464,CUST_4345,2023-10-28,60.28
TXN_32465,CUST_4346,2023-11-12,208.6
TXN_32466,CUST_4346,2023-11-01,210.33
TXN_32467,CUST_4346,2023-09-26,122.57
TXN_32468,CUST_4346,2023-10-04,74.17
TXN_32469,CUST_4346,2023-11-03,210.34
TXN_32470,CUST_4346,2023-09-27,44.16
TXN_32471,CUST_4347,2023-05-15,239.61
TXN_32472,CUST_4347,2023-05-25,214.38
TXN_32473,CUST_4347,2023-08-31,236.2
TXN_32474,CUST_4347,2023-04-18,25.21
TXN_32475,CUST_4348,2023-12-21,139.62
TXN_32476,CUST_4349,2023-03-19,181.7
TXN_32477,CUST_4350,2023-12-04,182.39
TXN_32478,CUST_4351,2023-09-23,138.17
TXN_32479,CUST_4351,2023-09-21,133.59
TXN_32480,CUST_4351,2023-10-25,30.82
TXN_32481,CUST_4351,2023-09-16,138.14
TXN_32482,CUST_4351,2023-08-31,142.2
TXN_32483,CUST_4351,2023-09-16,188.33
TXN_32484,CUST_4351,2023-09-09,238.2
TXN_32485,CUST_4351,2023-09-13,163.26
TXN_32486,CUST_4351,2023-09-01,176.83
TXN_32487,CUST_4351,2023-09-21,95.43
TXN_32488,CUST_4351,2023-09-08,103.23
TXN_32489,CUST_4351,2023-09-15,73.2
TXN_32490,CUST_4351,2023-09-04,240.22
TXN_32491,CUST_4351,2023-09-05,162.32
TXN_32492,CUST_4352,2023-09-04,178.55
TXN_32493,CUST_4353,2023-07-06,192.83
TXN_32494,CUST_4354,2023-10-15,204.82
TXN_32495,CUST_4355,2023-05-15,212.36
TXN_32496,CUST_4356,2023-06-20,104.1
TXN_32497,CUST_4356,2023-10-11,67.4
TXN_32498,CUST_4356,2023-04-27,243.07
TXN_32499,CUST_4356,2023-06-08,96.49
TXN_32500,CUST_4356,2023-09-25,189.69
TXN_32501,CUST_4356,2023-06-12,223.94
TXN_32502,CUST_4356,2023-04-02,107.71
TXN_32503,CUST_4356,2023-08-27,105.7
TXN_32504,CUST_4356,2023-11-24,50.84
TXN_32505,CUST_4357,2023-07-12,176.44
TXN_32506,CUST_4358,2023-09-23,244.48
TXN_32507,CUST_4359,2023-11-17,129.9
TXN_32508,CUST_4359,2023-12-12,155.31
TXN_32509,CUST_4360,2023-12-17,130.84
TXN_32510,CUST_4360,2023-04-10,164.49
TXN_32511,CUST_4360,2023-07-15,157.17
TXN_32512,CUST_4360,2023-04-15,187.78
TXN_32513,CUST_4360,2023-11-27,238.75
TXN_32514,CUST_4360,2023-07-06,212.46
TXN_32515,CUST_4360,2023-12-31,25.19
TXN_32516,CUST_4360,2023-05-20,83.48
TXN_32517,CUST_4360,2023-05-20,230.48
TXN_32518,CUST_4360,2023-12-31,227.66
TXN_32519,CUST_4360,2023-04-09,203.67
TXN_32520,CUST_4360,2023-08-29,151.15
TXN_32521,CUST_4360,2023-07-17,227.76
TXN_32522,CUST_4361,2023-11-24,200.48
TXN_32523,CUST_4361,2023-12-07,69.32
TXN_32524,CUST_4361,2023-11-16,37.98
TXN_32525,CUST_4362,2023-09-18,158.59
TXN_32526,CUST_4362,2023-07-09,249.36
TXN_32527,CUST_4362,2023-11-01,217.63
TXN_32528,CUST_4362,2023-07-29,198.28
TXN_32529,CUST_4362,2023-06-28,92.51
TXN_32530,CUST_4362,2023-11-05,155.26
TXN_32531,CUST_4362,2023-06-29,213.65
TXN_32532,CUST_4362,2023-07-10,108.99
TXN_32533,CUST_4362,2023-05-31,174.57
TXN_32534,CUST_4362,2023-07-23,88.28
TXN_32535,CUST_4362,2023-06-09,57.87
TXN_32536,CUST_4362,2023-06-17,218.32
TXN_32537,CUST_4363,2023-02-25,106.27
TXN_32538,CUST_4363,2023-07-28,213.95
TXN_32539,CUST_4363,2023-03-21,152.54
TXN_32540,CUST_4363,2023-03-10,214.96
TXN_32541,CUST_4363,2023-07-05,67.19
TXN_32542,CUST_4363,2023-05-31,134.69
TXN_32543,CUST_4363,2023-03-20,224.88
TXN_32544,CUST_4363,2023-03-05,124.85
TXN_32545,CUST_4363,2023-05-20,208.53
TXN_32546,CUST_4363,2023-03-06,158.16
TXN_32547,CUST_4363,2023-02-17,208.31
TXN_32548,CUST_4363,2023-03-17,184.42
TXN_32549,CUST_4364,2023-09-12,77.92
TXN_32550,CUST_4364,2023-11-28,127.99
TXN_32551,CUST_4364,2023-12-09,26.15
TXN_32552,CUST_4364,2023-09-05,237.84
TXN_32553,CUST_4364,2023-10-25,199.08
TXN_32554,CUST_4364,2023-12-10,246.37
TXN_32555,CUST_4364,2023-09-09,52.2
TXN_32556,CUST_4364,2023-09-13,207.33
TXN_32557,CUST_4364,2023-09-22,154.42
TXN_32558,CUST_4364,2023-11-19,175.54
TXN_32559,CUST_4365,2023-10-22,30.86
TXN_32560,CUST_4366,2023-12-22,148.49
TXN_32561,CUST_4366,2023-12-22,235.41
TXN_32562,CUST_4367,2023-12-31,242.71
TXN_32563,CUST_4368,2023-12-31,50.66
TXN_32564,CUST_4368,2023-07-10,187.53
TXN_32565,CUST_4368,2023-03-04,107.26
TXN_32566,CUST_4368,2023-02-16,229.62
TXN_32567,CUST_4368,2023-09-21,159.3
TXN_32568,CUST_4368,2023-04-16,69.73
TXN_32569,CUST_4368,2023-07-20,16.93
TXN_32570,CUST_4368,2023-04-05,217.23
TXN_32571,CUST_4368,2023-05-14,164.25
TXN_32572,CUST_4368,2023-02-02,82.38
TXN_32573,CUST_4368,2023-05-31,26.66
TXN_32574,CUST_4368,2023-03-11,98.18
TXN_32575,CUST_4368,2023-04-13,100.16
TXN_32576,CUST_4368,2023-04-03,143.54
TXN_32577,CUST_4369,2023-10-16,210.64
TXN_32578,CUST_4370,2023-11-09,56.08
TXN_32579,CUST_4370,2023-11-02,136.15
TXN_32580,CUST_4371,2023-05-11,50.18
TXN_32581,CUST_4372,2023-03-05,104.03
TXN_32582,CUST_4373,2023-11-08,158.59
TXN_32583,CUST_4373,2023-12-02,156.74
TXN_32584,CUST_4373,2023-12-02,68.73
TXN_32585,CUST_4373,2023-11-09,38.88
TXN_32586,CUST_4373,2023-12-31,205.11
TXN_32587,CUST_4373,2023-11-26,60.78
TXN_32588,CUST_4373,2023-11-24,217.67
TXN_32589,CUST_4373,2023-12-04,192.35
TXN_32590,CUST_4373,2023-11-10,195.24
TXN_32591,CUST_4373,2023-11-14,110.06
TXN_32592,CUST_4373,2023-12-31,49.47
TXN_32593,CUST_4373,2023-12-11,90.69
TXN_32594,CUST_4373,2023-11-15,100.29
TXN_32595,CUST_4373,2023-11-14,207.32
TXN_32596,CUST_4374,2023-08-31,119.78
TXN_32597,CUST_4375,2023-06-15,228.9
TXN_32598,CUST_4375,2023-12-03,57.28
TXN_32599,CUST_4375,2023-12-31,119.76
TXN_32600,CUST_4375,2023-11-24,100.56
TXN_32601,CUST_4375,2023-06-14,201.83
TXN_32602,CUST_4375,2023-11-05,53.26
TXN_32603,CUST_4375,2023-08-06,210.42
TXN_32604,CUST_4375,2023-07-24,200.27
TXN_32605,CUST_4376,2023-06-21,92.79
TXN_32606,CUST_4376,2023-07-10,166.71
TXN_32607,CUST_4376,2023-06-18,57.99
TXN_32608,CUST_4376,2023-04-26,247.97
TXN_32609,CUST_4376,2023-05-16,28.97
TXN_32610,CUST_4376,2023-10-25,55.64
TXN_32611,CUST_4376,2023-05-11,80.33
TXN_32612,CUST_4376,2023-12-31,103.85
TXN_32613,CUST_4376,2023-07-17,155.62
TXN_32614,CUST_4376,2023-03-28,105.31
TXN_32615,CUST_4377,2023-12-31,205.8
TXN_32616,CUST_4378,2023-03-26,209.68
TXN_32617,CUST_4378,2023-07-19,120.38
TXN_32618,CUST_4378,2023-04-16,67.12
TXN_32619,CUST_4378,2023-12-31,203.49
TXN_32620,CUST_4378,2023-07-07,237.87
TXN_32621,CUST_4378,2023-04-05,216.54
TXN_32622,CUST_4378,2023-06-07,234.27
TXN_32623,CUST_4378,2023-06-27,189.26
TXN_32624,CUST_4379,2023-09-12,86.04
TXN_32625,CUST_4380,2023-09-12,64.96
TXN_32626,CUST_4380,2023-08-02,206.11
TXN_32627,CUST_4380,2023-05-31,49.85
TXN_32628,CUST_4380,2023-03-29,108.47
TXN_32629,CUST_4380,2023-04-22,188.14
TXN_32630,CUST_4380,2023-03-30,19.28
TXN_32631,CUST_4380,2023-09-16,116.6
TXN_32632,CUST_4381,2023-09-10,221.53
TXN_32633,CUST_4382,2023-10-21,182.51
TXN_32634,CUST_4382,2023-10-16,106.9
TXN_32635,CUST_4383,2023-11-03,149.64
TXN_32636,CUST_4383,2023-09-28,128.56
TXN_32637,CUST_4383,2023-11-08,69.14
TXN_32638,CUST_4384,2023-07-19,71.08
TXN_32639,CUST_4384,2023-09-30,117.13
TXN_32640,CUST_4384,2023-07-20,227.73
TXN_32641,CUST_4384,2023-07-05,77.0
TXN_32642,CUST_4384,2023-07-21,76.07
TXN_32643,CUST_4385,2023-06-18,48.96
TXN_32644,CUST_4385,2023-06-29,31.53
TXN_32645,CUST_4385,2023-06-23,71.32
TXN_32646,CUST_4385,2023-07-13,200.96
TXN_32647,CUST_4385,2023-07-01,172.46
TXN_32648,CUST_4385,2023-06-18,169.69
TXN_32649,CUST_4385,2023-09-28,157.13
TXN_32650,CUST_4385,2023-06-29,92.65
TXN_32651,CUST_4385,2023-10-01,116.51
TXN_32652,CUST_4385,2023-07-04,234.18
TXN_32653,CUST_4385,2023-08-21,204.34
TXN_32654,CUST_4385,2023-06-16,94.74
TXN_32655,CUST_4385,2023-07-25,153.04
TXN_32656,CUST_4386,2023-07-14,176.12
TXN_32657,CUST_4387,2023-12-09,106.57
TXN_32658,CUST_4388,2023-10-10,146.84
TXN_32659,CUST_4388,2023-10-19,55.7
TXN_32660,CUST_4388,2023-11-28,22.05
TXN_32661,CUST_4388,2023-11-11,149.65
TXN_32662,CUST_4388,2023-11-19,46.08
TXN_32663,CUST_4388,2023-12-05,90.58
TXN_32664,CUST_4389,2023-06-13,216.95
TXN_32665,CUST_4390,2023-08-12,111.9
TXN_32666,CUST_4391,2023-10-27,236.25
TXN_32667,CUST_4392,2023-12-12,227.62
TXN_32668,CUST_4392,2023-12-14,64.9
TXN_32669,CUST_4392,2023-12-13,91.81
TXN_32670,CUST_4392,2023-12-07,229.71
TXN_32671,CUST_4392,2023-12-19,232.16
TXN_32672,CUST_4392,2023-12-16,120.69
TXN_32673,CUST_4392,2023-12-12,63.09
TXN_32674,CUST_4392,2023-12-10,53.5
TXN_32675,CUST_4392,2023-12-12,166.79
TXN_32676,CUST_4392,2023-12-09,236.79
TXN_32677,CUST_4392,2023-12-15,66.68
TXN_32678,CUST_4392,2023-12-08,54.94
TXN_32679,CUST_4392,2023-12-31,70.61
TXN_32680,CUST_4392,2023-12-08,53.54
TXN_32681,CUST_4393,2023-07-21,33.58
TXN_32682,CUST_4394,2023-12-31,160.18
TXN_32683,CUST_4395,2023-07-13,71.62
TXN_32684,CUST_4396,2023-11-29,221.95
TXN_32685,CUST_4396,2023-06-04,57.35
TXN_32686,CUST_4396,2023-04-17,75.19
TXN_32687,CUST_4396,2023-11-06,137.54
TXN_32688,CUST_4396,2023-08-28,134.09
TXN_32689,CUST_4396,2023-06-27,158.37
TXN_32690,CUST_4396,2023-04-05,119.64
TXN_32691,CUST_4396,2023-09-30,129.94
TXN_32692,CUST_4397,2023-06-27,186.36
TXN_32693,CUST_4397,2023-06-25,182.8
TXN_32694,CUST_4397,2023-04-26,15.34
TXN_32695,CUST_4397,2023-05-26,154.71
TXN_32696,CUST_4398,2023-12-31,191.16
TXN_32697,CUST_4398,2023-09-16,130.95
TXN_32698,CUST_4398,2023-09-06,139.94
TXN_32699,CUST_4398,2023-09-09,201.73
TXN_32700,CUST_4398,2023-09-07,17.2
TXN_32701,CUST_4398,2023-11-21,236.5
TXN_32702,CUST_4398,2023-09-08,80.55
TXN_32703,CUST_4399,2023-12-30,106.46
TXN_32704,CUST_4399,2023-12-14,19.64
TXN_32705,CUST_4399,2023-12-18,191.74
TXN_32706,CUST_4399,2023-12-22,229.21
TXN_32707,CUST_4399,2023-12-15,188.53
TXN_32708,CUST_4399,2023-12-23,211.52
TXN_32709,CUST_4399,2023-12-17,162.11
TXN_32710,CUST_4399,2023-12-18,155.41
TXN_32711,CUST_4399,2023-12-15,175.56
TXN_32712,CUST_4399,2023-12-21,61.05
TXN_32713,CUST_4399,2023-12-17,114.19
TXN_32714,CUST_4400,2023-10-18,123.43
TXN_32715,CUST_4400,2023-11-25,116.21
TXN_32716,CUST_4400,2023-12-04,178.37
TXN_32717,CUST_4400,2023-12-31,173.52
TXN_32718,CUST_4400,2023-10-16,230.73
TXN_32719,CUST_4400,2023-10-08,241.76
TXN_32720,CUST_4400,2023-10-01,165.62
TXN_32721,CUST_4400,2023-09-30,62.93
TXN_32722,CUST_4400,2023-10-19,52.19
TXN_32723,CUST_4400,2023-12-31,196.66
TXN_32724,CUST_4400,2023-11-27,245.08
TXN_32725,CUST_4400,2023-11-03,77.65
TXN_32726,CUST_4401,2023-03-15,187.29
TXN_32727,CUST_4401,2023-03-18,158.33
TXN_32728,CUST_4402,2023-04-11,69.9
TXN_32729,CUST_4402,2023-09-22,178.11
TXN_32730,CUST_4402,2023-04-02,237.18
TXN_32731,CUST_4402,2023-04-04,150.0
TXN_32732,CUST_4402,2023-04-28,43.65
TXN_32733,CUST_4402,2023-04-10,33.22
TXN_32734,CUST_4402,2023-03-02,200.07
TXN_32735,CUST_4403,2023-06-25,183.96
TXN_32736,CUST_4404,2023-11-12,32.1
TXN_32737,CUST_4404,2023-10-12,114.75
TXN_32738,CUST_4404,2023-10-01,46.72
TXN_32739,CUST_4404,2023-12-31,222.1
TXN_32740,CUST_4404,2023-08-26,224.94
TXN_32741,CUST_4404,2023-11-22,123.39
TXN_32742,CUST_4404,2023-12-27,244.56
TXN_32743,CUST_4404,2023-08-12,30.67
TXN_32744,CUST_4404,2023-08-20,129.88
TXN_32745,CUST_4404,2023-08-04,48.05
TXN_32746,CUST_4404,2023-12-31,188.27
TXN_32747,CUST_4405,2023-06-24,193.93
TXN_32748,CUST_4405,2023-07-21,248.69
TXN_32749,CUST_4405,2023-07-10,125.59
TXN_32750,CUST_4405,2023-07-14,152.76
TXN_32751,CUST_4405,2023-07-07,229.47
TXN_32752,CUST_4405,2023-08-19,236.54
TXN_32753,CUST_4405,2023-08-30,58.67
TXN_32754,CUST_4405,2023-06-18,110.78
TXN_32755,CUST_4406,2023-05-07,74.81
TXN_32756,CUST_4406,2023-02-28,204.14
TXN_32757,CUST_4406,2023-03-02,119.03
TXN_32758,CUST_4407,2023-10-21,15.28
TXN_32759,CUST_4407,2023-10-26,60.2
TXN_32760,CUST_4408,2023-06-13,197.63
TXN_32761,CUST_4409,2023-04-22,187.59
TXN_32762,CUST_4409,2023-05-16,221.25
TXN_32763,CUST_4409,2023-06-24,127.45
TXN_32764,CUST_4409,2023-08-24,189.16
TXN_32765,CUST_4409,2023-08-02,177.13
TXN_32766,CUST_4409,2023-06-21,232.72
TXN_32767,CUST_4409,2023-10-25,92.41
TXN_32768,CUST_4409,2023-09-06,224.41
TXN_32769,CUST_4409,2023-07-11,145.56
TXN_32770,CUST_4410,2023-12-31,197.36
TXN_32771,CUST_4410,2023-05-05,157.15
TXN_32772,CUST_4410,2023-06-27,186.27
TXN_32773,CUST_4410,2023-07-11,233.61
TXN_32774,CUST_4410,2023-03-27,209.93
TXN_32775,CUST_4410,2023-05-16,223.05
TXN_32776,CUST_4411,2023-05-11,211.25
TXN_32777,CUST_4411,2023-03-24,41.65
TXN_32778,CUST_4412,2023-10-12,21.79
TXN_32779,CUST_4412,2023-12-31,77.08
TXN_32780,CUST_4412,2023-09-06,113.33
TXN_32781,CUST_4412,2023-12-01,189.79
TXN_32782,CUST_4412,2023-09-27,43.19
TXN_32783,CUST_4412,2023-08-31,130.57
TXN_32784,CUST_4412,2023-08-18,149.26
TXN_32785,CUST_4412,2023-08-24,208.75
TXN_32786,CUST_4412,2023-11-03,155.75
TXN_32787,CUST_4412,2023-09-02,25.47
TXN_32788,CUST_4412,2023-09-28,199.38
TXN_32789,CUST_4412,2023-10-24,128.85
TXN_32790,CUST_4413,2023-03-16,28.1
TXN_32791,CUST_4414,2023-10-29,54.68
TXN_32792,CUST_4415,2023-11-15,78.23
TXN_32793,CUST_4415,2023-10-25,208.28
TXN_32794,CUST_4415,2023-10-30,102.0
TXN_32795,CUST_4415,2023-12-28,18.11
TXN_32796,CUST_4415,2023-11-04,197.14
TXN_32797,CUST_4415,2023-11-19,101.38
TXN_32798,CUST_4415,2023-11-05,16.31
TXN_32799,CUST_4415,2023-11-05,153.74
TXN_32800,CUST_4415,2023-12-07,64.52
TXN_32801,CUST_4416,2023-11-14,123.78
TXN_32802,CUST_4416,2023-11-21,218.43
TXN_32803,CUST_4417,2023-08-19,230.87
TXN_32804,CUST_4417,2023-09-07,219.02
TXN_32805,CUST_4417,2023-08-04,194.12
TXN_32806,CUST_4417,2023-10-27,210.56
TXN_32807,CUST_4418,2023-04-05,162.68
TXN_32808,CUST_4418,2023-06-21,198.28
TXN_32809,CUST_4418,2023-03-22,160.45
TXN_32810,CUST_4418,2023-04-27,90.88
TXN_32811,CUST_4418,2023-05-07,128.1
TXN_32812,CUST_4418,2023-06-13,146.42
TXN_32813,CUST_4418,2023-06-11,245.42
TXN_32814,CUST_4418,2023-08-17,83.63
TXN_32815,CUST_4418,2023-05-18,68.9
TXN_32816,CUST_4418,2023-05-15,182.34
TXN_32817,CUST_4418,2023-03-08,47.29
TXN_32818,CUST_4419,2023-11-21,195.32
TXN_32819,CUST_4420,2023-12-31,60.62
TXN_32820,CUST_4420,2023-11-20,246.8
TXN_32821,CUST_4420,2023-11-10,178.71
TXN_32822,CUST_4420,2023-11-17,227.93
TXN_32823,CUST_4420,2023-12-21,105.99
TXN_32824,CUST_4420,2023-11-14,115.58
TXN_32825,CUST_4420,2023-12-31,81.13
TXN_32826,CUST_4420,2023-12-31,207.56
TXN_32827,CUST_4421,2023-09-24,26.7
TXN_32828,CUST_4422,2023-12-06,180.55
TXN_32829,CUST_4422,2023-12-27,134.98
TXN_32830,CUST_4422,2023-11-28,154.01
TXN_32831,CUST_4422,2023-12-31,222.52
TXN_32832,CUST_4422,2023-12-14,187.63
TXN_32833,CUST_4422,2023-12-12,36.32
TXN_32834,CUST_4422,2023-12-05,177.05
TXN_32835,CUST_4422,2023-11-27,229.97
TXN_32836,CUST_4423,2023-01-26,44.01
TXN_32837,CUST_4424,2023-12-27,144.31
TXN_32838,CUST_4424,2023-12-18,234.87
TXN_32839,CUST_4424,2023-12-11,40.66
TXN_32840,CUST_4424,2023-12-19,207.18
TXN_32841,CUST_4424,2023-12-05,143.81
TXN_32842,CUST_4424,2023-12-10,214.08
TXN_32843,CUST_4424,2023-12-06,115.18
TXN_32844,CUST_4424,2023-12-12,136.55
TXN_32845,CUST_4424,2023-12-31,240.75
TXN_32846,CUST_4425,2023-05-05,16.77
TXN_32847,CUST_4426,2023-11-07,146.21
TXN_32848,CUST_4426,2023-11-11,246.41
TXN_32849,CUST_4426,2023-11-01,195.47
TXN_32850,CUST_4426,2023-10-31,156.92
TXN_32851,CUST_4426,2023-11-11,228.95
TXN_32852,CUST_4426,2023-11-15,209.42
TXN_32853,CUST_4426,2023-11-22,120.06
TXN_32854,CUST_4426,2023-11-08,42.5
TXN_32855,CUST_4426,2023-10-31,15.33
TXN_32856,CUST_4426,2023-11-05,146.82
TXN_32857,CUST_4426,2023-12-31,180.73
TXN_32858,CUST_4426,2023-11-01,166.62
TXN_32859,CUST_4426,2023-11-13,164.5
TXN_32860,CUST_4427,2023-07-31,217.41
TXN_32861,CUST_4427,2023-12-31,186.9
TXN_32862,CUST_4427,2023-05-29,80.26
TXN_32863,CUST_4427,2023-05-28,42.15
TXN_32864,CUST_4427,2023-07-20,228.08
TXN_32865,CUST_4427,2023-08-13,203.15
TXN_32866,CUST_4427,2023-07-10,126.7
TXN_32867,CUST_4428,2023-12-08,72.09
TXN_32868,CUST_4428,2023-12-07,142.04
TXN_32869,CUST_4428,2023-12-04,99.02
TXN_32870,CUST_4428,2023-12-10,157.95
TXN_32871,CUST_4429,2023-02-08,180.91
TXN_32872,CUST_4429,2023-04-14,57.57
TXN_32873,CUST_4429,2023-12-31,200.97
TXN_32874,CUST_4429,2023-05-12,180.0
TXN_32875,CUST_4429,2023-02-25,241.12
TXN_32876,CUST_4429,2023-12-31,167.38
TXN_32877,CUST_4430,2023-08-01,118.06
TXN_32878,CUST_4430,2023-07-07,81.44
TXN_32879,CUST_4430,2023-06-22,117.48
TXN_32880,CUST_4431,2023-11-17,111.27
TXN_32881,CUST_4432,2023-07-15,66.1
TXN_32882,CUST_4432,2023-08-02,89.89
TXN_32883,CUST_4432,2023-07-12,119.05
TXN_32884,CUST_4432,2023-10-29,143.93
TXN_32885,CUST_4432,2023-10-01,214.41
TXN_32886,CUST_4432,2023-07-01,197.76
TXN_32887,CUST_4432,2023-08-22,134.24
TXN_32888,CUST_4433,2023-11-28,51.51
TXN_32889,CUST_4434,2023-05-19,118.52
TXN_32890,CUST_4434,2023-05-21,30.79
TXN_32891,CUST_4434,2023-04-12,236.04
TXN_32892,CUST_4434,2023-04-27,153.97
TXN_32893,CUST_4434,2023-06-26,221.13
TXN_32894,CUST_4434,2023-04-13,224.18
TXN_32895,CUST_4434,2023-05-04,231.62
TXN_32896,CUST_4434,2023-05-07,39.43
TXN_32897,CUST_4434,2023-03-23,242.31
TXN_32898,CUST_4434,2023-03-30,142.18
TXN_32899,CUST_4434,2023-05-28,109.32
TXN_32900,CUST_4434,2023-05-08,126.79
TXN_32901,CUST_4434,2023-03-28,200.86
TXN_32902,CUST_4434,2023-05-02,72.47
TXN_32903,CUST_4435,2023-08-22,197.15
TXN_32904,CUST_4436,2023-12-26,114.27
TXN_32905,CUST_4437,2023-12-12,225.71
TXN_32906,CUST_4437,2023-11-19,236.01
TXN_32907,CUST_4437,2023-11-17,75.14
TXN_32908,CUST_4437,2023-11-18,237.2
TXN_32909,CUST_4437,2023-11-25,89.09
TXN_32910,CUST_4437,2023-11-19,51.62
TXN_32911,CUST_4437,2023-11-30,26.06
TXN_32912,CUST_4437,2023-11-30,197.04
TXN_32913,CUST_4437,2023-11-30,209.25
TXN_32914,CUST_4437,2023-11-21,33.14
TXN_32915,CUST_4437,2023-12-05,209.61
TXN_32916,CUST_4437,2023-11-27,207.84
TXN_32917,CUST_4437,2023-11-25,61.65
TXN_32918,CUST_4438,2023-05-27,244.23
TXN_32919,CUST_4438,2023-04-04,163.02
TXN_32920,CUST_4438,2023-05-18,196.21
TXN_32921,CUST_4438,2023-05-06,102.63
TXN_32922,CUST_4438,2023-06-06,96.28
TXN_32923,CUST_4438,2023-04-28,98.5
TXN_32924,CUST_4439,2023-10-24,220.03
TXN_32925,CUST_4439,2023-09-08,76.56
TXN_32926,CUST_4439,2023-09-11,155.11
TXN_32927,CUST_4439,2023-09-08,224.89
TXN_32928,CUST_4439,2023-12-31,174.59
TXN_32929,CUST_4439,2023-12-31,82.64
TXN_32930,CUST_4439,2023-11-05,174.43
TXN_32931,CUST_4439,2023-09-07,89.83
TXN_32932,CUST_4439,2023-09-23,201.04
TXN_32933,CUST_4439,2023-11-21,163.98
TXN_32934,CUST_4440,2023-11-05,157.17
TXN_32935,CUST_4440,2023-09-29,238.29
TXN_32936,CUST_4440,2023-10-15,201.7
TXN_32937,CUST_4440,2023-10-16,234.24
TXN_32938,CUST_4440,2023-09-26,143.35
TXN_32939,CUST_4440,2023-09-21,61.39
TXN_32940,CUST_4440,2023-10-02,126.06
TXN_32941,CUST_4440,2023-11-17,124.66
TXN_32942,CUST_4440,2023-10-18,232.15
TXN_32943,CUST_4440,2023-11-07,26.8
TXN_32944,CUST_4440,2023-09-27,23.98
TXN_32945,CUST_4441,2023-07-23,186.05
TXN_32946,CUST_4442,2023-08-22,107.56
TXN_32947,CUST_4443,2023-05-07,36.07
TXN_32948,CUST_4443,2023-12-31,81.7
TXN_32949,CUST_4443,2023-04-07,76.57
TXN_32950,CUST_4443,2023-04-15,29.7
TXN_32951,CUST_4443,2023-05-28,19.23
TXN_32952,CUST_4443,2023-07-25,195.42
TXN_32953,CUST_4443,2023-05-02,243.14
TXN_32954,CUST_4444,2023-07-28,156.75
TXN_32955,CUST_4444,2023-06-23,117.21
TXN_32956,CUST_4444,2023-08-14,166.91
TXN_32957,CUST_4444,2023-10-12,187.25
TXN_32958,CUST_4444,2023-04-30,160.59
TXN_32959,CUST_4444,2023-04-20,106.03
TXN_32960,CUST_4444,2023-06-01,215.9
TXN_32961,CUST_4444,2023-05-04,166.23
TXN_32962,CUST_4444,2023-05-05,237.94
TXN_32963,CUST_4444,2023-06-20,181.43
TXN_32964,CUST_4444,2023-07-15,86.36
TXN_32965,CUST_4444,2023-11-02,162.4
TXN_32966,CUST_4444,2023-06-17,139.16
TXN_32967,CUST_4445,2023-12-13,27.08
TXN_32968,CUST_4445,2023-12-17,63.82
TXN_32969,CUST_4445,2023-12-11,119.53
TXN_32970,CUST_4445,2023-12-17,55.27
TXN_32971,CUST_4445,2023-12-18,59.39
TXN_32972,CUST_4445,2023-12-11,50.0
TXN_32973,CUST_4446,2023-10-26,247.69
TXN_32974,CUST_4446,2023-12-10,181.18
TXN_32975,CUST_4446,2023-10-25,71.53
TXN_32976,CUST_4446,2023-10-26,163.27
TXN_32977,CUST_4446,2023-11-02,26.23
TXN_32978,CUST_4446,2023-10-30,217.25
TXN_32979,CUST_4446,2023-11-28,166.11
TXN_32980,CUST_4446,2023-10-24,222.46
TXN_32981,CUST_4446,2023-11-08,131.23
TXN_32982,CUST_4447,2023-10-17,39.18
TXN_32983,CUST_4447,2023-10-28,203.82
TXN_32984,CUST_4447,2023-10-24,160.68
TXN_32985,CUST_4447,2023-11-10,182.34
TXN_32986,CUST_4447,2023-11-05,145.21
TXN_32987,CUST_4447,2023-10-28,126.3
TXN_32988,CUST_4448,2023-12-21,127.58
TXN_32989,CUST_4449,2023-07-22,119.83
TXN_32990,CUST_4450,2023-02-07,221.84
TXN_32991,CUST_4450,2023-03-17,220.01
TXN_32992,CUST_4450,2023-04-13,197.44
TXN_32993,CUST_4451,2023-06-22,29.5
TXN_32994,CUST_4451,2023-09-20,74.98
TXN_32995,CUST_4451,2023-12-31,137.88
TXN_32996,CUST_4451,2023-08-20,123.53
TXN_32997,CUST_4451,2023-05-19,29.85
TXN_32998,CUST_4451,2023-12-31,111.88
TXN_32999,CUST_4451,2023-06-01,184.27
TXN_33000,CUST_4451,2023-10-26,77.74
TXN_33001,CUST_4451,2023-07-20,72.67
TXN_33002,CUST_4451,2023-09-25,35.4
TXN_33003,CUST_4451,2023-06-21,104.28
TXN_33004,CUST_4451,2023-08-01,56.88
TXN_33005,CUST_4451,2023-07-04,144.73
TXN_33006,CUST_4452,2023-12-11,241.38
TXN_33007,CUST_4452,2023-12-09,93.21
TXN_33008,CUST_4452,2023-12-14,111.81
TXN_33009,CUST_4452,2023-12-12,237.38
TXN_33010,CUST_4452,2023-12-10,132.07
TXN_33011,CUST_4452,2023-12-17,192.68
TXN_33012,CUST_4453,2023-03-17,242.27
TXN_33013,CUST_4453,2023-06-09,169.81
TXN_33014,CUST_4453,2023-10-09,90.27
TXN_33015,CUST_4453,2023-04-21,246.47
TXN_33016,CUST_4453,2023-02-26,218.78
TXN_33017,CUST_4453,2023-09-03,76.67
TXN_33018,CUST_4453,2023-08-21,92.61
TXN_33019,CUST_4453,2023-06-07,120.02
TXN_33020,CUST_4453,2023-03-08,225.41
TXN_33021,CUST_4453,2023-05-17,128.23
TXN_33022,CUST_4453,2023-09-30,92.08
TXN_33023,CUST_4453,2023-05-23,222.33
TXN_33024,CUST_4453,2023-04-09,201.48
TXN_33025,CUST_4454,2023-07-13,249.04
TXN_33026,CUST_4454,2023-07-24,127.34
TXN_33027,CUST_4454,2023-10-16,42.8
TXN_33028,CUST_4454,2023-07-28,52.43
TXN_33029,CUST_4454,2023-07-09,240.78
TXN_33030,CUST_4454,2023-10-29,221.64
TXN_33031,CUST_4454,2023-11-03,51.32
TXN_33032,CUST_4454,2023-10-05,186.05
TXN_33033,CUST_4454,2023-12-07,66.54
TXN_33034,CUST_4454,2023-08-06,84.31
TXN_33035,CUST_4455,2023-12-15,53.53
TXN_33036,CUST_4456,2023-10-26,159.19
TXN_33037,CUST_4456,2023-09-21,117.52
TXN_33038,CUST_4456,2023-10-25,158.41
TXN_33039,CUST_4456,2023-09-23,228.79
TXN_33040,CUST_4456,2023-11-08,31.09
TXN_33041,CUST_4456,2023-09-30,248.95
TXN_33042,CUST_4456,2023-10-02,170.91
TXN_33043,CUST_4456,2023-09-18,88.07
TXN_33044,CUST_4456,2023-11-30,134.98
TXN_33045,CUST_4456,2023-11-16,16.8
TXN_33046,CUST_4457,2023-03-20,68.13
TXN_33047,CUST_4457,2023-06-19,137.75
TXN_33048,CUST_4457,2023-05-31,19.82
TXN_33049,CUST_4457,2023-04-18,87.88
TXN_33050,CUST_4457,2023-09-19,197.42
TXN_33051,CUST_4457,2023-04-25,163.17
TXN_33052,CUST_4457,2023-03-03,164.75
TXN_33053,CUST_4458,2023-12-29,149.85
TXN_33054,CUST_4459,2023-06-09,36.17
TXN_33055,CUST_4460,2023-12-31,129.25
TXN_33056,CUST_4461,2023-09-13,129.33
TXN_33057,CUST_4461,2023-10-04,174.44
TXN_33058,CUST_4461,2023-08-27,22.92
TXN_33059,CUST_4461,2023-10-28,245.67
TXN_33060,CUST_4461,2023-12-23,132.69
TXN_33061,CUST_4461,2023-09-20,233.69
TXN_33062,CUST_4462,2023-07-14,48.56
TXN_33063,CUST_4462,2023-07-18,18.44
TXN_33064,CUST_4462,2023-08-02,214.09
TXN_33065,CUST_4462,2023-07-12,37.24
TXN_33066,CUST_4462,2023-12-31,45.31
TXN_33067,CUST_4462,2023-08-05,205.16
TXN_33068,CUST_4463,2023-09-25,145.9
TXN_33069,CUST_4464,2023-11-23,161.17
TXN_33070,CUST_4465,2023-04-28,90.09
TXN_33071,CUST_4465,2023-06-05,25.23
TXN_33072,CUST_4465,2023-04-26,209.99
TXN_33073,CUST_4465,2023-12-31,90.67
TXN_33074,CUST_4465,2023-04-26,234.82
TXN_33075,CUST_4465,2023-11-14,168.84
TXN_33076,CUST_4465,2023-05-22,41.45
TXN_33077,CUST_4466,2023-05-25,21.0
TXN_33078,CUST_4466,2023-03-30,179.28
TXN_33079,CUST_4466,2023-04-17,113.56
TXN_33080,CUST_4466,2023-06-07,82.15
TXN_33081,CUST_4466,2023-10-26,112.09
TXN_33082,CUST_4466,2023-05-26,245.85
TXN_33083,CUST_4466,2023-07-24,139.93
TXN_33084,CUST_4466,2023-09-08,146.7
TXN_33085,CUST_4467,2023-12-16,86.66
TXN_33086,CUST_4467,2023-12-02,152.25
TXN_33087,CUST_4467,2023-12-11,62.49
TXN_33088,CUST_4467,2023-12-03,50.97
TXN_33089,CUST_4468,2023-04-23,97.05
TXN_33090,CUST_4468,2023-04-23,170.57
TXN_33091,CUST_4468,2023-08-18,217.25
TXN_33092,CUST_4468,2023-05-05,138.27
TXN_33093,CUST_4468,2023-07-10,162.94
TXN_33094,CUST_4468,2023-07-25,195.89
TXN_33095,CUST_4468,2023-04-11,54.55
TXN_33096,CUST_4468,2023-07-31,127.02
TXN_33097,CUST_4468,2023-05-22,122.03
TXN_33098,CUST_4468,2023-05-14,153.9
TXN_33099,CUST_4468,2023-05-07,164.65
TXN_33100,CUST_4468,2023-04-22,193.06
TXN_33101,CUST_4468,2023-08-18,150.95
TXN_33102,CUST_4468,2023-05-13,18.38
TXN_33103,CUST_4469,2023-01-27,17.4
TXN_33104,CUST_4470,2023-12-21,60.62
TXN_33105,CUST_4470,2023-12-22,105.8
TXN_33106,CUST_4470,2023-12-23,230.19
TXN_33107,CUST_4470,2023-12-30,68.43
TXN_33108,CUST_4470,2023-12-20,235.89
TXN_33109,CUST_4470,2023-12-26,76.49
TXN_33110,CUST_4470,2023-12-25,189.15
TXN_33111,CUST_4470,2023-12-21,227.86
TXN_33112,CUST_4470,2023-12-21,127.84
TXN_33113,CUST_4470,2023-12-23,59.95
TXN_33114,CUST_4470,2023-12-23,180.97
TXN_33115,CUST_4471,2023-04-21,158.83
TXN_33116,CUST_4472,2023-10-15,149.32
TXN_33117,CUST_4472,2023-08-09,199.95
TXN_33118,CUST_4472,2023-06-08,152.3
TXN_33119,CUST_4472,2023-06-05,76.23
TXN_33120,CUST_4472,2023-06-16,148.26
TXN_33121,CUST_4472,2023-10-10,46.21
TXN_33122,CUST_4472,2023-09-11,48.62
TXN_33123,CUST_4472,2023-06-14,230.48
TXN_33124,CUST_4472,2023-05-30,61.33
TXN_33125,CUST_4473,2023-06-12,100.4
TXN_33126,CUST_4474,2023-08-11,108.85
TXN_33127,CUST_4475,2023-10-23,225.33
TXN_33128,CUST_4475,2023-08-07,214.95
TXN_33129,CUST_4475,2023-07-23,224.13
TXN_33130,CUST_4475,2023-09-02,60.68
TXN_33131,CUST_4475,2023-10-04,229.72
TXN_33132,CUST_4475,2023-08-23,193.69
TXN_33133,CUST_4475,2023-10-07,200.04
TXN_33134,CUST_4475,2023-08-09,188.89
TXN_33135,CUST_4475,2023-08-20,112.45
TXN_33136,CUST_4475,2023-07-14,228.62
TXN_33137,CUST_4475,2023-08-05,71.3
TXN_33138,CUST_4475,2023-07-20,71.89
TXN_33139,CUST_4475,2023-07-04,117.98
TXN_33140,CUST_4476,2023-08-01,241.58
TXN_33141,CUST_4476,2023-09-06,16.72
TXN_33142,CUST_4476,2023-08-12,52.49
TXN_33143,CUST_4476,2023-08-08,28.09
TXN_33144,CUST_4476,2023-08-07,175.51
TXN_33145,CUST_4476,2023-10-23,96.64
TXN_33146,CUST_4476,2023-09-01,24.82
TXN_33147,CUST_4476,2023-07-29,144.7
TXN_33148,CUST_4476,2023-10-29,35.68
TXN_33149,CUST_4476,2023-08-21,243.05
TXN_33150,CUST_4476,2023-10-03,61.44
TXN_33151,CUST_4476,2023-08-10,237.76
TXN_33152,CUST_4476,2023-08-06,118.61
TXN_33153,CUST_4477,2023-10-10,70.6
TXN_33154,CUST_4478,2023-08-11,204.54
TXN_33155,CUST_4478,2023-08-09,32.25
TXN_33156,CUST_4478,2023-08-03,24.44
TXN_33157,CUST_4478,2023-09-10,37.09
TXN_33158,CUST_4478,2023-08-14,210.68
TXN_33159,CUST_4478,2023-12-31,217.3
TXN_33160,CUST_4478,2023-12-31,172.56
TXN_33161,CUST_4478,2023-12-31,131.64
TXN_33162,CUST_4478,2023-10-20,243.34
TXN_33163,CUST_4478,2023-10-03,239.83
TXN_33164,CUST_4478,2023-08-16,85.56
TXN_33165,CUST_4478,2023-08-27,124.18
TXN_33166,CUST_4478,2023-11-24,223.65
TXN_33167,CUST_4479,2023-09-24,163.48
TXN_33168,CUST_4479,2023-09-14,236.08
TXN_33169,CUST_4479,2023-09-24,79.05
TXN_33170,CUST_4479,2023-11-24,194.74
TXN_33171,CUST_4479,2023-10-23,49.39
TXN_33172,CUST_4479,2023-11-05,99.78
TXN_33173,CUST_4479,2023-12-31,172.74
TXN_33174,CUST_4479,2023-11-17,187.44
TXN_33175,CUST_4479,2023-10-15,183.33
TXN_33176,CUST_4479,2023-10-16,27.03
TXN_33177,CUST_4479,2023-09-28,89.36
TXN_33178,CUST_4480,2023-12-30,30.94
TXN_33179,CUST_4480,2023-07-05,176.31
TXN_33180,CUST_4480,2023-09-28,53.34
TXN_33181,CUST_4480,2023-07-18,53.29
TXN_33182,CUST_4480,2023-08-30,81.89
TXN_33183,CUST_4480,2023-06-08,195.9
TXN_33184,CUST_4480,2023-10-03,95.68
TXN_33185,CUST_4480,2023-07-07,177.96
TXN_33186,CUST_4480,2023-08-27,195.98
TXN_33187,CUST_4480,2023-06-21,141.04
TXN_33188,CUST_4480,2023-05-23,237.91
TXN_33189,CUST_4481,2023-04-26,107.89
TXN_33190,CUST_4481,2023-09-18,98.34
TXN_33191,CUST_4481,2023-03-06,65.45
TXN_33192,CUST_4481,2023-03-26,238.07
TXN_33193,CUST_4481,2023-11-18,85.64
TXN_33194,CUST_4481,2023-03-02,136.49
TXN_33195,CUST_4481,2023-08-10,78.12
TXN_33196,CUST_4481,2023-04-29,55.61
TXN_33197,CUST_4481,2023-04-11,193.33
TXN_33198,CUST_4481,2023-04-27,120.11
TXN_33199,CUST_4481,2023-08-06,194.3
TXN_33200,CUST_4481,2023-03-22,112.59
TXN_33201,CUST_4481,2023-09-09,122.33
TXN_33202,CUST_4482,2023-12-29,206.71
TXN_33203,CUST_4482,2023-12-29,116.99
TXN_33204,CUST_4482,2023-12-29,19.13
TXN_33205,CUST_4482,2023-12-29,132.71
TXN_33206,CUST_4482,2023-12-29,137.98
TXN_33207,CUST_4483,2023-12-05,199.18
TXN_33208,CUST_4484,2023-07-02,181.6
TXN_33209,CUST_4484,2023-08-06,159.05
TXN_33210,CUST_4484,2023-05-26,246.4
TXN_33211,CUST_4484,2023-07-27,213.77
TXN_33212,CUST_4484,2023-05-21,227.62
TXN_33213,CUST_4484,2023-07-28,190.34
TXN_33214,CUST_4484,2023-04-06,160.1
TXN_33215,CUST_4484,2023-05-05,172.22
TXN_33216,CUST_4484,2023-06-14,41.13
TXN_33217,CUST_4484,2023-06-06,121.05
TXN_33218,CUST_4485,2023-12-08,234.67
TXN_33219,CUST_4485,2023-11-27,152.39
TXN_33220,CUST_4485,2023-11-23,216.5
TXN_33221,CUST_4485,2023-12-07,98.36
TXN_33222,CUST_4485,2023-12-18,243.15
TXN_33223,CUST_4485,2023-11-24,58.86
TXN_33224,CUST_4485,2023-12-14,151.87
TXN_33225,CUST_4485,2023-12-19,96.67
TXN_33226,CUST_4485,2023-12-01,150.64
TXN_33227,CUST_4486,2023-12-31,171.05
TXN_33228,CUST_4487,2023-07-08,219.79
TXN_33229,CUST_4487,2023-10-13,196.55
TXN_33230,CUST_4487,2023-06-20,199.7
TXN_33231,CUST_4487,2023-06-16,171.06
TXN_33232,CUST_4487,2023-07-13,85.51
TXN_33233,CUST_4487,2023-06-25,210.14
TXN_33234,CUST_4488,2023-11-08,74.88
TXN_33235,CUST_4488,2023-11-08,49.91
TXN_33236,CUST_4488,2023-11-11,139.71
TXN_33237,CUST_4488,2023-11-10,157.1
TXN_33238,CUST_4488,2023-11-13,87.98
TXN_33239,CUST_4488,2023-12-31,204.21
TXN_33240,CUST_4488,2023-11-16,120.15
TXN_33241,CUST_4488,2023-11-09,213.47
TXN_33242,CUST_4489,2023-01-21,140.51
TXN_33243,CUST_4490,2023-10-10,15.86
TXN_33244,CUST_4491,2023-08-26,150.48
TXN_33245,CUST_4492,2023-05-02,71.16
TXN_33246,CUST_4493,2023-05-23,197.28
TXN_33247,CUST_4493,2023-03-03,32.61
TXN_33248,CUST_4493,2023-03-28,181.62
TXN_33249,CUST_4493,2023-06-13,239.44
TXN_33250,CUST_4493,2023-05-26,111.65
TXN_33251,CUST_4493,2023-07-30,50.97
TXN_33252,CUST_4493,2023-08-08,100.99
TXN_33253,CUST_4493,2023-02-25,53.1
TXN_33254,CUST_4494,2023-12-09,231.38
TXN_33255,CUST_4494,2023-12-16,71.93
TXN_33256,CUST_4494,2023-12-24,47.08
TXN_33257,CUST_4494,2023-12-16,114.84
TXN_33258,CUST_4494,2023-12-09,76.64
TXN_33259,CUST_4494,2023-12-12,233.9
TXN_33260,CUST_4494,2023-12-17,170.6
TXN_33261,CUST_4494,2023-12-23,149.03
TXN_33262,CUST_4494,2023-12-08,244.63
TXN_33263,CUST_4494,2023-12-13,89.09
TXN_33264,CUST_4494,2023-12-19,124.04
TXN_33265,CUST_4494,2023-12-07,90.19
TXN_33266,CUST_4494,2023-12-11,102.57
TXN_33267,CUST_4494,2023-12-13,58.09
TXN_33268,CUST_4495,2023-08-29,175.87
TXN_33269,CUST_4495,2023-05-30,151.72
TXN_33270,CUST_4495,2023-09-22,71.55
TXN_33271,CUST_4495,2023-05-20,170.51
TXN_33272,CUST_4495,2023-08-07,204.03
TXN_33273,CUST_4496,2023-08-09,37.64
TXN_33274,CUST_4496,2023-09-13,101.03
TXN_33275,CUST_4496,2023-08-07,248.49
TXN_33276,CUST_4496,2023-10-05,129.07
TXN_33277,CUST_4496,2023-07-23,60.03
TXN_33278,CUST_4496,2023-08-09,129.49
TXN_33279,CUST_4497,2023-12-23,75.21
TXN_33280,CUST_4497,2023-12-16,140.17
TXN_33281,CUST_4497,2023-12-16,207.45
TXN_33282,CUST_4497,2023-12-28,246.66
TXN_33283,CUST_4497,2023-12-16,78.51
TXN_33284,CUST_4497,2023-12-14,26.15
TXN_33285,CUST_4497,2023-12-15,81.86
TXN_33286,CUST_4497,2023-12-16,40.78
TXN_33287,CUST_4497,2023-12-23,160.47
TXN_33288,CUST_4497,2023-12-18,143.14
TXN_33289,CUST_4498,2023-12-05,69.46
TXN_33290,CUST_4499,2023-12-31,229.24
TXN_33291,CUST_4499,2023-09-11,247.06
TXN_33292,CUST_4499,2023-10-09,186.21
TXN_33293,CUST_4499,2023-09-12,65.75
TXN_33294,CUST_4500,2023-09-21,171.87
TXN_33295,CUST_4500,2023-05-19,97.14
TXN_33296,CUST_4500,2023-05-05,124.05
TXN_33297,CUST_4500,2023-04-28,168.46
TXN_33298,CUST_4500,2023-05-04,218.02
TXN_33299,CUST_4500,2023-07-30,224.51
TXN_33300,CUST_4500,2023-04-26,202.65
TXN_33301,CUST_4500,2023-10-17,25.47
TXN_33302,CUST_4500,2023-12-31,85.65
TXN_33303,CUST_4500,2023-05-09,112.5
TXN_33304,CUST_4500,2023-04-19,223.19
TXN_33305,CUST_4500,2023-05-15,137.57
TXN_33306,CUST_4500,2023-07-11,200.91
TXN_33307,CUST_4501,2023-11-25,42.65
TXN_33308,CUST_4502,2023-07-29,146.29
TXN_33309,CUST_4502,2023-08-12,19.66
TXN_33310,CUST_4502,2023-04-22,110.3
TXN_33311,CUST_4502,2023-05-16,27.59
TXN_33312,CUST_4502,2023-05-31,82.36
TXN_33313,CUST_4502,2023-04-13,172.72
TXN_33314,CUST_4502,2023-04-02,218.75
TXN_33315,CUST_4502,2023-10-26,91.5
TXN_33316,CUST_4502,2023-12-31,109.3
TXN_33317,CUST_4502,2023-12-31,246.92
TXN_33318,CUST_4502,2023-09-05,44.34
TXN_33319,CUST_4503,2023-04-25,130.48
TXN_33320,CUST_4503,2023-04-26,34.75
TXN_33321,CUST_4503,2023-08-08,209.74
TXN_33322,CUST_4503,2023-04-17,71.31
TXN_33323,CUST_4503,2023-05-15,205.7
TXN_33324,CUST_4503,2023-03-31,205.05
TXN_33325,CUST_4503,2023-11-19,146.95
TXN_33326,CUST_4503,2023-03-29,78.34
TXN_33327,CUST_4503,2023-04-04,75.93
TXN_33328,CUST_4503,2023-08-27,28.08
TXN_33329,CUST_4503,2023-04-24,136.48
TXN_33330,CUST_4503,2023-10-04,73.75
TXN_33331,CUST_4503,2023-08-12,152.14
TXN_33332,CUST_4504,2023-12-26,20.62
TXN_33333,CUST_4504,2023-10-20,61.29
TXN_33334,CUST_4504,2023-10-29,125.64
TXN_33335,CUST_4504,2023-10-18,222.4
TXN_33336,CUST_4504,2023-11-22,77.98
TXN_33337,CUST_4504,2023-10-25,21.01
TXN_33338,CUST_4505,2023-04-07,160.33
TXN_33339,CUST_4506,2023-09-10,34.0
TXN_33340,CUST_4506,2023-08-12,40.17
TXN_33341,CUST_4506,2023-06-08,145.43
TXN_33342,CUST_4506,2023-07-01,177.93
TXN_33343,CUST_4506,2023-09-16,209.91
TXN_33344,CUST_4506,2023-05-13,165.79
TXN_33345,CUST_4506,2023-12-31,192.43
TXN_33346,CUST_4506,2023-07-05,249.66
TXN_33347,CUST_4506,2023-05-12,35.72
TXN_33348,CUST_4506,2023-08-31,144.19
TXN_33349,CUST_4506,2023-05-19,103.2
TXN_33350,CUST_4506,2023-05-14,138.71
TXN_33351,CUST_4507,2023-07-15,90.77
TXN_33352,CUST_4508,2023-06-22,97.36
TXN_33353,CUST_4509,2023-12-12,138.11
TXN_33354,CUST_4509,2023-10-18,158.0
TXN_33355,CUST_4509,2023-10-19,127.57
TXN_33356,CUST_4509,2023-11-25,22.57
TXN_33357,CUST_4509,2023-10-15,239.8
TXN_33358,CUST_4509,2023-10-26,86.28
TXN_33359,CUST_4510,2023-12-11,32.11
TXN_33360,CUST_4510,2023-12-07,226.87
TXN_33361,CUST_4510,2023-11-13,143.57
TXN_33362,CUST_4510,2023-11-11,36.35
TXN_33363,CUST_4510,2023-12-03,163.01
TXN_33364,CUST_4510,2023-12-02,118.33
TXN_33365,CUST_4510,2023-11-13,115.31
TXN_33366,CUST_4511,2023-09-05,84.92
TXN_33367,CUST_4512,2023-02-28,87.82
TXN_33368,CUST_4512,2023-07-13,74.43
TXN_33369,CUST_4512,2023-12-31,202.17
TXN_33370,CUST_4512,2023-12-31,122.91
TXN_33371,CUST_4512,2023-05-04,80.89
TXN_33372,CUST_4512,2023-05-08,243.87
TXN_33373,CUST_4513,2023-06-26,81.1
TXN_33374,CUST_4514,2023-10-19,219.26
TXN_33375,CUST_4514,2023-10-22,172.28
TXN_33376,CUST_4514,2023-11-21,116.51
TXN_33377,CUST_4514,2023-11-26,248.28
TXN_33378,CUST_4514,2023-10-24,109.65
TXN_33379,CUST_4514,2023-11-21,167.55
TXN_33380,CUST_4514,2023-10-31,223.24
TXN_33381,CUST_4514,2023-11-03,165.77
TXN_33382,CUST_4514,2023-10-10,176.73
TXN_33383,CUST_4515,2023-03-27,204.82
TXN_33384,CUST_4515,2023-08-17,92.55
TXN_33385,CUST_4515,2023-05-03,58.11
TXN_33386,CUST_4515,2023-08-23,239.82
TXN_33387,CUST_4515,2023-04-05,198.76
TXN_33388,CUST_4515,2023-04-15,15.62
TXN_33389,CUST_4516,2023-12-06,190.96
TXN_33390,CUST_4516,2023-12-29,117.89
TXN_33391,CUST_4516,2023-11-25,109.1
TXN_33392,CUST_4516,2023-11-20,164.89
TXN_33393,CUST_4517,2023-03-15,210.75
TXN_33394,CUST_4517,2023-07-10,58.78
TXN_33395,CUST_4517,2023-03-06,88.15
TXN_33396,CUST_4517,2023-04-30,26.03
TXN_33397,CUST_4517,2023-09-03,137.42
TXN_33398,CUST_4517,2023-11-10,91.54
TXN_33399,CUST_4517,2023-02-26,219.77
TXN_33400,CUST_4517,2023-03-09,93.88
TXN_33401,CUST_4517,2023-04-27,130.61
TXN_33402,CUST_4517,2023-02-23,138.78
TXN_33403,CUST_4517,2023-03-01,91.81
TXN_33404,CUST_4518,2023-12-17,166.91
TXN_33405,CUST_4518,2023-12-31,195.89
TXN_33406,CUST_4519,2023-07-12,49.0
TXN_33407,CUST_4520,2023-09-19,76.36
TXN_33408,CUST_4521,2023-11-07,53.24
TXN_33409,CUST_4521,2023-12-31,51.53
TXN_33410,CUST_4522,2023-12-02,107.46
TXN_33411,CUST_4523,2023-02-15,34.69
TXN_33412,CUST_4524,2023-05-06,18.54
TXN_33413,CUST_4525,2023-12-28,221.0
TXN_33414,CUST_4526,2023-07-09,205.62
TXN_33415,CUST_4526,2023-03-01,26.19
TXN_33416,CUST_4526,2023-08-02,114.14
TXN_33417,CUST_4526,2023-02-21,35.11
TXN_33418,CUST_4526,2023-05-28,151.96
TXN_33419,CUST_4526,2023-09-04,22.42
TXN_33420,CUST_4526,2023-09-15,223.5
TXN_33421,CUST_4526,2023-04-10,33.02
TXN_33422,CUST_4526,2023-12-23,31.93
TXN_33423,CUST_4527,2023-05-24,215.2
TXN_33424,CUST_4527,2023-09-26,101.79
TXN_33425,CUST_4527,2023-09-08,33.28
TXN_33426,CUST_4527,2023-04-20,218.23
TXN_33427,CUST_4527,2023-10-13,48.7
TXN_33428,CUST_4527,2023-05-20,214.89
TXN_33429,CUST_4527,2023-04-27,217.83
TXN_33430,CUST_4527,2023-07-01,169.46
TXN_33431,CUST_4527,2023-07-05,151.9
TXN_33432,CUST_4527,2023-05-07,70.47
TXN_33433,CUST_4527,2023-07-02,109.33
TXN_33434,CUST_4527,2023-06-25,74.54
TXN_33435,CUST_4527,2023-06-11,48.7
TXN_33436,CUST_4527,2023-04-23,238.51
TXN_33437,CUST_4528,2023-07-06,152.83
TXN_33438,CUST_4528,2023-08-01,82.1
TXN_33439,CUST_4528,2023-08-27,135.06
TXN_33440,CUST_4528,2023-09-27,36.96
TXN_33441,CUST_4528,2023-07-18,21.06
TXN_33442,CUST_4528,2023-09-19,229.43
TXN_33443,CUST_4528,2023-08-20,159.99
TXN_33444,CUST_4528,2023-06-28,133.39
TXN_33445,CUST_4528,2023-08-11,24.16
TXN_33446,CUST_4529,2023-12-28,151.91
TXN_33447,CUST_4529,2023-12-28,123.16
TXN_33448,CUST_4529,2023-12-28,191.66
TXN_33449,CUST_4529,2023-12-31,169.4
TXN_33450,CUST_4529,2023-12-28,119.48
TXN_33451,CUST_4529,2023-12-29,162.35
TXN_33452,CUST_4529,2023-12-28,93.93
TXN_33453,CUST_4529,2023-12-31,195.2
TXN_33454,CUST_4529,2023-12-28,83.66
TXN_33455,CUST_4529,2023-12-30,170.29
TXN_33456,CUST_4529,2023-12-28,100.59
TXN_33457,CUST_4529,2023-12-28,58.78
TXN_33458,CUST_4530,2023-11-19,189.9
TXN_33459,CUST_4530,2023-11-13,82.28
TXN_33460,CUST_4530,2023-12-01,33.06
TXN_33461,CUST_4530,2023-11-13,192.04
TXN_33462,CUST_4530,2023-12-15,186.27
TXN_33463,CUST_4530,2023-11-22,38.28
TXN_33464,CUST_4530,2023-12-09,44.15
TXN_33465,CUST_4530,2023-11-18,26.87
TXN_33466,CUST_4530,2023-12-01,133.32
TXN_33467,CUST_4530,2023-12-20,47.6
TXN_33468,CUST_4530,2023-12-09,135.01
TXN_33469,CUST_4530,2023-11-17,166.24
TXN_33470,CUST_4531,2023-10-23,127.9
TXN_33471,CUST_4531,2023-12-31,35.71
TXN_33472,CUST_4531,2023-11-07,156.54
TXN_33473,CUST_4532,2023-12-07,133.08
TXN_33474,CUST_4532,2023-12-06,50.24
TXN_33475,CUST_4532,2023-12-06,32.62
TXN_33476,CUST_4532,2023-12-05,34.66
TXN_33477,CUST_4532,2023-12-15,172.72
TXN_33478,CUST_4532,2023-12-29,104.28
TXN_33479,CUST_4532,2023-12-16,153.09
TXN_33480,CUST_4532,2023-12-12,143.65
TXN_33481,CUST_4532,2023-12-16,24.87
TXN_33482,CUST_4532,2023-12-02,37.54
TXN_33483,CUST_4532,2023-12-05,153.92
TXN_33484,CUST_4533,2023-06-22,18.71
TXN_33485,CUST_4533,2023-04-27,117.54
TXN_33486,CUST_4533,2023-10-30,247.72
TXN_33487,CUST_4533,2023-08-09,191.1
TXN_33488,CUST_4533,2023-05-24,149.17
TXN_33489,CUST_4533,2023-04-30,188.47
TXN_33490,CUST_4533,2023-04-12,113.05
TXN_33491,CUST_4533,2023-09-13,245.27
TXN_33492,CUST_4534,2023-08-05,64.67
TXN_33493,CUST_4534,2023-08-09,147.84
TXN_33494,CUST_4534,2023-08-20,33.1
TXN_33495,CUST_4534,2023-09-06,172.27
TXN_33496,CUST_4534,2023-10-07,211.82
TXN_33497,CUST_4534,2023-09-03,106.79
TXN_33498,CUST_4534,2023-09-28,18.14
TXN_33499,CUST_4535,2023-11-15,249.89
TXN_33500,CUST_4535,2023-11-29,203.1
TXN_33501,CUST_4535,2023-11-20,136.79
TXN_33502,CUST_4535,2023-11-28,204.41
TXN_33503,CUST_4535,2023-11-19,172.98
TXN_33504,CUST_4535,2023-12-06,204.21
TXN_33505,CUST_4535,2023-11-24,126.24
TXN_33506,CUST_4535,2023-11-14,131.97
TXN_33507,CUST_4535,2023-12-02,231.34
TXN_33508,CUST_4535,2023-11-15,242.69
TXN_33509,CUST_4535,2023-11-17,56.33
TXN_33510,CUST_4535,2023-11-14,247.68
TXN_33511,CUST_4536,2023-06-15,238.31
TXN_33512,CUST_4536,2023-11-07,97.25
TXN_33513,CUST_4536,2023-05-21,210.88
TXN_33514,CUST_4536,2023-11-19,211.82
TXN_33515,CUST_4536,2023-11-18,150.34
TXN_33516,CUST_4537,2023-05-18,116.7
TXN_33517,CUST_4537,2023-01-20,105.52
TXN_33518,CUST_4537,2023-05-11,242.67
TXN_33519,CUST_4537,2023-03-23,177.72
TXN_33520,CUST_4537,2023-02-01,161.55
TXN_33521,CUST_4537,2023-02-07,61.56
TXN_33522,CUST_4538,2023-04-28,214.26
TXN_33523,CUST_4538,2023-07-08,231.07
TXN_33524,CUST_4538,2023-12-09,205.09
TXN_33525,CUST_4538,2023-06-22,48.5
TXN_33526,CUST_4539,2023-04-04,186.32
TXN_33527,CUST_4540,2023-10-16,21.17
TXN_33528,CUST_4540,2023-05-06,156.91
TXN_33529,CUST_4540,2023-06-22,105.66
TXN_33530,CUST_4540,2023-08-12,141.88
TXN_33531,CUST_4540,2023-04-06,184.03
TXN_33532,CUST_4540,2023-11-19,205.82
TXN_33533,CUST_4540,2023-11-25,77.49
TXN_33534,CUST_4540,2023-02-21,140.57
TXN_33535,CUST_4540,2023-02-12,173.53
TXN_33536,CUST_4540,2023-03-09,121.77
TXN_33537,CUST_4540,2023-06-03,128.53
TXN_33538,CUST_4540,2023-03-09,221.89
TXN_33539,CUST_4541,2023-07-11,38.04
TXN_33540,CUST_4541,2023-06-30,51.29
TXN_33541,CUST_4541,2023-11-27,176.13
TXN_33542,CUST_4541,2023-10-15,225.9
TXN_33543,CUST_4541,2023-08-04,16.55
TXN_33544,CUST_4541,2023-07-27,203.59
TXN_33545,CUST_4541,2023-06-26,233.02
TXN_33546,CUST_4541,2023-12-31,144.08
TXN_33547,CUST_4542,2023-07-05,52.71
TXN_33548,CUST_4542,2023-05-24,62.42
TXN_33549,CUST_4542,2023-05-04,47.99
TXN_33550,CUST_4542,2023-12-31,145.42
TXN_33551,CUST_4542,2023-05-09,182.58
TXN_33552,CUST_4542,2023-06-20,67.8
TXN_33553,CUST_4542,2023-12-20,67.77
TXN_33554,CUST_4542,2023-05-06,63.36
TXN_33555,CUST_4542,2023-11-14,216.58
TXN_33556,CUST_4542,2023-10-30,230.3
TXN_33557,CUST_4542,2023-05-04,182.16
TXN_33558,CUST_4542,2023-07-26,248.33
TXN_33559,CUST_4542,2023-08-09,201.13
TXN_33560,CUST_4543,2023-10-15,242.78
TXN_33561,CUST_4543,2023-12-22,117.89
TXN_33562,CUST_4543,2023-09-29,134.63
TXN_33563,CUST_4543,2023-11-04,109.22
TXN_33564,CUST_4543,2023-10-14,85.2
TXN_33565,CUST_4543,2023-10-07,239.96
TXN_33566,CUST_4543,2023-09-26,247.35
TXN_33567,CUST_4543,2023-09-26,90.02
TXN_33568,CUST_4543,2023-09-21,191.74
TXN_33569,CUST_4543,2023-09-18,200.14
TXN_33570,CUST_4543,2023-10-17,190.96
TXN_33571,CUST_4543,2023-11-09,44.23
TXN_33572,CUST_4544,2023-04-14,105.26
TXN_33573,CUST_4545,2023-05-14,82.0
TXN_33574,CUST_4546,2023-12-27,185.2
TXN_33575,CUST_4547,2023-09-13,204.53
TXN_33576,CUST_4547,2023-09-12,109.91
TXN_33577,CUST_4547,2023-08-21,86.7
TXN_33578,CUST_4548,2023-10-12,20.64
TXN_33579,CUST_4548,2023-11-11,41.18
TXN_33580,CUST_4548,2023-10-18,113.46
TXN_33581,CUST_4548,2023-10-20,206.92
TXN_33582,CUST_4548,2023-11-07,93.33
TXN_33583,CUST_4548,2023-10-22,175.67
TXN_33584,CUST_4548,2023-10-16,80.93
TXN_33585,CUST_4548,2023-10-23,121.84
TXN_33586,CUST_4548,2023-10-17,51.95
TXN_33587,CUST_4548,2023-12-31,229.6
TXN_33588,CUST_4549,2023-10-23,114.37
TXN_33589,CUST_4549,2023-09-10,201.59
TXN_33590,CUST_4549,2023-12-31,247.63
TXN_33591,CUST_4549,2023-10-08,188.93
TXN_33592,CUST_4549,2023-11-07,202.73
TXN_33593,CUST_4549,2023-12-31,205.45
TXN_33594,CUST_4549,2023-10-11,103.41
TXN_33595,CUST_4549,2023-10-04,221.88
TXN_33596,CUST_4549,2023-09-11,22.2
TXN_33597,CUST_4549,2023-09-12,240.65
TXN_33598,CUST_4549,2023-11-01,58.98
TXN_33599,CUST_4550,2023-08-26,151.07
TXN_33600,CUST_4551,2023-12-31,160.18
TXN_33601,CUST_4552,2023-08-08,40.74
TXN_33602,CUST_4552,2023-06-14,52.16
TXN_33603,CUST_4552,2023-05-26,69.1
TXN_33604,CUST_4552,2023-06-14,124.63
TXN_33605,CUST_4552,2023-12-31,236.67
TXN_33606,CUST_4552,2023-09-02,166.93
TXN_33607,CUST_4552,2023-12-26,48.48
TXN_33608,CUST_4552,2023-06-19,145.03
TXN_33609,CUST_4553,2023-12-04,169.47
TXN_33610,CUST_4553,2023-10-07,91.16
TXN_33611,CUST_4553,2023-07-02,26.54
TXN_33612,CUST_4554,2023-04-05,41.63
TXN_33613,CUST_4554,2023-03-14,62.86
TXN_33614,CUST_4554,2023-12-18,242.12
TXN_33615,CUST_4554,2023-02-15,55.08
TXN_33616,CUST_4554,2023-10-06,24.01
TXN_33617,CUST_4554,2023-12-17,104.32
TXN_33618,CUST_4554,2023-05-08,194.5
TXN_33619,CUST_4554,2023-03-16,38.66
TXN_33620,CUST_4554,2023-08-10,246.39
TXN_33621,CUST_4554,2023-06-09,208.93
TXN_33622,CUST_4555,2023-12-09,23.91
TXN_33623,CUST_4555,2023-12-31,133.05
TXN_33624,CUST_4555,2023-08-29,161.9
TXN_33625,CUST_4555,2023-07-11,200.36
TXN_33626,CUST_4555,2023-04-27,107.21
TXN_33627,CUST_4555,2023-12-31,27.83
TXN_33628,CUST_4555,2023-05-17,172.95
TXN_33629,CUST_4555,2023-04-30,141.12
TXN_33630,CUST_4555,2023-08-05,192.99
TXN_33631,CUST_4555,2023-06-30,132.65
TXN_33632,CUST_4556,2023-02-19,33.48
TXN_33633,CUST_4556,2023-04-13,209.22
TXN_33634,CUST_4556,2023-03-25,195.04
TXN_33635,CUST_4556,2023-02-20,107.53
TXN_33636,CUST_4556,2023-02-28,217.93
TXN_33637,CUST_4556,2023-12-31,91.52
TXN_33638,CUST_4556,2023-12-31,191.79
TXN_33639,CUST_4556,2023-02-14,129.04
TXN_33640,CUST_4556,2023-08-24,140.46
TXN_33641,CUST_4556,2023-05-10,120.21
TXN_33642,CUST_4556,2023-04-08,21.44
TXN_33643,CUST_4556,2023-05-28,195.18
TXN_33644,CUST_4556,2023-07-30,161.79
TXN_33645,CUST_4557,2023-09-04,225.51
TXN_33646,CUST_4558,2023-09-25,104.16
TXN_33647,CUST_4558,2023-12-10,53.36
TXN_33648,CUST_4558,2023-04-18,56.52
TXN_33649,CUST_4558,2023-06-06,208.38
TXN_33650,CUST_4558,2023-04-28,143.82
TXN_33651,CUST_4558,2023-08-22,23.19
TXN_33652,CUST_4558,2023-04-17,130.29
TXN_33653,CUST_4558,2023-05-01,120.88
TXN_33654,CUST_4558,2023-04-17,244.56
TXN_33655,CUST_4558,2023-07-15,176.37
TXN_33656,CUST_4559,2023-04-24,108.98
TXN_33657,CUST_4559,2023-05-24,49.15
TXN_33658,CUST_4559,2023-05-21,52.88
TXN_33659,CUST_4559,2023-05-29,26.94
TXN_33660,CUST_4559,2023-12-27,72.89
TXN_33661,CUST_4559,2023-05-23,22.7
TXN_33662,CUST_4559,2023-04-14,177.91
TXN_33663,CUST_4559,2023-04-06,162.62
TXN_33664,CUST_4560,2023-07-01,184.52
TXN_33665,CUST_4561,2023-09-17,108.66
TXN_33666,CUST_4561,2023-05-01,181.1
TXN_33667,CUST_4561,2023-07-06,209.36
TXN_33668,CUST_4561,2023-08-17,225.28
TXN_33669,CUST_4561,2023-09-21,176.22
TXN_33670,CUST_4561,2023-06-10,19.79
TXN_33671,CUST_4561,2023-05-19,185.97
TXN_33672,CUST_4562,2023-06-30,136.35
TXN_33673,CUST_4563,2023-08-26,55.3
TXN_33674,CUST_4563,2023-04-21,64.61
TXN_33675,CUST_4563,2023-05-10,227.54
TXN_33676,CUST_4563,2023-08-16,100.69
TXN_33677,CUST_4563,2023-11-16,198.05
TXN_33678,CUST_4563,2023-07-09,117.59
TXN_33679,CUST_4563,2023-07-08,154.41
TXN_33680,CUST_4563,2023-08-19,68.01
TXN_33681,CUST_4563,2023-10-16,154.09
TXN_33682,CUST_4563,2023-08-30,96.62
TXN_33683,CUST_4564,2023-12-14,161.16
TXN_33684,CUST_4565,2023-09-06,117.07
TXN_33685,CUST_4566,2023-11-23,115.24
TXN_33686,CUST_4566,2023-11-06,114.24
TXN_33687,CUST_4566,2023-10-23,59.38
TXN_33688,CUST_4566,2023-10-19,17.68
TXN_33689,CUST_4566,2023-10-24,55.28
TXN_33690,CUST_4566,2023-10-23,32.81
TXN_33691,CUST_4566,2023-10-26,137.19
TXN_33692,CUST_4566,2023-12-28,96.56
TXN_33693,CUST_4567,2023-08-20,207.05
TXN_33694,CUST_4568,2023-06-02,230.96
TXN_33695,CUST_4569,2023-12-31,210.67
TXN_33696,CUST_4570,2023-05-03,182.32
TXN_33697,CUST_4570,2023-08-12,38.55
TXN_33698,CUST_4570,2023-06-06,128.63
TXN_33699,CUST_4570,2023-08-30,208.55
TXN_33700,CUST_4570,2023-08-12,65.72
TXN_33701,CUST_4571,2023-06-08,164.74
TXN_33702,CUST_4572,2023-08-12,68.93
TXN_33703,CUST_4572,2023-09-06,210.71
TXN_33704,CUST_4572,2023-09-04,110.91
TXN_33705,CUST_4572,2023-05-30,117.25
TXN_33706,CUST_4572,2023-06-26,73.73
TXN_33707,CUST_4572,2023-12-04,133.46
TXN_33708,CUST_4572,2023-05-01,249.34
TXN_33709,CUST_4572,2023-06-19,237.54
TXN_33710,CUST_4572,2023-06-05,67.82
TXN_33711,CUST_4572,2023-08-14,116.64
TXN_33712,CUST_4573,2023-07-02,192.99
TXN_33713,CUST_4573,2023-07-21,71.54
TXN_33714,CUST_4574,2023-07-26,40.32
TXN_33715,CUST_4574,2023-11-01,233.98
TXN_33716,CUST_4574,2023-10-01,247.47
TXN_33717,CUST_4574,2023-07-22,92.9
TXN_33718,CUST_4574,2023-07-27,198.77
TXN_33719,CUST_4574,2023-11-17,120.07
TXN_33720,CUST_4574,2023-10-24,214.19
TXN_33721,CUST_4574,2023-07-28,103.59
TXN_33722,CUST_4574,2023-07-31,172.46
TXN_33723,CUST_4574,2023-08-15,171.93
TXN_33724,CUST_4574,2023-11-11,112.0
TXN_33725,CUST_4575,2023-09-01,139.38
TXN_33726,CUST_4575,2023-09-13,44.38
TXN_33727,CUST_4575,2023-08-23,189.84
TXN_33728,CUST_4575,2023-12-17,118.51
TXN_33729,CUST_4575,2023-08-24,189.05
TXN_33730,CUST_4575,2023-11-18,91.06
TXN_33731,CUST_4575,2023-09-01,94.21
TXN_33732,CUST_4575,2023-12-04,113.22
TXN_33733,CUST_4575,2023-10-07,32.47
TXN_33734,CUST_4575,2023-09-05,68.59
TXN_33735,CUST_4575,2023-08-24,43.34
TXN_33736,CUST_4575,2023-09-14,146.13
TXN_33737,CUST_4576,2023-03-30,193.48
TXN_33738,CUST_4577,2023-01-15,75.39
TXN_33739,CUST_4578,2023-10-29,205.6
TXN_33740,CUST_4578,2023-09-20,133.92
TXN_33741,CUST_4578,2023-07-25,80.9
TXN_33742,CUST_4578,2023-08-03,27.03
TXN_33743,CUST_4579,2023-06-22,115.38
TXN_33744,CUST_4579,2023-07-10,51.92
TXN_33745,CUST_4579,2023-06-19,21.38
TXN_33746,CUST_4579,2023-10-23,92.7
TXN_33747,CUST_4579,2023-07-30,83.53
TXN_33748,CUST_4579,2023-06-27,76.41
TXN_33749,CUST_4579,2023-06-28,193.1
TXN_33750,CUST_4579,2023-11-20,117.11
TXN_33751,CUST_4579,2023-10-08,115.06
TXN_33752,CUST_4579,2023-07-25,129.0
TXN_33753,CUST_4579,2023-10-07,235.04
TXN_33754,CUST_4580,2023-11-14,82.4
TXN_33755,CUST_4580,2023-09-20,165.5
TXN_33756,CUST_4580,2023-09-13,60.32
TXN_33757,CUST_4580,2023-09-25,28.86
TXN_33758,CUST_4580,2023-12-10,235.93
TXN_33759,CUST_4580,2023-09-27,64.17
TXN_33760,CUST_4580,2023-09-29,38.48
TXN_33761,CUST_4580,2023-09-23,32.31
TXN_33762,CUST_4580,2023-10-22,79.79
TXN_33763,CUST_4580,2023-10-02,18.18
TXN_33764,CUST_4580,2023-10-03,15.77
TXN_33765,CUST_4580,2023-12-14,132.77
TXN_33766,CUST_4581,2023-04-01,25.83
TXN_33767,CUST_4582,2023-09-28,86.79
TXN_33768,CUST_4582,2023-10-29,128.33
TXN_33769,CUST_4582,2023-11-16,236.22
TXN_33770,CUST_4582,2023-12-31,76.15
TXN_33771,CUST_4582,2023-10-30,117.96
TXN_33772,CUST_4582,2023-09-25,219.03
TXN_33773,CUST_4582,2023-09-09,127.29
TXN_33774,CUST_4582,2023-10-08,30.54
TXN_33775,CUST_4582,2023-11-21,88.87
TXN_33776,CUST_4583,2023-08-15,223.21
TXN_33777,CUST_4583,2023-05-12,130.79
TXN_33778,CUST_4583,2023-07-12,176.92
TXN_33779,CUST_4583,2023-05-16,169.35
TXN_33780,CUST_4583,2023-05-19,30.89
TXN_33781,CUST_4583,2023-06-26,156.09
TXN_33782,CUST_4583,2023-12-31,179.18
TXN_33783,CUST_4583,2023-07-17,65.42
TXN_33784,CUST_4583,2023-05-20,157.71
TXN_33785,CUST_4583,2023-05-27,181.05
TXN_33786,CUST_4583,2023-05-16,94.81
TXN_33787,CUST_4584,2023-06-26,63.58
TXN_33788,CUST_4584,2023-12-31,193.85
TXN_33789,CUST_4584,2023-09-23,67.35
TXN_33790,CUST_4584,2023-07-06,31.03
TXN_33791,CUST_4585,2023-05-18,86.26
TXN_33792,CUST_4586,2023-06-19,17.73
TXN_33793,CUST_4586,2023-06-13,231.86
TXN_33794,CUST_4586,2023-06-18,152.51
TXN_33795,CUST_4586,2023-12-31,32.79
TXN_33796,CUST_4586,2023-09-26,155.43
TXN_33797,CUST_4586,2023-06-28,100.6
TXN_33798,CUST_4586,2023-06-02,75.12
TXN_33799,CUST_4586,2023-07-10,183.47
TXN_33800,CUST_4586,2023-06-23,151.37
TXN_33801,CUST_4587,2023-05-22,219.98
TXN_33802,CUST_4587,2023-07-19,50.08
TXN_33803,CUST_4587,2023-05-05,90.5
TXN_33804,CUST_4587,2023-08-18,183.97
TXN_33805,CUST_4587,2023-05-14,208.56
TXN_33806,CUST_4587,2023-05-03,203.83
TXN_33807,CUST_4587,2023-03-16,46.64
TXN_33808,CUST_4587,2023-07-28,41.88
TXN_33809,CUST_4587,2023-07-03,185.04
TXN_33810,CUST_4588,2023-12-30,193.06
TXN_33811,CUST_4588,2023-12-29,198.89
TXN_33812,CUST_4588,2023-12-31,110.44
TXN_33813,CUST_4588,2023-12-31,72.79
TXN_33814,CUST_4588,2023-12-31,218.14
TXN_33815,CUST_4588,2023-12-29,97.21
TXN_33816,CUST_4588,2023-12-29,60.03
TXN_33817,CUST_4588,2023-12-29,140.68
TXN_33818,CUST_4588,2023-12-29,85.63
TXN_33819,CUST_4588,2023-12-29,85.46
TXN_33820,CUST_4588,2023-12-29,196.74
TXN_33821,CUST_4588,2023-12-29,117.84
TXN_33822,CUST_4588,2023-12-29,154.68
TXN_33823,CUST_4588,2023-12-29,127.74
TXN_33824,CUST_4589,2023-10-17,180.63
TXN_33825,CUST_4590,2023-08-19,69.93
TXN_33826,CUST_4591,2023-12-06,207.44
TXN_33827,CUST_4592,2023-03-24,140.14
TXN_33828,CUST_4592,2023-06-13,50.29
TXN_33829,CUST_4592,2023-01-28,218.54
TXN_33830,CUST_4593,2023-08-05,217.37
TXN_33831,CUST_4593,2023-11-01,30.54
TXN_33832,CUST_4593,2023-08-07,55.29
TXN_33833,CUST_4593,2023-07-22,112.5
TXN_33834,CUST_4593,2023-09-07,95.78
TXN_33835,CUST_4593,2023-08-03,37.2
TXN_33836,CUST_4593,2023-08-10,125.68
TXN_33837,CUST_4593,2023-08-11,174.82
TXN_33838,CUST_4593,2023-08-02,183.27
TXN_33839,CUST_4593,2023-11-12,153.94
TXN_33840,CUST_4593,2023-08-10,57.23
TXN_33841,CUST_4594,2023-12-01,135.45
TXN_33842,CUST_4594,2023-12-09,189.47
TXN_33843,CUST_4594,2023-12-10,37.35
TXN_33844,CUST_4594,2023-12-01,80.96
TXN_33845,CUST_4594,2023-12-01,167.02
TXN_33846,CUST_4595,2023-08-07,222.94
TXN_33847,CUST_4596,2023-12-26,108.82
TXN_33848,CUST_4596,2023-12-25,28.8
TXN_33849,CUST_4597,2023-06-20,61.26
TXN_33850,CUST_4598,2023-11-17,245.9
TXN_33851,CUST_4598,2023-11-07,238.51
TXN_33852,CUST_4598,2023-09-21,132.01
TXN_33853,CUST_4598,2023-09-13,164.41
TXN_33854,CUST_4598,2023-11-03,132.2
TXN_33855,CUST_4598,2023-09-16,134.3
TXN_33856,CUST_4598,2023-09-05,184.46
TXN_33857,CUST_4598,2023-09-26,226.09
TXN_33858,CUST_4598,2023-12-13,44.49
TXN_33859,CUST_4599,2023-05-29,119.46
TXN_33860,CUST_4599,2023-04-21,133.53
TXN_33861,CUST_4599,2023-05-22,125.01
TXN_33862,CUST_4599,2023-04-04,45.76
TXN_33863,CUST_4599,2023-08-11,113.49
TXN_33864,CUST_4599,2023-08-04,55.21
TXN_33865,CUST_4599,2023-07-20,82.94
TXN_33866,CUST_4600,2023-09-13,43.05
TXN_33867,CUST_4600,2023-10-07,107.26
TXN_33868,CUST_4600,2023-08-30,138.7
TXN_33869,CUST_4600,2023-08-28,207.34
TXN_33870,CUST_4600,2023-12-22,205.37
TXN_33871,CUST_4600,2023-12-31,225.82
TXN_33872,CUST_4600,2023-11-29,72.68
TXN_33873,CUST_4600,2023-09-07,205.21
TXN_33874,CUST_4600,2023-09-24,236.44
TXN_33875,CUST_4600,2023-11-30,224.9
TXN_33876,CUST_4601,2023-07-31,174.32
TXN_33877,CUST_4602,2023-04-30,63.49
TXN_33878,CUST_4602,2023-02-20,124.62
TXN_33879,CUST_4602,2023-07-10,97.53
TXN_33880,CUST_4602,2023-03-19,108.15
TXN_33881,CUST_4602,2023-12-31,114.44
TXN_33882,CUST_4603,2023-10-05,205.52
TXN_33883,CUST_4604,2023-11-28,211.53
TXN_33884,CUST_4605,2023-12-23,150.76
TXN_33885,CUST_4606,2023-11-04,166.71
TXN_33886,CUST_4606,2023-11-20,214.02
TXN_33887,CUST_4606,2023-11-23,172.52
TXN_33888,CUST_4606,2023-11-10,87.41
TXN_33889,CUST_4606,2023-10-29,213.16
TXN_33890,CUST_4606,2023-11-20,171.37
TXN_33891,CUST_4606,2023-10-28,242.9
TXN_33892,CUST_4606,2023-10-23,211.99
TXN_33893,CUST_4607,2023-06-16,115.55
TXN_33894,CUST_4608,2023-12-12,134.62
TXN_33895,CUST_4608,2023-12-17,240.71
TXN_33896,CUST_4608,2023-12-15,37.55
TXN_33897,CUST_4608,2023-12-13,72.38
TXN_33898,CUST_4608,2023-12-12,133.77
TXN_33899,CUST_4608,2023-12-12,82.99
TXN_33900,CUST_4608,2023-12-31,152.23
TXN_33901,CUST_4608,2023-12-12,79.83
TXN_33902,CUST_4608,2023-12-21,223.32
TXN_33903,CUST_4609,2023-11-18,235.28
TXN_33904,CUST_4609,2023-10-14,217.5
TXN_33905,CUST_4609,2023-11-30,101.13
TXN_33906,CUST_4609,2023-10-18,147.85
TXN_33907,CUST_4609,2023-10-17,49.16
TXN_33908,CUST_4609,2023-12-31,130.47
TXN_33909,CUST_4609,2023-10-26,44.63
TXN_33910,CUST_4609,2023-10-28,189.57
TXN_33911,CUST_4609,2023-10-16,101.69
TXN_33912,CUST_4609,2023-10-14,98.44
TXN_33913,CUST_4609,2023-12-02,70.71
TXN_33914,CUST_4609,2023-10-09,141.01
TXN_33915,CUST_4609,2023-11-01,92.29
TXN_33916,CUST_4609,2023-11-06,23.91
TXN_33917,CUST_4610,2023-02-04,69.0
TXN_33918,CUST_4611,2023-05-17,36.9
TXN_33919,CUST_4612,2023-10-31,109.97
TXN_33920,CUST_4613,2023-11-24,184.21
TXN_33921,CUST_4614,2023-10-28,99.68
TXN_33922,CUST_4615,2023-11-01,55.64
TXN_33923,CUST_4615,2023-11-03,238.11
TXN_33924,CUST_4615,2023-11-01,16.89
TXN_33925,CUST_4615,2023-11-06,80.59
TXN_33926,CUST_4615,2023-11-17,240.89
TXN_33927,CUST_4615,2023-11-13,82.86
TXN_33928,CUST_4615,2023-12-04,105.66
TXN_33929,CUST_4615,2023-11-04,201.73
TXN_33930,CUST_4615,2023-11-01,63.2
TXN_33931,CUST_4615,2023-11-21,39.08
TXN_33932,CUST_4615,2023-11-06,107.43
TXN_33933,CUST_4615,2023-11-11,243.61
TXN_33934,CUST_4615,2023-11-23,23.7
TXN_33935,CUST_4615,2023-11-06,159.86
TXN_33936,CUST_4616,2023-01-07,36.86
TXN_33937,CUST_4616,2023-03-05,92.3
TXN_33938,CUST_4616,2023-09-11,34.63
TXN_33939,CUST_4616,2023-03-17,240.09
TXN_33940,CUST_4616,2023-03-31,46.11
TXN_33941,CUST_4616,2023-02-17,162.3
TXN_33942,CUST_4616,2023-01-08,242.5
TXN_33943,CUST_4616,2023-04-16,180.47
TXN_33944,CUST_4616,2023-03-30,240.11
TXN_33945,CUST_4617,2023-12-13,217.47
TXN_33946,CUST_4617,2023-11-10,81.58
TXN_33947,CUST_4617,2023-11-14,16.56
TXN_33948,CUST_4617,2023-12-15,89.53
TXN_33949,CUST_4617,2023-11-17,38.41
TXN_33950,CUST_4617,2023-12-31,209.17
TXN_33951,CUST_4617,2023-11-24,196.4
TXN_33952,CUST_4618,2023-12-31,187.69
TXN_33953,CUST_4618,2023-11-16,92.73
TXN_33954,CUST_4618,2023-11-21,173.17
TXN_33955,CUST_4618,2023-11-23,152.76
TXN_33956,CUST_4618,2023-11-11,206.91
TXN_33957,CUST_4618,2023-11-06,161.97
TXN_33958,CUST_4619,2023-06-29,216.08
TXN_33959,CUST_4619,2023-12-31,44.85
TXN_33960,CUST_4619,2023-06-22,222.73
TXN_33961,CUST_4619,2023-10-09,61.04
TXN_33962,CUST_4619,2023-06-09,67.43
TXN_33963,CUST_4619,2023-10-28,15.76
TXN_33964,CUST_4619,2023-05-04,111.12
TXN_33965,CUST_4620,2023-12-31,72.35
TXN_33966,CUST_4621,2023-07-22,232.77
TXN_33967,CUST_4622,2023-09-06,137.92
TXN_33968,CUST_4622,2023-10-30,112.18
TXN_33969,CUST_4622,2023-09-16,48.48
TXN_33970,CUST_4622,2023-10-05,209.58
TXN_33971,CUST_4622,2023-10-02,53.8
TXN_33972,CUST_4622,2023-10-12,22.08
TXN_33973,CUST_4622,2023-11-12,231.55
TXN_33974,CUST_4623,2023-04-08,210.01
TXN_33975,CUST_4623,2023-03-26,221.99
TXN_33976,CUST_4623,2023-08-25,204.77
TXN_33977,CUST_4623,2023-10-13,223.43
TXN_33978,CUST_4624,2023-03-05,72.05
TXN_33979,CUST_4624,2023-02-02,55.43
TXN_33980,CUST_4624,2023-04-05,115.12
TXN_33981,CUST_4624,2023-04-11,185.99
TXN_33982,CUST_4625,2023-06-30,83.15
TXN_33983,CUST_4625,2023-12-29,64.89
TXN_33984,CUST_4625,2023-07-06,60.34
TXN_33985,CUST_4625,2023-08-01,202.15
TXN_33986,CUST_4625,2023-07-21,38.53
TXN_33987,CUST_4626,2023-03-20,18.17
TXN_33988,CUST_4626,2023-04-26,215.09
TXN_33989,CUST_4626,2023-01-28,159.24
TXN_33990,CUST_4626,2023-08-24,131.07
TXN_33991,CUST_4626,2023-03-08,249.2
TXN_33992,CUST_4626,2023-02-01,64.45
TXN_33993,CUST_4626,2023-09-27,84.87
TXN_33994,CUST_4626,2023-08-07,93.3
TXN_33995,CUST_4626,2023-08-02,176.15
TXN_33996,CUST_4626,2023-04-06,137.89
TXN_33997,CUST_4627,2023-09-12,183.48
TXN_33998,CUST_4628,2023-09-14,202.16
TXN_33999,CUST_4628,2023-10-05,130.25
TXN_34000,CUST_4628,2023-10-21,55.18
TXN_34001,CUST_4628,2023-11-11,100.98
TXN_34002,CUST_4628,2023-09-13,59.73
TXN_34003,CUST_4629,2023-08-05,71.92
TXN_34004,CUST_4630,2023-05-18,195.11
TXN_34005,CUST_4630,2023-07-11,184.72
TXN_34006,CUST_4630,2023-02-10,113.1
TXN_34007,CUST_4630,2023-08-06,168.76
TXN_34008,CUST_4630,2023-06-05,68.33
TXN_34009,CUST_4630,2023-03-14,239.62
TXN_34010,CUST_4630,2023-08-27,53.76
TXN_34011,CUST_4631,2023-12-31,87.37
TXN_34012,CUST_4631,2023-05-28,50.81
TXN_34013,CUST_4631,2023-06-04,84.66
TXN_34014,CUST_4631,2023-07-12,24.57
TXN_34015,CUST_4631,2023-05-27,16.11
TXN_34016,CUST_4631,2023-04-27,207.77
TXN_34017,CUST_4631,2023-08-19,189.87
TXN_34018,CUST_4631,2023-06-02,179.32
TXN_34019,CUST_4631,2023-05-21,87.71
TXN_34020,CUST_4631,2023-07-04,179.41
TXN_34021,CUST_4631,2023-05-22,174.63
TXN_34022,CUST_4632,2023-12-04,98.18
TXN_34023,CUST_4632,2023-11-28,114.98
TXN_34024,CUST_4632,2023-12-01,80.2
TXN_34025,CUST_4632,2023-10-26,80.5
TXN_34026,CUST_4633,2023-07-03,93.66
TXN_34027,CUST_4634,2023-04-10,47.92
TXN_34028,CUST_4634,2023-05-15,239.13
TXN_34029,CUST_4634,2023-01-31,79.41
TXN_34030,CUST_4634,2023-12-31,16.29
TXN_34031,CUST_4634,2023-02-11,33.98
TXN_34032,CUST_4634,2023-07-07,191.47
TXN_34033,CUST_4634,2023-07-14,197.09
TXN_34034,CUST_4634,2023-08-17,196.63
TXN_34035,CUST_4634,2023-04-09,190.19
TXN_34036,CUST_4634,2023-05-08,101.13
TXN_34037,CUST_4634,2023-08-18,200.19
TXN_34038,CUST_4634,2023-02-15,20.74
TXN_34039,CUST_4635,2023-11-15,55.97
TXN_34040,CUST_4636,2023-06-06,129.71
TXN_34041,CUST_4636,2023-06-11,224.73
TXN_34042,CUST_4636,2023-08-17,28.26
TXN_34043,CUST_4636,2023-10-05,99.98
TXN_34044,CUST_4636,2023-06-22,74.67
TXN_34045,CUST_4636,2023-08-07,34.16
TXN_34046,CUST_4636,2023-06-09,162.47
TXN_34047,CUST_4636,2023-12-31,128.61
TXN_34048,CUST_4636,2023-07-12,237.59
TXN_34049,CUST_4636,2023-06-24,71.53
TXN_34050,CUST_4637,2023-03-24,221.95
TXN_34051,CUST_4637,2023-05-05,98.61
TXN_34052,CUST_4637,2023-10-10,168.56
TXN_34053,CUST_4637,2023-05-26,91.88
TXN_34054,CUST_4637,2023-04-16,151.19
TXN_34055,CUST_4637,2023-05-20,79.86
TXN_34056,CUST_4637,2023-04-02,207.23
TXN_34057,CUST_4637,2023-07-05,248.42
TXN_34058,CUST_4637,2023-05-23,248.68
TXN_34059,CUST_4637,2023-05-13,140.71
TXN_34060,CUST_4637,2023-04-05,50.13
TXN_34061,CUST_4637,2023-12-13,245.59
TXN_34062,CUST_4638,2023-06-12,196.45
TXN_34063,CUST_4638,2023-05-13,111.3
TXN_34064,CUST_4638,2023-05-13,238.17
TXN_34065,CUST_4638,2023-05-15,113.48
TXN_34066,CUST_4638,2023-05-07,231.53
TXN_34067,CUST_4638,2023-07-18,241.18
TXN_34068,CUST_4638,2023-05-03,56.12
TXN_34069,CUST_4638,2023-06-08,161.02
TXN_34070,CUST_4638,2023-06-01,182.29
TXN_34071,CUST_4638,2023-05-14,156.15
TXN_34072,CUST_4639,2023-11-20,148.86
TXN_34073,CUST_4640,2023-12-24,199.73
TXN_34074,CUST_4641,2023-04-26,183.6
TXN_34075,CUST_4641,2023-08-13,26.32
TXN_34076,CUST_4641,2023-07-19,225.75
TXN_34077,CUST_4641,2023-04-25,42.16
TXN_34078,CUST_4641,2023-06-17,136.6
TXN_34079,CUST_4641,2023-10-16,121.01
TXN_34080,CUST_4641,2023-05-21,182.78
TXN_34081,CUST_4641,2023-04-10,28.41
TXN_34082,CUST_4641,2023-06-05,35.92
TXN_34083,CUST_4641,2023-12-12,168.75
TXN_34084,CUST_4641,2023-08-08,68.79
TXN_34085,CUST_4642,2023-05-07,36.01
TXN_34086,CUST_4642,2023-09-25,108.34
TXN_34087,CUST_4642,2023-04-09,166.92
TXN_34088,CUST_4642,2023-10-18,217.33
TXN_34089,CUST_4642,2023-06-10,35.7
TXN_34090,CUST_4642,2023-07-15,158.07
TXN_34091,CUST_4642,2023-04-17,226.63
TXN_34092,CUST_4642,2023-04-04,102.66
TXN_34093,CUST_4642,2023-04-05,229.31
TXN_34094,CUST_4642,2023-03-30,115.05
TXN_34095,CUST_4642,2023-09-27,74.07
TXN_34096,CUST_4642,2023-04-06,44.85
TXN_34097,CUST_4642,2023-05-14,115.72
TXN_34098,CUST_4642,2023-07-22,70.91
TXN_34099,CUST_4643,2023-12-04,152.91
TXN_34100,CUST_4643,2023-12-31,111.38
TXN_34101,CUST_4643,2023-12-05,23.51
TXN_34102,CUST_4643,2023-12-16,76.4
TXN_34103,CUST_4643,2023-12-16,81.33
TXN_34104,CUST_4643,2023-12-02,132.08
TXN_34105,CUST_4643,2023-12-24,64.49
TXN_34106,CUST_4643,2023-12-03,58.42
TXN_34107,CUST_4643,2023-12-13,101.34
TXN_34108,CUST_4643,2023-12-04,94.36
TXN_34109,CUST_4643,2023-12-05,142.79
TXN_34110,CUST_4644,2023-12-30,88.26
TXN_34111,CUST_4645,2023-05-04,203.96
TXN_34112,CUST_4645,2023-08-16,78.77
TXN_34113,CUST_4645,2023-07-11,140.03
TXN_34114,CUST_4645,2023-06-28,154.96
TXN_34115,CUST_4645,2023-12-31,247.03
TXN_34116,CUST_4645,2023-12-31,143.94
TXN_34117,CUST_4645,2023-05-29,146.63
TXN_34118,CUST_4645,2023-07-17,88.19
TXN_34119,CUST_4645,2023-07-19,161.17
TXN_34120,CUST_4646,2023-09-15,214.39
TXN_34121,CUST_4646,2023-09-10,176.74
TXN_34122,CUST_4646,2023-08-23,116.06
TXN_34123,CUST_4646,2023-08-29,235.53
TXN_34124,CUST_4647,2023-10-20,227.94
TXN_34125,CUST_4647,2023-08-21,27.67
TXN_34126,CUST_4648,2023-07-29,149.65
TXN_34127,CUST_4648,2023-09-12,93.57
TXN_34128,CUST_4648,2023-08-03,91.1
TXN_34129,CUST_4648,2023-08-30,242.74
TXN_34130,CUST_4648,2023-08-25,59.5
TXN_34131,CUST_4648,2023-07-26,16.93
TXN_34132,CUST_4648,2023-08-22,84.63
TXN_34133,CUST_4648,2023-07-31,55.46
TXN_34134,CUST_4648,2023-08-16,176.36
TXN_34135,CUST_4648,2023-09-12,33.79
TXN_34136,CUST_4648,2023-08-02,228.47
TXN_34137,CUST_4648,2023-07-28,61.74
TXN_34138,CUST_4649,2023-12-07,83.35
TXN_34139,CUST_4650,2023-10-24,210.59
TXN_34140,CUST_4650,2023-07-19,180.69
TXN_34141,CUST_4650,2023-12-31,121.23
TXN_34142,CUST_4650,2023-07-15,184.86
TXN_34143,CUST_4650,2023-07-01,240.89
TXN_34144,CUST_4650,2023-05-29,109.79
TXN_34145,CUST_4650,2023-08-25,115.9
TXN_34146,CUST_4650,2023-06-17,112.16
TXN_34147,CUST_4650,2023-10-28,143.55
TXN_34148,CUST_4650,2023-06-25,172.81
TXN_34149,CUST_4651,2023-10-06,54.97
TXN_34150,CUST_4651,2023-10-07,243.43
TXN_34151,CUST_4651,2023-09-30,196.76
TXN_34152,CUST_4651,2023-10-01,196.72
TXN_34153,CUST_4651,2023-10-08,185.76
TXN_34154,CUST_4651,2023-09-29,93.63
TXN_34155,CUST_4651,2023-10-17,19.86
TXN_34156,CUST_4651,2023-10-04,54.67
TXN_34157,CUST_4651,2023-10-18,46.3
TXN_34158,CUST_4651,2023-12-31,223.43
TXN_34159,CUST_4651,2023-10-05,70.04
TXN_34160,CUST_4651,2023-12-29,85.39
TXN_34161,CUST_4651,2023-10-15,179.85
TXN_34162,CUST_4651,2023-10-11,227.08
TXN_34163,CUST_4652,2023-09-26,134.72
TXN_34164,CUST_4652,2023-06-04,112.15
TXN_34165,CUST_4652,2023-09-01,46.72
TXN_34166,CUST_4652,2023-07-23,241.85
TXN_34167,CUST_4652,2023-06-24,25.26
TXN_34168,CUST_4652,2023-08-02,26.07
TXN_34169,CUST_4652,2023-06-04,26.37
TXN_34170,CUST_4652,2023-06-02,215.91
TXN_34171,CUST_4652,2023-08-27,95.34
TXN_34172,CUST_4652,2023-11-06,171.32
TXN_34173,CUST_4652,2023-07-02,31.06
TXN_34174,CUST_4652,2023-08-25,103.25
TXN_34175,CUST_4653,2023-07-20,16.81
TXN_34176,CUST_4654,2023-03-09,101.31
TXN_34177,CUST_4654,2023-03-01,98.31
TXN_34178,CUST_4654,2023-05-02,218.05
TXN_34179,CUST_4654,2023-04-28,178.72
TXN_34180,CUST_4654,2023-02-15,235.8
TXN_34181,CUST_4654,2023-05-07,197.32
TXN_34182,CUST_4654,2023-12-31,217.04
TXN_34183,CUST_4654,2023-04-18,218.99
TXN_34184,CUST_4654,2023-05-30,186.55
TXN_34185,CUST_4654,2023-05-23,82.59
TXN_34186,CUST_4655,2023-05-20,220.41
TXN_34187,CUST_4656,2023-08-23,202.13
TXN_34188,CUST_4656,2023-08-23,88.98
TXN_34189,CUST_4656,2023-10-05,120.11
TXN_34190,CUST_4656,2023-09-25,242.06
TXN_34191,CUST_4656,2023-11-03,100.46
TXN_34192,CUST_4656,2023-09-29,26.39
TXN_34193,CUST_4656,2023-09-15,157.97
TXN_34194,CUST_4656,2023-10-14,226.86
TXN_34195,CUST_4656,2023-09-03,227.01
TXN_34196,CUST_4656,2023-10-07,33.25
TXN_34197,CUST_4656,2023-09-10,127.0
TXN_34198,CUST_4656,2023-09-08,42.25
TXN_34199,CUST_4656,2023-09-24,45.96
TXN_34200,CUST_4656,2023-12-07,218.33
TXN_34201,CUST_4657,2023-06-26,126.97
TXN_34202,CUST_4657,2023-09-14,168.81
TXN_34203,CUST_4657,2023-08-31,49.0
TXN_34204,CUST_4657,2023-10-08,208.22
TXN_34205,CUST_4657,2023-09-09,207.22
TXN_34206,CUST_4657,2023-06-12,47.96
TXN_34207,CUST_4657,2023-11-06,239.9
TXN_34208,CUST_4657,2023-07-05,120.04
TXN_34209,CUST_4657,2023-09-01,131.32
TXN_34210,CUST_4657,2023-06-22,59.67
TXN_34211,CUST_4657,2023-05-27,153.11
TXN_34212,CUST_4658,2023-09-11,245.97
TXN_34213,CUST_4659,2023-08-04,222.32
TXN_34214,CUST_4659,2023-08-02,136.37
TXN_34215,CUST_4659,2023-07-24,17.62
TXN_34216,CUST_4659,2023-08-13,138.83
TXN_34217,CUST_4659,2023-10-03,120.46
TXN_34218,CUST_4659,2023-07-31,157.0
TXN_34219,CUST_4659,2023-08-09,69.85
TXN_34220,CUST_4659,2023-11-27,141.12
TXN_34221,CUST_4660,2023-10-03,203.72
TXN_34222,CUST_4661,2023-07-10,197.67
TXN_34223,CUST_4661,2023-08-17,149.3
TXN_34224,CUST_4661,2023-08-05,54.63
TXN_34225,CUST_4661,2023-05-17,233.82
TXN_34226,CUST_4661,2023-12-10,200.17
TXN_34227,CUST_4661,2023-06-20,50.43
TXN_34228,CUST_4662,2023-06-19,93.77
TXN_34229,CUST_4663,2023-05-09,51.9
TXN_34230,CUST_4663,2023-01-13,162.37
TXN_34231,CUST_4663,2023-01-13,70.46
TXN_34232,CUST_4663,2023-02-02,115.37
TXN_34233,CUST_4663,2023-04-24,229.12
TXN_34234,CUST_4664,2023-08-24,161.65
TXN_34235,CUST_4664,2023-12-31,204.97
TXN_34236,CUST_4664,2023-08-10,28.46
TXN_34237,CUST_4664,2023-12-31,152.52
TXN_34238,CUST_4664,2023-08-02,162.37
TXN_34239,CUST_4665,2023-09-04,163.67
TXN_34240,CUST_4666,2023-07-04,162.43
TXN_34241,CUST_4666,2023-08-21,152.67
TXN_34242,CUST_4666,2023-07-04,125.16
TXN_34243,CUST_4666,2023-11-05,93.15
TXN_34244,CUST_4666,2023-08-08,43.77
TXN_34245,CUST_4666,2023-08-08,108.01
TXN_34246,CUST_4666,2023-11-09,23.33
TXN_34247,CUST_4666,2023-12-31,150.45
TXN_34248,CUST_4666,2023-08-18,223.26
TXN_34249,CUST_4667,2023-12-26,220.49
TXN_34250,CUST_4668,2023-10-24,101.32
TXN_34251,CUST_4668,2023-11-27,169.77
TXN_34252,CUST_4668,2023-11-03,68.21
TXN_34253,CUST_4668,2023-10-27,244.89
TXN_34254,CUST_4668,2023-10-29,159.79
TXN_34255,CUST_4668,2023-11-04,20.43
TXN_34256,CUST_4668,2023-12-28,35.66
TXN_34257,CUST_4668,2023-11-14,205.59
TXN_34258,CUST_4669,2023-12-01,134.31
TXN_34259,CUST_4669,2023-12-24,110.85
TXN_34260,CUST_4669,2023-12-21,237.68
TXN_34261,CUST_4669,2023-12-03,17.39
TXN_34262,CUST_4669,2023-12-14,151.07
TXN_34263,CUST_4669,2023-12-05,101.39
TXN_34264,CUST_4669,2023-12-01,219.7
TXN_34265,CUST_4669,2023-12-03,37.82
TXN_34266,CUST_4669,2023-12-16,128.99
TXN_34267,CUST_4669,2023-12-15,226.94
TXN_34268,CUST_4670,2023-08-10,74.51
TXN_34269,CUST_4671,2023-05-09,214.5
TXN_34270,CUST_4672,2023-12-01,186.9
TXN_34271,CUST_4672,2023-11-11,26.07
TXN_34272,CUST_4672,2023-11-29,23.79
TXN_34273,CUST_4672,2023-12-07,153.92
TXN_34274,CUST_4672,2023-11-11,169.93
TXN_34275,CUST_4672,2023-11-25,103.43
TXN_34276,CUST_4672,2023-12-08,86.58
TXN_34277,CUST_4673,2023-06-23,191.73
TXN_34278,CUST_4674,2023-06-23,56.43
TXN_34279,CUST_4675,2023-10-31,225.0
TXN_34280,CUST_4676,2023-11-18,31.13
TXN_34281,CUST_4676,2023-11-30,56.42
TXN_34282,CUST_4676,2023-12-15,155.17
TXN_34283,CUST_4676,2023-12-16,115.45
TXN_34284,CUST_4677,2023-11-29,158.41
TXN_34285,CUST_4677,2023-12-11,81.56
TXN_34286,CUST_4677,2023-12-03,154.92
TXN_34287,CUST_4677,2023-12-12,219.79
TXN_34288,CUST_4677,2023-12-14,46.48
TXN_34289,CUST_4677,2023-12-03,49.96
TXN_34290,CUST_4677,2023-12-14,77.62
TXN_34291,CUST_4677,2023-11-30,37.61
TXN_34292,CUST_4677,2023-11-30,73.07
TXN_34293,CUST_4677,2023-12-15,70.87
TXN_34294,CUST_4677,2023-12-02,221.96
TXN_34295,CUST_4677,2023-12-05,134.57
TXN_34296,CUST_4677,2023-11-29,34.3
TXN_34297,CUST_4678,2023-07-13,71.68
TXN_34298,CUST_4678,2023-04-09,221.97
TXN_34299,CUST_4678,2023-02-17,87.2
TXN_34300,CUST_4678,2023-04-26,161.99
TXN_34301,CUST_4678,2023-02-17,111.51
TXN_34302,CUST_4678,2023-03-31,21.31
TXN_34303,CUST_4678,2023-04-01,233.95
TXN_34304,CUST_4678,2023-03-20,152.61
TXN_34305,CUST_4678,2023-03-23,40.07
TXN_34306,CUST_4678,2023-03-22,125.63
TXN_34307,CUST_4678,2023-03-23,161.68
TXN_34308,CUST_4678,2023-12-28,31.28
TXN_34309,CUST_4678,2023-06-28,15.3
TXN_34310,CUST_4678,2023-02-14,46.24
TXN_34311,CUST_4679,2023-12-07,141.93
TXN_34312,CUST_4679,2023-12-07,57.96
TXN_34313,CUST_4679,2023-12-01,161.03
TXN_34314,CUST_4679,2023-12-17,191.1
TXN_34315,CUST_4679,2023-12-24,206.21
TXN_34316,CUST_4679,2023-12-04,42.45
TXN_34317,CUST_4679,2023-12-06,96.85
TXN_34318,CUST_4679,2023-12-14,30.97
TXN_34319,CUST_4679,2023-12-29,239.93
TXN_34320,CUST_4679,2023-12-01,116.98
TXN_34321,CUST_4679,2023-12-23,59.01
TXN_34322,CUST_4680,2023-02-19,16.45
TXN_34323,CUST_4680,2023-05-25,160.06
TXN_34324,CUST_4680,2023-05-20,51.76
TXN_34325,CUST_4680,2023-05-06,142.29
TXN_34326,CUST_4680,2023-03-30,197.58
TXN_34327,CUST_4680,2023-03-17,98.02
TXN_34328,CUST_4680,2023-04-19,236.89
TXN_34329,CUST_4680,2023-03-09,119.65
TXN_34330,CUST_4680,2023-02-24,174.71
TXN_34331,CUST_4680,2023-03-13,177.78
TXN_34332,CUST_4680,2023-02-07,76.98
TXN_34333,CUST_4680,2023-02-15,197.69
TXN_34334,CUST_4680,2023-01-30,74.21
TXN_34335,CUST_4680,2023-04-11,35.64
TXN_34336,CUST_4681,2023-10-04,159.19
TXN_34337,CUST_4682,2023-05-07,66.55
TXN_34338,CUST_4683,2023-11-01,193.48
TXN_34339,CUST_4683,2023-12-31,238.29
TXN_34340,CUST_4684,2023-08-10,131.81
TXN_34341,CUST_4685,2023-11-28,36.31
TXN_34342,CUST_4686,2023-12-11,124.29
TXN_34343,CUST_4686,2023-12-10,159.87
TXN_34344,CUST_4686,2023-12-11,128.33
TXN_34345,CUST_4686,2023-12-14,194.77
TXN_34346,CUST_4686,2023-12-13,106.98
TXN_34347,CUST_4686,2023-12-09,38.15
TXN_34348,CUST_4686,2023-12-09,199.66
TXN_34349,CUST_4686,2023-12-05,56.25
TXN_34350,CUST_4686,2023-12-21,148.47
TXN_34351,CUST_4686,2023-12-14,90.57
TXN_34352,CUST_4687,2023-03-02,156.15
TXN_34353,CUST_4687,2023-03-04,173.4
TXN_34354,CUST_4688,2023-09-23,113.22
TXN_34355,CUST_4688,2023-08-04,201.66
TXN_34356,CUST_4688,2023-10-18,200.98
TXN_34357,CUST_4688,2023-07-27,68.58
TXN_34358,CUST_4688,2023-07-28,179.83
TXN_34359,CUST_4688,2023-07-28,28.01
TXN_34360,CUST_4688,2023-10-07,29.91
TXN_34361,CUST_4688,2023-12-31,217.47
TXN_34362,CUST_4688,2023-12-31,210.82
TXN_34363,CUST_4689,2023-08-22,228.36
TXN_34364,CUST_4690,2023-11-21,124.77
TXN_34365,CUST_4691,2023-02-16,62.16
TXN_34366,CUST_4691,2023-05-31,228.34
TXN_34367,CUST_4691,2023-07-19,93.13
TXN_34368,CUST_4691,2023-08-16,242.15
TXN_34369,CUST_4691,2023-03-24,58.9
TXN_34370,CUST_4692,2023-04-21,27.3
TXN_34371,CUST_4693,2023-03-20,69.17
TXN_34372,CUST_4693,2023-03-15,240.78
TXN_34373,CUST_4693,2023-03-10,194.64
TXN_34374,CUST_4693,2023-04-13,34.06
TXN_34375,CUST_4693,2023-04-29,15.06
TXN_34376,CUST_4693,2023-08-21,142.35
TXN_34377,CUST_4693,2023-05-02,209.87
TXN_34378,CUST_4693,2023-05-15,154.9
TXN_34379,CUST_4694,2023-09-18,161.85
TXN_34380,CUST_4694,2023-09-05,102.46
TXN_34381,CUST_4694,2023-08-11,30.33
TXN_34382,CUST_4694,2023-05-14,82.55
TXN_34383,CUST_4694,2023-09-04,140.51
TXN_34384,CUST_4694,2023-06-21,225.71
TXN_34385,CUST_4694,2023-07-04,159.15
TXN_34386,CUST_4694,2023-12-31,137.76
TXN_34387,CUST_4695,2023-09-10,97.62
TXN_34388,CUST_4695,2023-04-12,229.7
TXN_34389,CUST_4695,2023-04-21,181.1
TXN_34390,CUST_4695,2023-04-18,186.85
TXN_34391,CUST_4695,2023-03-20,211.43
TXN_34392,CUST_4695,2023-12-31,194.96
TXN_34393,CUST_4695,2023-04-15,145.47
TXN_34394,CUST_4695,2023-06-21,60.33
TXN_34395,CUST_4695,2023-04-03,203.42
TXN_34396,CUST_4696,2023-12-06,239.26
TXN_34397,CUST_4696,2023-12-15,178.19
TXN_34398,CUST_4696,2023-12-26,52.68
TXN_34399,CUST_4696,2023-12-02,213.09
TXN_34400,CUST_4697,2023-12-09,190.11
TXN_34401,CUST_4698,2023-05-05,31.61
TXN_34402,CUST_4698,2023-07-25,245.6
TXN_34403,CUST_4698,2023-04-29,202.75
TXN_34404,CUST_4698,2023-05-03,243.84
TXN_34405,CUST_4699,2023-04-08,88.28
TXN_34406,CUST_4699,2023-08-15,137.33
TXN_34407,CUST_4699,2023-05-09,248.29
TXN_34408,CUST_4700,2023-12-18,92.78
TXN_34409,CUST_4700,2023-12-14,34.25
TXN_34410,CUST_4700,2023-12-19,230.5
TXN_34411,CUST_4700,2023-12-21,160.56
TXN_34412,CUST_4700,2023-12-13,209.49
TXN_34413,CUST_4701,2023-09-08,157.49
TXN_34414,CUST_4701,2023-11-24,103.25
TXN_34415,CUST_4702,2023-05-08,103.4
TXN_34416,CUST_4703,2023-11-08,74.35
TXN_34417,CUST_4703,2023-10-29,191.06
TXN_34418,CUST_4703,2023-10-02,29.98
TXN_34419,CUST_4703,2023-09-13,130.74
TXN_34420,CUST_4703,2023-09-15,185.72
TXN_34421,CUST_4703,2023-09-30,175.57
TXN_34422,CUST_4703,2023-10-02,162.66
TXN_34423,CUST_4703,2023-11-17,222.85
TXN_34424,CUST_4703,2023-09-13,166.69
TXN_34425,CUST_4703,2023-10-13,164.7
TXN_34426,CUST_4703,2023-09-15,31.43
TXN_34427,CUST_4703,2023-10-07,28.42
TXN_34428,CUST_4704,2023-05-31,139.5
TXN_34429,CUST_4704,2023-07-02,138.38
TXN_34430,CUST_4704,2023-11-14,236.72
TXN_34431,CUST_4704,2023-07-04,229.26
TXN_34432,CUST_4705,2023-12-18,57.83
TXN_34433,CUST_4705,2023-12-18,107.02
TXN_34434,CUST_4705,2023-12-16,92.24
TXN_34435,CUST_4705,2023-12-14,188.49
TXN_34436,CUST_4705,2023-12-20,142.57
TXN_34437,CUST_4705,2023-12-16,208.33
TXN_34438,CUST_4705,2023-12-14,117.12
TXN_34439,CUST_4705,2023-12-20,208.05
TXN_34440,CUST_4706,2023-07-03,86.49
TXN_34441,CUST_4706,2023-07-04,224.64
TXN_34442,CUST_4706,2023-11-19,18.48
TXN_34443,CUST_4706,2023-07-04,107.13
TXN_34444,CUST_4706,2023-12-31,236.88
TXN_34445,CUST_4706,2023-08-14,25.76
TXN_34446,CUST_4706,2023-06-22,117.04
TXN_34447,CUST_4707,2023-12-31,191.3
TXN_34448,CUST_4707,2023-08-23,207.65
TXN_34449,CUST_4707,2023-06-22,77.03
TXN_34450,CUST_4707,2023-09-17,124.08
TXN_34451,CUST_4707,2023-07-18,115.95
TXN_34452,CUST_4707,2023-06-13,172.75
TXN_34453,CUST_4707,2023-07-30,87.62
TXN_34454,CUST_4708,2023-11-15,41.74
TXN_34455,CUST_4709,2023-09-21,85.24
TXN_34456,CUST_4709,2023-08-30,194.22
TXN_34457,CUST_4709,2023-10-22,95.69
TXN_34458,CUST_4709,2023-08-15,188.0
TXN_34459,CUST_4709,2023-09-25,135.6
TXN_34460,CUST_4709,2023-08-23,169.43
TXN_34461,CUST_4709,2023-07-27,32.79
TXN_34462,CUST_4709,2023-09-08,64.42
TXN_34463,CUST_4709,2023-10-12,196.51
TXN_34464,CUST_4709,2023-09-29,227.35
TXN_34465,CUST_4710,2023-03-20,74.29
TXN_34466,CUST_4711,2023-07-13,124.93
TXN_34467,CUST_4711,2023-05-16,133.81
TXN_34468,CUST_4711,2023-05-26,148.1
TXN_34469,CUST_4711,2023-06-10,248.0
TXN_34470,CUST_4711,2023-06-18,207.89
TXN_34471,CUST_4711,2023-06-06,59.53
TXN_34472,CUST_4711,2023-06-04,93.28
TXN_34473,CUST_4712,2023-11-22,140.45
TXN_34474,CUST_4712,2023-09-09,215.31
TXN_34475,CUST_4712,2023-10-02,221.64
TXN_34476,CUST_4712,2023-11-20,210.66
TXN_34477,CUST_4712,2023-07-20,88.07
TXN_34478,CUST_4713,2023-09-25,191.85
TXN_34479,CUST_4713,2023-09-16,181.81
TXN_34480,CUST_4714,2023-12-27,55.35
TXN_34481,CUST_4715,2023-12-30,239.42
TXN_34482,CUST_4715,2023-12-25,166.9
TXN_34483,CUST_4715,2023-12-27,28.13
TXN_34484,CUST_4715,2023-12-24,165.93
TXN_34485,CUST_4715,2023-12-29,185.8
TXN_34486,CUST_4715,2023-12-24,228.85
TXN_34487,CUST_4715,2023-12-25,210.11
TXN_34488,CUST_4715,2023-12-24,15.51
TXN_34489,CUST_4716,2023-12-25,22.78
TXN_34490,CUST_4717,2023-11-03,193.56
TXN_34491,CUST_4717,2023-10-26,132.68
TXN_34492,CUST_4717,2023-10-29,111.41
TXN_34493,CUST_4717,2023-11-01,169.0
TXN_34494,CUST_4718,2023-11-15,169.38
TXN_34495,CUST_4718,2023-11-12,228.91
TXN_34496,CUST_4718,2023-11-21,241.32
TXN_34497,CUST_4718,2023-11-13,22.2
TXN_34498,CUST_4718,2023-11-25,92.25
TXN_34499,CUST_4718,2023-11-24,126.31
TXN_34500,CUST_4718,2023-11-20,215.03
TXN_34501,CUST_4719,2023-09-02,112.76
TXN_34502,CUST_4720,2023-12-23,127.46
TXN_34503,CUST_4720,2023-12-31,192.62
TXN_34504,CUST_4720,2023-12-21,134.67
TXN_34505,CUST_4721,2023-08-21,103.51
TXN_34506,CUST_4721,2023-08-22,19.69
TXN_34507,CUST_4721,2023-10-05,158.56
TXN_34508,CUST_4721,2023-08-15,163.06
TXN_34509,CUST_4721,2023-08-17,72.19
TXN_34510,CUST_4721,2023-10-07,205.14
TXN_34511,CUST_4721,2023-09-18,199.27
TXN_34512,CUST_4721,2023-08-22,31.87
TXN_34513,CUST_4721,2023-09-15,75.15
TXN_34514,CUST_4721,2023-10-15,99.16
TXN_34515,CUST_4721,2023-09-25,144.92
TXN_34516,CUST_4721,2023-10-25,210.59
TXN_34517,CUST_4721,2023-08-02,84.35
TXN_34518,CUST_4722,2023-07-26,130.66
TXN_34519,CUST_4722,2023-08-24,49.26
TXN_34520,CUST_4722,2023-12-31,208.82
TXN_34521,CUST_4722,2023-09-06,80.31
TXN_34522,CUST_4722,2023-11-27,89.08
TXN_34523,CUST_4722,2023-08-02,97.94
TXN_34524,CUST_4722,2023-07-13,29.54
TXN_34525,CUST_4722,2023-08-17,222.21
TXN_34526,CUST_4722,2023-12-22,197.29
TXN_34527,CUST_4722,2023-08-09,87.97
TXN_34528,CUST_4722,2023-07-25,141.54
TXN_34529,CUST_4722,2023-08-17,124.72
TXN_34530,CUST_4722,2023-08-01,151.75
TXN_34531,CUST_4723,2023-12-31,124.43
TXN_34532,CUST_4723,2023-08-10,230.23
TXN_34533,CUST_4723,2023-02-14,82.9
TXN_34534,CUST_4723,2023-02-24,197.37
TXN_34535,CUST_4723,2023-05-13,37.46
TXN_34536,CUST_4723,2023-04-12,135.78
TXN_34537,CUST_4723,2023-06-21,198.18
TXN_34538,CUST_4723,2023-02-22,129.6
TXN_34539,CUST_4723,2023-03-03,192.02
TXN_34540,CUST_4723,2023-06-07,184.91
TXN_34541,CUST_4724,2023-04-18,212.54
TXN_34542,CUST_4725,2023-09-12,108.14
TXN_34543,CUST_4725,2023-07-15,241.94
TXN_34544,CUST_4725,2023-06-07,205.72
TXN_34545,CUST_4725,2023-05-25,200.7
TXN_34546,CUST_4725,2023-12-13,182.19
TXN_34547,CUST_4725,2023-03-17,34.25
TXN_34548,CUST_4725,2023-08-17,75.72
TXN_34549,CUST_4725,2023-09-28,61.1
TXN_34550,CUST_4725,2023-11-01,204.23
TXN_34551,CUST_4725,2023-10-03,69.69
TXN_34552,CUST_4725,2023-10-01,153.08
TXN_34553,CUST_4725,2023-03-08,233.79
TXN_34554,CUST_4725,2023-03-22,65.17
TXN_34555,CUST_4725,2023-07-02,152.02
TXN_34556,CUST_4726,2023-08-04,100.17
TXN_34557,CUST_4726,2023-08-01,155.07
TXN_34558,CUST_4726,2023-07-02,90.54
TXN_34559,CUST_4726,2023-04-04,74.59
TXN_34560,CUST_4726,2023-03-20,125.69
TXN_34561,CUST_4726,2023-05-02,15.6
TXN_34562,CUST_4726,2023-09-18,175.24
TXN_34563,CUST_4726,2023-05-09,242.25
TXN_34564,CUST_4726,2023-12-13,37.35
TXN_34565,CUST_4727,2023-05-18,128.99
TXN_34566,CUST_4727,2023-06-30,82.11
TXN_34567,CUST_4727,2023-07-26,62.7
TXN_34568,CUST_4727,2023-04-08,203.31
TXN_34569,CUST_4727,2023-04-19,186.9
TXN_34570,CUST_4727,2023-10-05,25.76
TXN_34571,CUST_4728,2023-11-07,77.64
TXN_34572,CUST_4728,2023-11-14,36.39
TXN_34573,CUST_4728,2023-10-22,217.81
TXN_34574,CUST_4728,2023-09-24,164.2
TXN_34575,CUST_4729,2023-12-07,184.28
TXN_34576,CUST_4729,2023-09-09,123.81
TXN_34577,CUST_4729,2023-12-16,144.25
TXN_34578,CUST_4729,2023-09-10,197.04
TXN_34579,CUST_4729,2023-09-20,73.48
TXN_34580,CUST_4729,2023-12-31,80.98
TXN_34581,CUST_4729,2023-10-02,130.09
TXN_34582,CUST_4730,2023-12-31,93.9
TXN_34583,CUST_4731,2023-10-18,76.27
TXN_34584,CUST_4731,2023-10-05,238.62
TXN_34585,CUST_4731,2023-10-29,183.36
TXN_34586,CUST_4731,2023-10-22,69.8
TXN_34587,CUST_4731,2023-12-31,242.34
TXN_34588,CUST_4731,2023-11-30,230.29
TXN_34589,CUST_4731,2023-10-29,101.43
TXN_34590,CUST_4731,2023-10-16,234.43
TXN_34591,CUST_4731,2023-12-31,118.51
TXN_34592,CUST_4731,2023-10-31,204.24
TXN_34593,CUST_4731,2023-11-08,219.37
TXN_34594,CUST_4731,2023-10-31,151.88
TXN_34595,CUST_4731,2023-10-17,32.22
TXN_34596,CUST_4731,2023-10-05,50.66
TXN_34597,CUST_4732,2023-05-20,109.84
TXN_34598,CUST_4733,2023-12-12,137.91
TXN_34599,CUST_4734,2023-11-21,116.25
TXN_34600,CUST_4734,2023-11-10,70.83
TXN_34601,CUST_4734,2023-12-04,55.73
TXN_34602,CUST_4734,2023-12-22,29.39
TXN_34603,CUST_4734,2023-10-27,147.29
TXN_34604,CUST_4734,2023-12-05,150.6
TXN_34605,CUST_4734,2023-10-24,216.87
TXN_34606,CUST_4734,2023-11-10,69.6
TXN_34607,CUST_4735,2023-10-10,218.61
TXN_34608,CUST_4735,2023-10-16,98.52
TXN_34609,CUST_4735,2023-09-25,223.48
TXN_34610,CUST_4735,2023-10-12,106.61
TXN_34611,CUST_4735,2023-10-08,166.42
TXN_34612,CUST_4735,2023-09-28,218.36
TXN_34613,CUST_4735,2023-11-08,138.24
TXN_34614,CUST_4735,2023-12-31,239.01
TXN_34615,CUST_4736,2023-04-02,244.93
TXN_34616,CUST_4736,2023-03-25,74.56
TXN_34617,CUST_4736,2023-05-08,170.22
TXN_34618,CUST_4737,2023-12-06,32.67
TXN_34619,CUST_4737,2023-12-31,103.99
TXN_34620,CUST_4737,2023-11-30,127.8
TXN_34621,CUST_4738,2023-07-21,147.27
TXN_34622,CUST_4739,2023-10-31,116.46
TXN_34623,CUST_4740,2023-12-04,127.19
TXN_34624,CUST_4741,2023-07-21,100.53
TXN_34625,CUST_4741,2023-06-23,130.94
TXN_34626,CUST_4741,2023-04-30,222.1
TXN_34627,CUST_4741,2023-06-08,70.41
TXN_34628,CUST_4741,2023-03-07,234.35
TXN_34629,CUST_4741,2023-03-12,187.51
TXN_34630,CUST_4741,2023-05-04,47.92
TXN_34631,CUST_4741,2023-07-28,227.55
TXN_34632,CUST_4741,2023-03-08,30.77
TXN_34633,CUST_4741,2023-09-07,132.72
TXN_34634,CUST_4741,2023-06-19,118.75
TXN_34635,CUST_4741,2023-04-19,85.42
TXN_34636,CUST_4741,2023-05-19,52.55
TXN_34637,CUST_4741,2023-07-03,144.12
TXN_34638,CUST_4742,2023-03-16,83.27
TXN_34639,CUST_4742,2023-03-09,77.52
TXN_34640,CUST_4742,2023-06-19,246.0
TXN_34641,CUST_4742,2023-06-19,32.3
TXN_34642,CUST_4742,2023-05-12,180.18
TXN_34643,CUST_4742,2023-07-10,194.23
TXN_34644,CUST_4742,2023-04-08,76.67
TXN_34645,CUST_4742,2023-01-30,16.97
TXN_34646,CUST_4743,2023-12-01,157.87
TXN_34647,CUST_4744,2023-07-05,127.39
TXN_34648,CUST_4744,2023-05-30,138.43
TXN_34649,CUST_4744,2023-10-10,31.62
TXN_34650,CUST_4744,2023-06-21,179.74
TXN_34651,CUST_4744,2023-12-31,188.83
TXN_34652,CUST_4744,2023-06-22,195.19
TXN_34653,CUST_4744,2023-12-31,223.85
TXN_34654,CUST_4744,2023-04-22,150.08
TXN_34655,CUST_4744,2023-08-26,172.89
TXN_34656,CUST_4744,2023-05-30,90.77
TXN_34657,CUST_4744,2023-07-08,111.91
TXN_34658,CUST_4744,2023-05-27,211.63
TXN_34659,CUST_4744,2023-05-16,166.56
TXN_34660,CUST_4745,2023-06-08,132.33
TXN_34661,CUST_4745,2023-07-17,183.1
TXN_34662,CUST_4745,2023-02-28,40.98
TXN_34663,CUST_4745,2023-03-02,54.69
TXN_34664,CUST_4745,2023-03-07,60.54
TXN_34665,CUST_4745,2023-05-17,172.38
TXN_34666,CUST_4745,2023-11-10,188.73
TXN_34667,CUST_4745,2023-03-03,125.15
TXN_34668,CUST_4746,2023-11-29,160.84
TXN_34669,CUST_4746,2023-11-17,88.51
TXN_34670,CUST_4746,2023-12-13,17.8
TXN_34671,CUST_4746,2023-11-30,113.05
TXN_34672,CUST_4746,2023-11-30,134.27
TXN_34673,CUST_4746,2023-11-10,245.78
TXN_34674,CUST_4746,2023-11-10,52.23
TXN_34675,CUST_4746,2023-11-18,236.99
TXN_34676,CUST_4746,2023-11-15,148.64
TXN_34677,CUST_4746,2023-11-21,92.58
TXN_34678,CUST_4747,2023-06-21,88.83
TXN_34679,CUST_4747,2023-03-01,201.22
TXN_34680,CUST_4747,2023-03-08,191.0
TXN_34681,CUST_4747,2023-03-06,235.76
TXN_34682,CUST_4747,2023-03-18,191.19
TXN_34683,CUST_4747,2023-08-27,43.82
TXN_34684,CUST_4748,2023-10-02,160.72
TXN_34685,CUST_4749,2023-05-13,66.33
TXN_34686,CUST_4749,2023-05-11,60.28
TXN_34687,CUST_4749,2023-04-16,100.53
TXN_34688,CUST_4749,2023-04-18,133.05
TXN_34689,CUST_4749,2023-04-07,116.36
TXN_34690,CUST_4749,2023-12-31,99.33
TXN_34691,CUST_4749,2023-04-17,86.72
TXN_34692,CUST_4749,2023-08-23,88.71
TXN_34693,CUST_4750,2023-10-23,76.23
TXN_34694,CUST_4751,2023-08-10,31.26
TXN_34695,CUST_4751,2023-12-13,157.27
TXN_34696,CUST_4751,2023-08-13,96.71
TXN_34697,CUST_4751,2023-08-19,205.73
TXN_34698,CUST_4751,2023-08-04,216.27
TXN_34699,CUST_4751,2023-08-12,219.7
TXN_34700,CUST_4752,2023-06-27,167.96
TXN_34701,CUST_4752,2023-07-23,94.58
TXN_34702,CUST_4752,2023-05-29,66.61
TXN_34703,CUST_4752,2023-05-22,194.71
TXN_34704,CUST_4752,2023-07-14,199.62
TXN_34705,CUST_4752,2023-06-12,204.1
TXN_34706,CUST_4752,2023-06-14,43.51
TXN_34707,CUST_4752,2023-07-14,237.14
TXN_34708,CUST_4753,2023-10-30,140.28
TXN_34709,CUST_4753,2023-11-27,42.15
TXN_34710,CUST_4754,2023-10-05,47.86
TXN_34711,CUST_4754,2023-09-08,170.62
TXN_34712,CUST_4754,2023-08-20,144.05
TXN_34713,CUST_4755,2023-12-04,201.81
TXN_34714,CUST_4755,2023-12-04,179.53
TXN_34715,CUST_4755,2023-12-05,232.93
TXN_34716,CUST_4755,2023-12-10,140.38
TXN_34717,CUST_4755,2023-12-05,134.54
TXN_34718,CUST_4755,2023-12-02,48.69
TXN_34719,CUST_4755,2023-12-05,238.08
TXN_34720,CUST_4756,2023-08-09,178.02
TXN_34721,CUST_4756,2023-07-03,157.34
TXN_34722,CUST_4756,2023-04-04,106.79
TXN_34723,CUST_4756,2023-10-27,240.52
TXN_34724,CUST_4756,2023-05-14,15.25
TXN_34725,CUST_4756,2023-05-26,68.39
TXN_34726,CUST_4756,2023-04-10,81.69
TXN_34727,CUST_4756,2023-04-03,25.78
TXN_34728,CUST_4756,2023-05-16,76.7
TXN_34729,CUST_4757,2023-08-18,131.71
TXN_34730,CUST_4758,2023-01-17,189.07
TXN_34731,CUST_4758,2023-01-27,151.34
TXN_34732,CUST_4758,2023-04-04,146.58
TXN_34733,CUST_4758,2023-05-08,214.96
TXN_34734,CUST_4758,2023-02-09,145.48
TXN_34735,CUST_4758,2023-02-20,89.9
TXN_34736,CUST_4758,2023-01-04,155.86
TXN_34737,CUST_4758,2023-12-31,193.9
TXN_34738,CUST_4758,2023-02-04,183.29
TXN_34739,CUST_4758,2023-02-13,192.11
TXN_34740,CUST_4758,2023-08-23,93.57
TXN_34741,CUST_4758,2023-01-02,86.68
TXN_34742,CUST_4758,2023-01-29,160.37
TXN_34743,CUST_4759,2023-06-29,139.86
TXN_34744,CUST_4760,2023-12-12,152.02
TXN_34745,CUST_4760,2023-12-19,186.28
TXN_34746,CUST_4760,2023-12-19,200.32
TXN_34747,CUST_4760,2023-12-20,143.3
TXN_34748,CUST_4760,2023-12-16,184.26
TXN_34749,CUST_4760,2023-12-20,93.15
TXN_34750,CUST_4760,2023-12-12,88.86
TXN_34751,CUST_4760,2023-12-16,138.64
TXN_34752,CUST_4760,2023-12-15,234.1
TXN_34753,CUST_4760,2023-12-16,47.68
TXN_34754,CUST_4760,2023-12-13,37.23
TXN_34755,CUST_4760,2023-12-13,86.61
TXN_34756,CUST_4760,2023-12-14,211.5
TXN_34757,CUST_4760,2023-12-21,131.59
TXN_34758,CUST_4761,2023-10-08,206.92
TXN_34759,CUST_4761,2023-10-12,150.55
TXN_34760,CUST_4762,2023-06-26,219.55
TXN_34761,CUST_4763,2023-11-18,109.5
TXN_34762,CUST_4763,2023-11-19,164.39
TXN_34763,CUST_4763,2023-11-21,96.38
TXN_34764,CUST_4763,2023-11-18,203.36
TXN_34765,CUST_4763,2023-11-30,184.43
TXN_34766,CUST_4763,2023-11-21,212.28
TXN_34767,CUST_4763,2023-11-22,56.48
TXN_34768,CUST_4763,2023-11-25,119.55
TXN_34769,CUST_4763,2023-11-15,170.73
TXN_34770,CUST_4763,2023-12-10,98.7
TXN_34771,CUST_4763,2023-12-06,152.68
TXN_34772,CUST_4763,2023-11-18,95.83
TXN_34773,CUST_4764,2023-09-13,172.3
TXN_34774,CUST_4764,2023-10-28,190.35
TXN_34775,CUST_4764,2023-08-15,123.54
TXN_34776,CUST_4764,2023-08-15,160.67
TXN_34777,CUST_4764,2023-08-15,26.38
TXN_34778,CUST_4764,2023-08-29,235.63
TXN_34779,CUST_4764,2023-10-09,15.95
TXN_34780,CUST_4764,2023-08-27,19.11
TXN_34781,CUST_4764,2023-08-28,176.09
TXN_34782,CUST_4764,2023-10-18,203.97
TXN_34783,CUST_4764,2023-12-03,100.96
TXN_34784,CUST_4764,2023-11-13,186.0
TXN_34785,CUST_4764,2023-09-17,239.34
TXN_34786,CUST_4764,2023-12-28,225.94
TXN_34787,CUST_4765,2023-03-26,226.74
TXN_34788,CUST_4766,2023-11-27,176.43
TXN_34789,CUST_4767,2023-09-02,118.97
TXN_34790,CUST_4767,2023-08-28,217.09
TXN_34791,CUST_4767,2023-09-28,224.27
TXN_34792,CUST_4767,2023-09-22,89.34
TXN_34793,CUST_4767,2023-09-17,72.3
TXN_34794,CUST_4767,2023-11-26,84.47
TXN_34795,CUST_4767,2023-09-10,163.43
TXN_34796,CUST_4767,2023-09-01,66.51
TXN_34797,CUST_4767,2023-09-19,57.91
TXN_34798,CUST_4767,2023-09-08,179.48
TXN_34799,CUST_4767,2023-09-09,164.74
TXN_34800,CUST_4767,2023-09-24,195.39
TXN_34801,CUST_4768,2023-08-16,154.06
TXN_34802,CUST_4768,2023-07-16,52.22
TXN_34803,CUST_4768,2023-09-20,172.11
TXN_34804,CUST_4768,2023-07-19,233.94
TXN_34805,CUST_4768,2023-07-30,223.5
TXN_34806,CUST_4768,2023-12-06,130.17
TXN_34807,CUST_4768,2023-08-13,80.36
TXN_34808,CUST_4768,2023-10-15,61.2
TXN_34809,CUST_4769,2023-07-23,191.31
TXN_34810,CUST_4769,2023-09-17,231.68
TXN_34811,CUST_4769,2023-10-14,245.85
TXN_34812,CUST_4770,2023-11-12,238.73
TXN_34813,CUST_4770,2023-09-08,41.78
TXN_34814,CUST_4771,2023-06-06,171.89
TXN_34815,CUST_4772,2023-12-29,142.43
TXN_34816,CUST_4773,2023-08-07,122.24
TXN_34817,CUST_4773,2023-12-31,23.18
TXN_34818,CUST_4773,2023-07-22,242.57
TXN_34819,CUST_4773,2023-07-21,108.62
TXN_34820,CUST_4773,2023-08-24,228.21
TXN_34821,CUST_4773,2023-07-14,237.69
TXN_34822,CUST_4773,2023-07-13,206.62
TXN_34823,CUST_4774,2023-06-10,205.89
TXN_34824,CUST_4775,2023-06-06,158.72
TXN_34825,CUST_4775,2023-05-15,70.76
TXN_34826,CUST_4775,2023-06-15,23.37
TXN_34827,CUST_4775,2023-07-16,208.37
TXN_34828,CUST_4776,2023-11-01,145.37
TXN_34829,CUST_4776,2023-09-28,75.42
TXN_34830,CUST_4776,2023-10-04,196.61
TXN_34831,CUST_4776,2023-10-09,132.66
TXN_34832,CUST_4776,2023-11-14,235.08
TXN_34833,CUST_4776,2023-10-20,145.49
TXN_34834,CUST_4776,2023-09-29,131.16
TXN_34835,CUST_4776,2023-11-02,59.43
TXN_34836,CUST_4776,2023-09-29,217.88
TXN_34837,CUST_4776,2023-09-29,229.57
TXN_34838,CUST_4776,2023-10-06,92.54
TXN_34839,CUST_4776,2023-10-19,59.2
TXN_34840,CUST_4776,2023-11-02,138.11
TXN_34841,CUST_4777,2023-12-28,189.38
TXN_34842,CUST_4777,2023-12-22,180.36
TXN_34843,CUST_4777,2023-12-22,59.37
TXN_34844,CUST_4778,2023-10-22,244.1
TXN_34845,CUST_4778,2023-11-12,234.56
TXN_34846,CUST_4778,2023-11-21,185.39
TXN_34847,CUST_4778,2023-11-25,177.75
TXN_34848,CUST_4779,2023-03-31,198.36
TXN_34849,CUST_4779,2023-05-15,75.16
TXN_34850,CUST_4779,2023-06-20,64.22
TXN_34851,CUST_4779,2023-05-19,59.7
TXN_34852,CUST_4779,2023-07-31,90.39
TXN_34853,CUST_4779,2023-05-10,192.4
TXN_34854,CUST_4779,2023-06-27,108.93
TXN_34855,CUST_4779,2023-03-22,231.58
TXN_34856,CUST_4779,2023-03-15,187.63
TXN_34857,CUST_4779,2023-12-22,87.07
TXN_34858,CUST_4780,2023-08-10,88.65
TXN_34859,CUST_4781,2023-10-27,43.7
TXN_34860,CUST_4781,2023-10-27,150.7
TXN_34861,CUST_4781,2023-12-31,114.17
TXN_34862,CUST_4782,2023-12-07,228.3
TXN_34863,CUST_4782,2023-12-20,91.72
TXN_34864,CUST_4782,2023-11-25,79.4
TXN_34865,CUST_4782,2023-11-26,34.33
TXN_34866,CUST_4783,2023-12-08,16.92
TXN_34867,CUST_4784,2023-12-26,160.54
TXN_34868,CUST_4785,2023-12-10,84.87
TXN_34869,CUST_4785,2023-12-07,55.24
TXN_34870,CUST_4785,2023-12-09,20.97
TXN_34871,CUST_4785,2023-12-06,182.86
TXN_34872,CUST_4786,2023-09-27,143.5
TXN_34873,CUST_4786,2023-09-21,138.65
TXN_34874,CUST_4786,2023-08-04,66.14
TXN_34875,CUST_4787,2023-11-06,78.04
TXN_34876,CUST_4787,2023-06-13,114.74
TXN_34877,CUST_4787,2023-10-02,108.38
TXN_34878,CUST_4788,2023-04-26,149.98
TXN_34879,CUST_4789,2023-10-04,114.7
TXN_34880,CUST_4789,2023-10-15,30.53
TXN_34881,CUST_4789,2023-10-01,215.88
TXN_34882,CUST_4789,2023-10-21,117.15
TXN_34883,CUST_4790,2023-07-05,190.88
TXN_34884,CUST_4791,2023-03-17,117.42
TXN_34885,CUST_4791,2023-07-16,231.95
TXN_34886,CUST_4791,2023-09-28,218.05
TXN_34887,CUST_4791,2023-04-17,232.89
TXN_34888,CUST_4791,2023-06-27,223.32
TXN_34889,CUST_4791,2023-03-13,24.3
TXN_34890,CUST_4792,2023-04-01,55.59
TXN_34891,CUST_4792,2023-04-01,233.88
TXN_34892,CUST_4792,2023-03-23,219.53
TXN_34893,CUST_4792,2023-04-05,193.05
TXN_34894,CUST_4792,2023-07-17,193.78
TXN_34895,CUST_4792,2023-05-18,238.83
TXN_34896,CUST_4792,2023-11-19,86.15
TXN_34897,CUST_4792,2023-06-06,171.23
TXN_34898,CUST_4792,2023-02-16,77.29
TXN_34899,CUST_4792,2023-03-05,92.92
TXN_34900,CUST_4792,2023-08-30,192.98
TXN_34901,CUST_4792,2023-07-29,229.56
TXN_34902,CUST_4793,2023-03-26,230.99
TXN_34903,CUST_4793,2023-04-01,30.5
TXN_34904,CUST_4793,2023-04-30,60.23
TXN_34905,CUST_4793,2023-03-17,191.89
TXN_34906,CUST_4793,2023-05-30,28.4
TXN_34907,CUST_4794,2023-06-29,110.69
TXN_34908,CUST_4794,2023-09-27,148.37
TXN_34909,CUST_4795,2023-06-22,140.43
TXN_34910,CUST_4795,2023-06-13,209.0
TXN_34911,CUST_4795,2023-07-12,31.29
TXN_34912,CUST_4795,2023-07-08,82.42
TXN_34913,CUST_4795,2023-09-17,44.75
TXN_34914,CUST_4795,2023-08-05,201.57
TXN_34915,CUST_4795,2023-09-10,234.94
TXN_34916,CUST_4795,2023-06-12,98.14
TXN_34917,CUST_4796,2023-03-23,207.06
TXN_34918,CUST_4797,2023-05-09,132.17
TXN_34919,CUST_4797,2023-10-01,85.68
TXN_34920,CUST_4797,2023-07-09,39.24
TXN_34921,CUST_4797,2023-07-27,231.47
TXN_34922,CUST_4797,2023-05-03,187.95
TXN_34923,CUST_4797,2023-12-31,103.87
TXN_34924,CUST_4797,2023-01-08,175.41
TXN_34925,CUST_4797,2023-01-06,148.55
TXN_34926,CUST_4797,2023-04-24,152.36
TXN_34927,CUST_4798,2023-11-13,228.32
TXN_34928,CUST_4799,2023-07-17,200.87
TXN_34929,CUST_4799,2023-06-16,130.93
TXN_34930,CUST_4799,2023-07-25,44.29
TXN_34931,CUST_4799,2023-09-21,211.68
TXN_34932,CUST_4799,2023-07-02,59.08
TXN_34933,CUST_4799,2023-06-25,39.9
TXN_34934,CUST_4799,2023-08-25,88.12
TXN_34935,CUST_4799,2023-05-30,237.09
TXN_34936,CUST_4800,2023-11-05,163.7
TXN_34937,CUST_4800,2023-11-25,159.44
TXN_34938,CUST_4801,2023-07-08,73.54
TXN_34939,CUST_4801,2023-09-25,246.15
TXN_34940,CUST_4801,2023-10-20,175.78
TXN_34941,CUST_4801,2023-11-27,82.03
TXN_34942,CUST_4801,2023-06-27,90.43
TXN_34943,CUST_4801,2023-12-31,222.26
TXN_34944,CUST_4801,2023-06-30,132.96
TXN_34945,CUST_4801,2023-07-02,200.42
TXN_34946,CUST_4801,2023-07-26,229.31
TXN_34947,CUST_4802,2023-09-16,108.85
TXN_34948,CUST_4803,2023-09-09,129.09
TXN_34949,CUST_4804,2023-06-12,170.41
TXN_34950,CUST_4805,2023-08-28,182.02
TXN_34951,CUST_4806,2023-10-06,203.93
TXN_34952,CUST_4807,2023-10-30,160.31
TXN_34953,CUST_4807,2023-10-01,24.49
TXN_34954,CUST_4807,2023-09-25,231.02
TXN_34955,CUST_4807,2023-09-21,159.28
TXN_34956,CUST_4807,2023-12-08,129.71
TXN_34957,CUST_4807,2023-10-03,48.15
TXN_34958,CUST_4807,2023-12-31,56.52
TXN_34959,CUST_4807,2023-10-06,55.26
TXN_34960,CUST_4808,2023-10-18,166.18
TXN_34961,CUST_4809,2023-12-31,199.22
TXN_34962,CUST_4810,2023-10-22,179.35
TXN_34963,CUST_4810,2023-09-11,89.01
TXN_34964,CUST_4810,2023-09-20,56.89
TXN_34965,CUST_4810,2023-10-14,249.37
TXN_34966,CUST_4810,2023-09-28,216.27
TXN_34967,CUST_4810,2023-08-26,208.89
TXN_34968,CUST_4810,2023-12-03,212.13
TXN_34969,CUST_4810,2023-10-01,232.7
TXN_34970,CUST_4810,2023-12-31,206.61
TXN_34971,CUST_4811,2023-10-01,96.45
TXN_34972,CUST_4811,2023-09-30,61.82
TXN_34973,CUST_4811,2023-10-19,170.45
TXN_34974,CUST_4811,2023-11-24,178.21
TXN_34975,CUST_4811,2023-11-07,176.88
TXN_34976,CUST_4811,2023-10-27,95.03
TXN_34977,CUST_4811,2023-12-31,165.12
TXN_34978,CUST_4811,2023-10-16,214.1
TXN_34979,CUST_4811,2023-10-04,37.62
TXN_34980,CUST_4811,2023-09-24,204.9
TXN_34981,CUST_4811,2023-10-31,42.54
TXN_34982,CUST_4812,2023-10-23,235.58
TXN_34983,CUST_4813,2023-12-06,205.81
TXN_34984,CUST_4814,2023-07-24,178.78
TXN_34985,CUST_4814,2023-08-21,129.33
TXN_34986,CUST_4815,2023-11-27,198.54
TXN_34987,CUST_4816,2023-03-28,142.4
TXN_34988,CUST_4817,2023-09-05,39.56
TXN_34989,CUST_4817,2023-08-08,173.2
TXN_34990,CUST_4817,2023-10-06,112.11
TXN_34991,CUST_4817,2023-07-03,100.97
TXN_34992,CUST_4817,2023-07-30,191.49
TXN_34993,CUST_4817,2023-06-26,105.66
TXN_34994,CUST_4817,2023-08-01,144.28
TXN_34995,CUST_4817,2023-12-31,189.04
TXN_34996,CUST_4817,2023-07-10,163.91
TXN_34997,CUST_4817,2023-07-21,205.68
TXN_34998,CUST_4817,2023-07-06,48.96
TXN_34999,CUST_4817,2023-07-01,142.86
TXN_35000,CUST_4818,2023-01-31,93.13
TXN_35001,CUST_4819,2023-10-10,77.95
TXN_35002,CUST_4819,2023-12-31,86.43
TXN_35003,CUST_4819,2023-12-31,92.6
TXN_35004,CUST_4819,2023-10-10,58.09
TXN_35005,CUST_4819,2023-10-18,70.65
TXN_35006,CUST_4819,2023-11-07,71.35
TXN_35007,CUST_4819,2023-11-25,210.99
TXN_35008,CUST_4819,2023-10-12,192.08
TXN_35009,CUST_4819,2023-11-29,153.68
TXN_35010,CUST_4819,2023-10-16,118.63
TXN_35011,CUST_4819,2023-11-17,83.93
TXN_35012,CUST_4819,2023-10-15,52.78
TXN_35013,CUST_4819,2023-10-18,35.33
TXN_35014,CUST_4820,2023-06-24,75.04
TXN_35015,CUST_4821,2023-11-11,218.29
TXN_35016,CUST_4822,2023-10-21,81.98
TXN_35017,CUST_4823,2023-06-03,201.09
TXN_35018,CUST_4823,2023-05-15,130.71
TXN_35019,CUST_4823,2023-10-17,63.77
TXN_35020,CUST_4823,2023-12-31,122.23
TXN_35021,CUST_4823,2023-04-28,224.74
TXN_35022,CUST_4823,2023-04-08,165.95
TXN_35023,CUST_4824,2023-12-23,165.33
TXN_35024,CUST_4825,2023-12-31,114.73
TXN_35025,CUST_4826,2023-12-15,227.39
TXN_35026,CUST_4827,2023-10-02,39.99
TXN_35027,CUST_4827,2023-11-14,20.63
TXN_35028,CUST_4827,2023-07-21,132.65
TXN_35029,CUST_4827,2023-10-10,191.45
TXN_35030,CUST_4827,2023-09-27,218.96
TXN_35031,CUST_4828,2023-12-17,99.58
TXN_35032,CUST_4828,2023-12-25,52.5
TXN_35033,CUST_4828,2023-12-19,84.94
TXN_35034,CUST_4828,2023-12-31,34.9
TXN_35035,CUST_4828,2023-12-18,120.65
TXN_35036,CUST_4828,2023-12-18,181.05
TXN_35037,CUST_4828,2023-12-19,198.48
TXN_35038,CUST_4829,2023-06-20,210.57
TXN_35039,CUST_4829,2023-07-29,181.4
TXN_35040,CUST_4829,2023-05-31,77.48
TXN_35041,CUST_4829,2023-12-31,116.91
TXN_35042,CUST_4829,2023-06-24,220.36
TXN_35043,CUST_4829,2023-05-25,140.67
TXN_35044,CUST_4829,2023-06-09,101.52
TXN_35045,CUST_4829,2023-06-08,23.89
TXN_35046,CUST_4829,2023-07-01,200.46
TXN_35047,CUST_4829,2023-12-31,161.61
TXN_35048,CUST_4829,2023-06-28,195.92
TXN_35049,CUST_4829,2023-07-14,101.39
TXN_35050,CUST_4829,2023-06-06,202.09
TXN_35051,CUST_4829,2023-07-13,241.49
TXN_35052,CUST_4830,2023-10-30,121.55
TXN_35053,CUST_4830,2023-09-13,136.42
TXN_35054,CUST_4830,2023-11-23,216.03
TXN_35055,CUST_4830,2023-10-11,104.31
TXN_35056,CUST_4831,2023-10-07,247.61
TXN_35057,CUST_4832,2023-11-14,125.18
TXN_35058,CUST_4832,2023-10-31,225.36
TXN_35059,CUST_4832,2023-11-30,17.89
TXN_35060,CUST_4832,2023-10-21,135.39
TXN_35061,CUST_4832,2023-10-21,79.57
TXN_35062,CUST_4832,2023-12-01,105.74
TXN_35063,CUST_4832,2023-11-01,55.93
TXN_35064,CUST_4832,2023-11-09,43.27
TXN_35065,CUST_4832,2023-11-11,190.48
TXN_35066,CUST_4832,2023-12-08,151.88
TXN_35067,CUST_4832,2023-10-27,215.14
TXN_35068,CUST_4832,2023-11-09,99.16
TXN_35069,CUST_4832,2023-10-27,90.34
TXN_35070,CUST_4833,2023-07-12,36.08
TXN_35071,CUST_4834,2023-11-13,49.68
TXN_35072,CUST_4835,2023-11-08,109.68
TXN_35073,CUST_4835,2023-10-19,214.71
TXN_35074,CUST_4835,2023-10-29,131.0
TXN_35075,CUST_4835,2023-10-30,129.83
TXN_35076,CUST_4835,2023-10-18,206.63
TXN_35077,CUST_4835,2023-10-27,185.25
TXN_35078,CUST_4836,2023-06-04,228.57
TXN_35079,CUST_4837,2023-06-29,38.28
TXN_35080,CUST_4838,2023-05-20,67.59
TXN_35081,CUST_4838,2023-11-26,164.71
TXN_35082,CUST_4838,2023-09-08,68.0
TXN_35083,CUST_4838,2023-07-07,27.57
TXN_35084,CUST_4838,2023-07-08,62.84
TXN_35085,CUST_4838,2023-07-25,234.01
TXN_35086,CUST_4838,2023-06-14,86.77
TXN_35087,CUST_4838,2023-05-05,172.59
TXN_35088,CUST_4838,2023-07-06,142.97
TXN_35089,CUST_4839,2023-12-22,109.32
TXN_35090,CUST_4839,2023-12-24,37.71
TXN_35091,CUST_4839,2023-12-27,95.71
TXN_35092,CUST_4839,2023-12-25,248.96
TXN_35093,CUST_4839,2023-12-23,65.54
TXN_35094,CUST_4839,2023-12-22,29.19
TXN_35095,CUST_4839,2023-12-26,83.96
TXN_35096,CUST_4839,2023-12-22,182.72
TXN_35097,CUST_4839,2023-12-23,156.11
TXN_35098,CUST_4839,2023-12-23,93.53
TXN_35099,CUST_4839,2023-12-24,88.74
TXN_35100,CUST_4840,2023-09-15,22.36
TXN_35101,CUST_4840,2023-10-10,247.06
TXN_35102,CUST_4840,2023-07-04,131.42
TXN_35103,CUST_4840,2023-09-21,126.95
TXN_35104,CUST_4840,2023-08-25,231.42
TXN_35105,CUST_4841,2023-08-19,90.36
TXN_35106,CUST_4841,2023-10-14,20.27
TXN_35107,CUST_4841,2023-08-13,121.26
TXN_35108,CUST_4841,2023-09-12,51.67
TXN_35109,CUST_4841,2023-08-24,148.08
TXN_35110,CUST_4841,2023-09-01,150.02
TXN_35111,CUST_4841,2023-09-21,104.15
TXN_35112,CUST_4841,2023-07-29,28.06
TXN_35113,CUST_4841,2023-11-06,174.19
TXN_35114,CUST_4841,2023-10-10,233.27
TXN_35115,CUST_4841,2023-10-07,177.69
TXN_35116,CUST_4841,2023-09-20,75.76
TXN_35117,CUST_4841,2023-12-31,142.38
TXN_35118,CUST_4841,2023-08-08,64.31
TXN_35119,CUST_4842,2023-09-13,15.5
TXN_35120,CUST_4842,2023-12-08,18.29
TXN_35121,CUST_4842,2023-09-14,63.32
TXN_35122,CUST_4842,2023-11-01,174.55
TXN_35123,CUST_4843,2023-09-05,38.43
TXN_35124,CUST_4843,2023-09-24,17.49
TXN_35125,CUST_4843,2023-09-19,38.99
TXN_35126,CUST_4843,2023-08-27,219.63
TXN_35127,CUST_4843,2023-10-06,166.63
TXN_35128,CUST_4843,2023-09-14,112.11
TXN_35129,CUST_4843,2023-09-07,117.07
TXN_35130,CUST_4843,2023-09-30,58.85
TXN_35131,CUST_4843,2023-09-05,131.27
TXN_35132,CUST_4843,2023-09-13,207.58
TXN_35133,CUST_4844,2023-12-22,244.5
TXN_35134,CUST_4844,2023-12-26,65.68
TXN_35135,CUST_4844,2023-12-22,34.62
TXN_35136,CUST_4844,2023-12-24,89.47
TXN_35137,CUST_4844,2023-12-23,195.51
TXN_35138,CUST_4845,2023-02-04,214.41
TXN_35139,CUST_4845,2023-03-01,208.17
TXN_35140,CUST_4845,2023-01-22,229.3
TXN_35141,CUST_4845,2023-03-23,54.98
TXN_35142,CUST_4846,2023-08-24,57.84
TXN_35143,CUST_4846,2023-11-29,144.82
TXN_35144,CUST_4846,2023-10-21,39.38
TXN_35145,CUST_4846,2023-12-31,205.29
TXN_35146,CUST_4846,2023-08-13,19.88
TXN_35147,CUST_4846,2023-08-05,113.35
TXN_35148,CUST_4846,2023-07-27,24.6
TXN_35149,CUST_4846,2023-08-01,205.28
TXN_35150,CUST_4847,2023-08-02,165.91
TXN_35151,CUST_4847,2023-08-06,175.3
TXN_35152,CUST_4847,2023-10-08,87.06
TXN_35153,CUST_4847,2023-08-10,26.77
TXN_35154,CUST_4847,2023-10-19,157.43
TXN_35155,CUST_4847,2023-11-15,59.4
TXN_35156,CUST_4847,2023-12-31,181.08
TXN_35157,CUST_4847,2023-07-28,123.8
TXN_35158,CUST_4847,2023-09-21,18.99
TXN_35159,CUST_4847,2023-10-08,237.7
TXN_35160,CUST_4847,2023-07-20,226.06
TXN_35161,CUST_4847,2023-08-19,136.17
TXN_35162,CUST_4847,2023-10-26,153.57
TXN_35163,CUST_4847,2023-08-09,187.16
TXN_35164,CUST_4848,2023-12-15,197.04
TXN_35165,CUST_4849,2023-12-31,165.54
TXN_35166,CUST_4850,2023-12-31,189.84
TXN_35167,CUST_4851,2023-12-21,69.2
TXN_35168,CUST_4851,2023-12-07,132.07
TXN_35169,CUST_4851,2023-12-14,177.26
TXN_35170,CUST_4852,2023-03-04,170.24
TXN_35171,CUST_4853,2023-04-08,134.33
TXN_35172,CUST_4853,2023-06-20,46.8
TXN_35173,CUST_4853,2023-05-25,125.84
TXN_35174,CUST_4853,2023-04-18,161.53
TXN_35175,CUST_4853,2023-06-17,243.3
TXN_35176,CUST_4854,2023-05-26,149.42
TXN_35177,CUST_4854,2023-03-30,41.08
TXN_35178,CUST_4854,2023-05-15,224.71
TXN_35179,CUST_4854,2023-12-31,199.69
TXN_35180,CUST_4854,2023-03-27,163.13
TXN_35181,CUST_4854,2023-03-29,150.47
TXN_35182,CUST_4854,2023-05-07,104.67
TXN_35183,CUST_4854,2023-06-13,216.56
TXN_35184,CUST_4854,2023-04-12,129.27
TXN_35185,CUST_4855,2023-06-01,177.36
TXN_35186,CUST_4855,2023-01-29,89.64
TXN_35187,CUST_4855,2023-02-08,175.13
TXN_35188,CUST_4855,2023-02-24,77.19
TXN_35189,CUST_4855,2023-02-07,128.69
TXN_35190,CUST_4855,2023-02-01,213.71
TXN_35191,CUST_4855,2023-01-31,29.49
TXN_35192,CUST_4855,2023-05-23,230.48
TXN_35193,CUST_4855,2023-10-05,34.65
TXN_35194,CUST_4855,2023-03-08,137.44
TXN_35195,CUST_4855,2023-02-01,139.23
TXN_35196,CUST_4855,2023-04-05,153.28
TXN_35197,CUST_4855,2023-11-08,79.54
TXN_35198,CUST_4856,2023-04-22,195.01
TXN_35199,CUST_4856,2023-01-20,138.33
TXN_35200,CUST_4856,2023-09-23,164.75
TXN_35201,CUST_4856,2023-05-31,126.47
TXN_35202,CUST_4856,2023-12-15,103.04
TXN_35203,CUST_4856,2023-03-14,136.67
TXN_35204,CUST_4856,2023-04-30,141.29
TXN_35205,CUST_4856,2023-08-03,211.11
TXN_35206,CUST_4856,2023-02-04,155.1
TXN_35207,CUST_4856,2023-12-31,155.92
TXN_35208,CUST_4856,2023-06-02,217.42
TXN_35209,CUST_4856,2023-09-08,19.04
TXN_35210,CUST_4856,2023-02-19,217.78
TXN_35211,CUST_4856,2023-05-25,163.45
TXN_35212,CUST_4857,2023-07-21,249.93
TXN_35213,CUST_4857,2023-06-29,105.93
TXN_35214,CUST_4857,2023-11-01,167.73
TXN_35215,CUST_4857,2023-10-05,228.33
TXN_35216,CUST_4857,2023-08-04,70.17
TXN_35217,CUST_4857,2023-09-04,147.42
TXN_35218,CUST_4857,2023-09-23,135.25
TXN_35219,CUST_4857,2023-10-05,226.97
TXN_35220,CUST_4857,2023-09-17,189.76
TXN_35221,CUST_4857,2023-08-16,125.84
TXN_35222,CUST_4857,2023-12-31,166.6
TXN_35223,CUST_4858,2023-05-25,28.21
TXN_35224,CUST_4858,2023-06-29,167.58
TXN_35225,CUST_4859,2023-04-26,64.64
TXN_35226,CUST_4859,2023-04-25,220.54
TXN_35227,CUST_4859,2023-12-31,150.62
TXN_35228,CUST_4859,2023-03-17,115.48
TXN_35229,CUST_4859,2023-06-03,102.13
TXN_35230,CUST_4859,2023-03-25,68.3
TXN_35231,CUST_4859,2023-05-06,65.86
TXN_35232,CUST_4859,2023-03-31,220.17
TXN_35233,CUST_4859,2023-08-01,28.0
TXN_35234,CUST_4859,2023-04-10,140.0
TXN_35235,CUST_4859,2023-03-08,175.55
TXN_35236,CUST_4859,2023-04-20,108.34
TXN_35237,CUST_4860,2023-06-30,217.5
TXN_35238,CUST_4861,2023-11-25,106.03
TXN_35239,CUST_4861,2023-10-04,193.33
TXN_35240,CUST_4861,2023-10-03,210.26
TXN_35241,CUST_4861,2023-10-16,203.31
TXN_35242,CUST_4861,2023-10-26,99.42
TXN_35243,CUST_4861,2023-12-10,195.26
TXN_35244,CUST_4861,2023-10-05,233.69
TXN_35245,CUST_4861,2023-10-21,50.01
TXN_35246,CUST_4862,2023-06-15,178.1
TXN_35247,CUST_4862,2023-03-12,243.15
TXN_35248,CUST_4862,2023-02-28,157.36
TXN_35249,CUST_4862,2023-03-05,221.17
TXN_35250,CUST_4862,2023-03-09,118.64
TXN_35251,CUST_4862,2023-02-26,120.29
TXN_35252,CUST_4862,2023-02-17,119.22
TXN_35253,CUST_4862,2023-06-20,57.97
TXN_35254,CUST_4862,2023-05-13,126.48
TXN_35255,CUST_4862,2023-04-01,172.64
TXN_35256,CUST_4862,2023-12-31,235.38
TXN_35257,CUST_4863,2023-08-26,123.06
TXN_35258,CUST_4863,2023-08-19,75.63
TXN_35259,CUST_4863,2023-09-18,104.47
TXN_35260,CUST_4864,2023-12-19,185.08
TXN_35261,CUST_4865,2023-08-29,74.67
TXN_35262,CUST_4865,2023-06-19,146.71
TXN_35263,CUST_4865,2023-07-01,184.67
TXN_35264,CUST_4865,2023-09-17,139.08
TXN_35265,CUST_4865,2023-06-25,229.28
TXN_35266,CUST_4865,2023-08-31,173.21
TXN_35267,CUST_4865,2023-05-23,139.04
TXN_35268,CUST_4865,2023-05-28,170.22
TXN_35269,CUST_4865,2023-06-14,188.55
TXN_35270,CUST_4865,2023-09-09,85.6
TXN_35271,CUST_4865,2023-12-31,136.42
TXN_35272,CUST_4865,2023-06-06,197.17
TXN_35273,CUST_4865,2023-09-03,112.27
TXN_35274,CUST_4865,2023-08-07,20.11
TXN_35275,CUST_4866,2023-10-18,69.55
TXN_35276,CUST_4867,2023-12-31,247.04
TXN_35277,CUST_4867,2023-09-12,132.97
TXN_35278,CUST_4867,2023-10-06,220.2
TXN_35279,CUST_4867,2023-09-15,38.98
TXN_35280,CUST_4867,2023-07-02,60.1
TXN_35281,CUST_4867,2023-07-14,57.89
TXN_35282,CUST_4868,2023-02-06,109.74
TXN_35283,CUST_4868,2023-02-11,31.97
TXN_35284,CUST_4868,2023-03-09,197.65
TXN_35285,CUST_4868,2023-07-11,157.89
TXN_35286,CUST_4868,2023-08-12,132.69
TXN_35287,CUST_4868,2023-02-28,148.94
TXN_35288,CUST_4868,2023-11-12,23.49
TXN_35289,CUST_4868,2023-12-31,189.91
TXN_35290,CUST_4868,2023-06-07,159.25
TXN_35291,CUST_4868,2023-03-02,223.15
TXN_35292,CUST_4868,2023-12-31,232.17
TXN_35293,CUST_4868,2023-02-09,188.08
TXN_35294,CUST_4868,2023-04-29,200.26
TXN_35295,CUST_4868,2023-03-17,239.89
TXN_35296,CUST_4869,2023-09-29,133.4
TXN_35297,CUST_4870,2023-09-02,147.43
TXN_35298,CUST_4870,2023-09-21,82.61
TXN_35299,CUST_4870,2023-10-21,237.14
TXN_35300,CUST_4870,2023-11-10,106.97
TXN_35301,CUST_4870,2023-10-01,100.78
TXN_35302,CUST_4871,2023-11-29,80.6
TXN_35303,CUST_4871,2023-11-15,44.18
TXN_35304,CUST_4871,2023-11-11,242.45
TXN_35305,CUST_4872,2023-12-31,105.07
TXN_35306,CUST_4872,2023-04-18,79.4
TXN_35307,CUST_4872,2023-03-13,82.96
TXN_35308,CUST_4872,2023-03-17,116.63
TXN_35309,CUST_4872,2023-03-19,136.58
TXN_35310,CUST_4872,2023-03-27,114.8
TXN_35311,CUST_4872,2023-03-06,53.53
TXN_35312,CUST_4872,2023-05-30,147.85
TXN_35313,CUST_4872,2023-03-11,84.28
TXN_35314,CUST_4872,2023-03-18,202.4
TXN_35315,CUST_4872,2023-04-08,110.4
TXN_35316,CUST_4873,2023-07-02,202.51
TXN_35317,CUST_4873,2023-09-19,157.07
TXN_35318,CUST_4873,2023-07-26,57.54
TXN_35319,CUST_4873,2023-07-14,79.47
TXN_35320,CUST_4873,2023-08-31,162.57
TXN_35321,CUST_4873,2023-07-02,140.75
TXN_35322,CUST_4874,2023-09-30,16.55
TXN_35323,CUST_4874,2023-12-31,205.56
TXN_35324,CUST_4874,2023-10-11,122.43
TXN_35325,CUST_4874,2023-12-19,63.8
TXN_35326,CUST_4874,2023-11-16,19.21
TXN_35327,CUST_4874,2023-12-01,153.48
TXN_35328,CUST_4874,2023-10-15,181.02
TXN_35329,CUST_4874,2023-09-27,60.95
TXN_35330,CUST_4874,2023-10-11,160.2
TXN_35331,CUST_4874,2023-09-30,104.18
TXN_35332,CUST_4875,2023-06-07,231.03
TXN_35333,CUST_4876,2023-09-11,156.12
TXN_35334,CUST_4877,2023-05-21,143.03
TXN_35335,CUST_4877,2023-06-03,81.1
TXN_35336,CUST_4877,2023-08-10,202.04
TXN_35337,CUST_4877,2023-05-26,161.4
TXN_35338,CUST_4877,2023-05-09,200.88
TXN_35339,CUST_4877,2023-05-20,55.17
TXN_35340,CUST_4877,2023-12-15,114.28
TXN_35341,CUST_4877,2023-07-18,205.17
TXN_35342,CUST_4877,2023-07-29,147.7
TXN_35343,CUST_4878,2023-11-28,46.38
TXN_35344,CUST_4879,2023-07-01,185.26
TXN_35345,CUST_4879,2023-09-07,196.45
TXN_35346,CUST_4879,2023-11-09,50.73
TXN_35347,CUST_4879,2023-12-31,249.65
TXN_35348,CUST_4879,2023-06-15,36.46
TXN_35349,CUST_4879,2023-07-22,23.09
TXN_35350,CUST_4879,2023-09-11,167.92
TXN_35351,CUST_4880,2023-06-21,167.78
TXN_35352,CUST_4880,2023-12-31,144.08
TXN_35353,CUST_4880,2023-12-31,83.37
TXN_35354,CUST_4880,2023-09-05,97.47
TXN_35355,CUST_4880,2023-07-27,232.61
TXN_35356,CUST_4880,2023-05-08,186.21
TXN_35357,CUST_4880,2023-12-31,103.16
TXN_35358,CUST_4880,2023-04-07,226.1
TXN_35359,CUST_4880,2023-05-24,220.29
TXN_35360,CUST_4880,2023-05-06,188.84
TXN_35361,CUST_4880,2023-01-15,94.82
TXN_35362,CUST_4881,2023-08-02,73.89
TXN_35363,CUST_4881,2023-07-31,59.05
TXN_35364,CUST_4881,2023-08-11,81.08
TXN_35365,CUST_4881,2023-08-17,138.36
TXN_35366,CUST_4881,2023-09-30,222.85
TXN_35367,CUST_4881,2023-08-24,228.61
TXN_35368,CUST_4881,2023-09-21,186.29
TXN_35369,CUST_4881,2023-08-30,137.96
TXN_35370,CUST_4881,2023-08-31,130.61
TXN_35371,CUST_4881,2023-08-24,197.02
TXN_35372,CUST_4881,2023-08-17,63.58
TXN_35373,CUST_4881,2023-07-29,221.7
TXN_35374,CUST_4882,2023-10-26,84.23
TXN_35375,CUST_4882,2023-11-21,120.7
TXN_35376,CUST_4882,2023-10-21,57.52
TXN_35377,CUST_4882,2023-10-23,15.31
TXN_35378,CUST_4882,2023-12-26,116.11
TXN_35379,CUST_4882,2023-10-17,53.76
TXN_35380,CUST_4882,2023-10-25,144.65
TXN_35381,CUST_4883,2023-07-16,141.64
TXN_35382,CUST_4883,2023-07-18,174.76
TXN_35383,CUST_4883,2023-07-09,134.94
TXN_35384,CUST_4883,2023-07-22,238.25
TXN_35385,CUST_4883,2023-09-18,192.49
TXN_35386,CUST_4883,2023-09-17,171.49
TXN_35387,CUST_4883,2023-07-16,249.4
TXN_35388,CUST_4883,2023-09-08,225.88
TXN_35389,CUST_4883,2023-08-18,82.2
TXN_35390,CUST_4883,2023-08-10,108.8
TXN_35391,CUST_4883,2023-07-08,173.61
TXN_35392,CUST_4883,2023-09-24,24.61
TXN_35393,CUST_4883,2023-07-24,171.14
TXN_35394,CUST_4883,2023-07-30,234.45
TXN_35395,CUST_4884,2023-12-05,229.78
TXN_35396,CUST_4885,2023-03-28,74.06
TXN_35397,CUST_4885,2023-10-05,204.69
TXN_35398,CUST_4885,2023-03-13,48.25
TXN_35399,CUST_4885,2023-05-01,55.73
TXN_35400,CUST_4885,2023-05-01,213.5
TXN_35401,CUST_4885,2023-05-06,185.24
TXN_35402,CUST_4885,2023-03-25,77.46
TXN_35403,CUST_4885,2023-05-28,215.32
TXN_35404,CUST_4886,2023-07-01,100.9
TXN_35405,CUST_4886,2023-07-20,228.62
TXN_35406,CUST_4886,2023-08-09,70.13
TXN_35407,CUST_4886,2023-12-31,72.98
TXN_35408,CUST_4886,2023-09-26,167.64
TXN_35409,CUST_4886,2023-08-07,110.37
TXN_35410,CUST_4886,2023-11-03,126.64
TXN_35411,CUST_4886,2023-07-29,98.25
TXN_35412,CUST_4887,2023-08-25,43.18
TXN_35413,CUST_4888,2023-05-30,121.75
TXN_35414,CUST_4889,2023-10-07,48.67
TXN_35415,CUST_4890,2023-06-28,60.44
TXN_35416,CUST_4891,2023-12-28,37.92
TXN_35417,CUST_4891,2023-12-27,206.69
TXN_35418,CUST_4891,2023-12-15,45.63
TXN_35419,CUST_4891,2023-12-21,177.3
TXN_35420,CUST_4891,2023-12-14,223.18
TXN_35421,CUST_4891,2023-12-17,82.83
TXN_35422,CUST_4891,2023-12-09,193.44
TXN_35423,CUST_4891,2023-12-11,80.92
TXN_35424,CUST_4891,2023-12-13,191.24
TXN_35425,CUST_4891,2023-12-27,65.82
TXN_35426,CUST_4891,2023-12-24,157.03
TXN_35427,CUST_4891,2023-12-23,214.33
TXN_35428,CUST_4891,2023-12-12,174.36
TXN_35429,CUST_4892,2023-03-26,147.88
TXN_35430,CUST_4892,2023-03-22,104.09
TXN_35431,CUST_4892,2023-06-09,81.95
TXN_35432,CUST_4892,2023-04-17,99.72
TXN_35433,CUST_4892,2023-05-01,173.47
TXN_35434,CUST_4892,2023-08-02,171.29
TXN_35435,CUST_4892,2023-03-02,225.76
TXN_35436,CUST_4892,2023-05-27,231.26
TXN_35437,CUST_4892,2023-12-31,124.94
TXN_35438,CUST_4893,2023-12-13,197.7
TXN_35439,CUST_4893,2023-12-26,17.98
TXN_35440,CUST_4893,2023-12-12,20.97
TXN_35441,CUST_4893,2023-12-24,61.7
TXN_35442,CUST_4893,2023-12-20,22.83
TXN_35443,CUST_4893,2023-12-14,99.28
TXN_35444,CUST_4893,2023-12-13,148.99
TXN_35445,CUST_4893,2023-12-14,109.76
TXN_35446,CUST_4894,2023-08-02,189.16
TXN_35447,CUST_4895,2023-12-21,54.04
TXN_35448,CUST_4896,2023-11-21,24.36
TXN_35449,CUST_4896,2023-11-24,123.38
TXN_35450,CUST_4896,2023-12-21,228.47
TXN_35451,CUST_4896,2023-11-27,125.8
TXN_35452,CUST_4896,2023-12-02,75.66
TXN_35453,CUST_4896,2023-11-21,15.6
TXN_35454,CUST_4896,2023-11-18,56.95
TXN_35455,CUST_4896,2023-12-02,64.97
TXN_35456,CUST_4897,2023-06-09,168.16
TXN_35457,CUST_4898,2023-12-11,157.45
TXN_35458,CUST_4899,2023-12-31,17.4
TXN_35459,CUST_4900,2023-09-14,228.55
TXN_35460,CUST_4900,2023-10-31,147.71
TXN_35461,CUST_4900,2023-11-18,40.36
TXN_35462,CUST_4900,2023-08-25,245.61
TXN_35463,CUST_4900,2023-12-31,174.6
TXN_35464,CUST_4900,2023-07-22,41.54
TXN_35465,CUST_4900,2023-12-05,221.95
TXN_35466,CUST_4900,2023-08-02,233.92
TXN_35467,CUST_4900,2023-07-20,84.21
TXN_35468,CUST_4900,2023-09-09,55.11
TXN_35469,CUST_4900,2023-12-31,67.3
TXN_35470,CUST_4901,2023-07-09,197.95
TXN_35471,CUST_4902,2023-07-18,38.35
TXN_35472,CUST_4903,2023-08-04,142.99
TXN_35473,CUST_4904,2023-09-29,226.16
TXN_35474,CUST_4904,2023-10-14,155.21
TXN_35475,CUST_4904,2023-09-14,217.76
TXN_35476,CUST_4904,2023-09-01,226.44
TXN_35477,CUST_4904,2023-10-12,59.53
TXN_35478,CUST_4904,2023-12-03,91.69
TXN_35479,CUST_4904,2023-09-06,90.0
TXN_35480,CUST_4905,2023-12-04,85.23
TXN_35481,CUST_4905,2023-08-01,147.25
TXN_35482,CUST_4905,2023-08-31,184.34
TXN_35483,CUST_4905,2023-09-06,108.17
TXN_35484,CUST_4905,2023-07-28,124.92
TXN_35485,CUST_4905,2023-08-03,231.67
TXN_35486,CUST_4906,2023-04-18,49.65
TXN_35487,CUST_4906,2023-06-17,185.95
TXN_35488,CUST_4906,2023-11-01,225.1
TXN_35489,CUST_4906,2023-04-18,248.94
TXN_35490,CUST_4906,2023-04-18,212.43
TXN_35491,CUST_4906,2023-06-22,174.4
TXN_35492,CUST_4906,2023-06-25,219.38
TXN_35493,CUST_4906,2023-07-03,214.44
TXN_35494,CUST_4907,2023-10-18,248.34
TXN_35495,CUST_4908,2023-05-12,209.88
TXN_35496,CUST_4908,2023-05-07,136.25
TXN_35497,CUST_4908,2023-07-22,170.16
TXN_35498,CUST_4908,2023-07-24,90.42
TXN_35499,CUST_4908,2023-12-31,16.54
TXN_35500,CUST_4908,2023-07-12,218.54
TXN_35501,CUST_4908,2023-10-26,184.25
TXN_35502,CUST_4908,2023-07-03,122.47
TXN_35503,CUST_4908,2023-06-11,114.9
TXN_35504,CUST_4908,2023-08-01,186.83
TXN_35505,CUST_4908,2023-06-21,189.09
TXN_35506,CUST_4909,2023-04-20,192.06
TXN_35507,CUST_4909,2023-05-19,61.72
TXN_35508,CUST_4909,2023-03-14,31.47
TXN_35509,CUST_4909,2023-04-09,176.86
TXN_35510,CUST_4909,2023-11-05,90.3
TXN_35511,CUST_4909,2023-05-16,125.17
TXN_35512,CUST_4909,2023-03-11,193.67
TXN_35513,CUST_4909,2023-05-13,230.57
TXN_35514,CUST_4909,2023-08-31,80.39
TXN_35515,CUST_4909,2023-04-07,141.19
TXN_35516,CUST_4909,2023-03-13,74.01
TXN_35517,CUST_4909,2023-08-22,50.96
TXN_35518,CUST_4909,2023-05-19,107.58
TXN_35519,CUST_4910,2023-12-31,208.9
TXN_35520,CUST_4911,2023-10-15,16.51
TXN_35521,CUST_4912,2023-09-28,114.66
TXN_35522,CUST_4913,2023-12-08,243.21
TXN_35523,CUST_4913,2023-12-16,243.28
TXN_35524,CUST_4913,2023-12-12,41.44
TXN_35525,CUST_4913,2023-11-05,32.9
TXN_35526,CUST_4914,2023-11-20,86.81
TXN_35527,CUST_4914,2023-07-01,27.6
TXN_35528,CUST_4914,2023-07-30,201.94
TXN_35529,CUST_4914,2023-12-31,211.6
TXN_35530,CUST_4914,2023-05-28,145.8
TXN_35531,CUST_4914,2023-07-10,28.34
TXN_35532,CUST_4914,2023-05-04,91.56
TXN_35533,CUST_4914,2023-08-18,82.1
TXN_35534,CUST_4915,2023-12-31,178.45
TXN_35535,CUST_4915,2023-05-20,51.37
TXN_35536,CUST_4915,2023-02-21,103.71
TXN_35537,CUST_4915,2023-04-01,131.84
TXN_35538,CUST_4915,2023-10-14,40.19
TXN_35539,CUST_4915,2023-02-21,48.75
TXN_35540,CUST_4915,2023-06-21,243.09
TXN_35541,CUST_4915,2023-10-05,184.98
TXN_35542,CUST_4915,2023-01-22,96.55
TXN_35543,CUST_4915,2023-09-06,168.47
TXN_35544,CUST_4915,2023-02-16,124.62
TXN_35545,CUST_4916,2023-09-14,226.74
TXN_35546,CUST_4917,2023-08-17,69.78
TXN_35547,CUST_4918,2023-12-31,70.65
TXN_35548,CUST_4918,2023-06-07,166.05
TXN_35549,CUST_4918,2023-06-23,114.52
TXN_35550,CUST_4918,2023-05-17,248.09
TXN_35551,CUST_4918,2023-06-06,40.85
TXN_35552,CUST_4919,2023-06-06,78.27
TXN_35553,CUST_4919,2023-06-20,200.36
TXN_35554,CUST_4919,2023-06-19,70.28
TXN_35555,CUST_4919,2023-12-31,180.0
TXN_35556,CUST_4919,2023-07-09,192.16
TXN_35557,CUST_4919,2023-07-18,64.98
TXN_35558,CUST_4919,2023-07-21,196.43
TXN_35559,CUST_4919,2023-06-18,129.1
TXN_35560,CUST_4919,2023-06-13,213.03
TXN_35561,CUST_4919,2023-10-02,173.26
TXN_35562,CUST_4919,2023-11-27,108.99
TXN_35563,CUST_4919,2023-06-14,244.27
TXN_35564,CUST_4920,2023-07-06,40.21
TXN_35565,CUST_4920,2023-09-10,103.76
TXN_35566,CUST_4920,2023-07-22,56.97
TXN_35567,CUST_4921,2023-06-10,248.51
TXN_35568,CUST_4921,2023-04-20,160.04
TXN_35569,CUST_4921,2023-04-29,102.3
TXN_35570,CUST_4921,2023-04-03,176.66
TXN_35571,CUST_4922,2023-04-05,126.74
TXN_35572,CUST_4922,2023-05-01,141.89
TXN_35573,CUST_4922,2023-04-21,28.36
TXN_35574,CUST_4922,2023-05-09,84.44
TXN_35575,CUST_4923,2023-06-01,218.67
TXN_35576,CUST_4923,2023-02-03,206.59
TXN_35577,CUST_4923,2023-05-28,54.0
TXN_35578,CUST_4923,2023-09-12,234.25
TXN_35579,CUST_4923,2023-02-18,49.94
TXN_35580,CUST_4923,2023-12-31,20.38
TXN_35581,CUST_4923,2023-12-26,65.81
TXN_35582,CUST_4923,2023-03-21,87.46
TXN_35583,CUST_4923,2023-02-01,97.83
TXN_35584,CUST_4923,2023-04-13,37.05
TXN_35585,CUST_4924,2023-12-05,93.56
TXN_35586,CUST_4924,2023-11-19,99.76
TXN_35587,CUST_4924,2023-11-20,234.14
TXN_35588,CUST_4924,2023-11-28,241.5
TXN_35589,CUST_4924,2023-11-24,145.77
TXN_35590,CUST_4924,2023-11-21,204.98
TXN_35591,CUST_4925,2023-11-17,107.04
TXN_35592,CUST_4926,2023-10-12,63.0
TXN_35593,CUST_4926,2023-09-21,115.33
TXN_35594,CUST_4926,2023-09-01,131.5
TXN_35595,CUST_4926,2023-12-31,237.99
TXN_35596,CUST_4926,2023-09-01,222.79
TXN_35597,CUST_4926,2023-11-20,73.65
TXN_35598,CUST_4926,2023-09-28,219.43
TXN_35599,CUST_4926,2023-09-19,101.9
TXN_35600,CUST_4926,2023-10-04,55.52
TXN_35601,CUST_4926,2023-08-25,210.67
TXN_35602,CUST_4927,2023-12-11,83.27
TXN_35603,CUST_4928,2023-11-30,39.09
TXN_35604,CUST_4928,2023-11-30,229.67
TXN_35605,CUST_4928,2023-10-23,49.6
TXN_35606,CUST_4928,2023-12-21,85.84
TXN_35607,CUST_4928,2023-11-03,86.54
TXN_35608,CUST_4928,2023-11-21,64.61
TXN_35609,CUST_4928,2023-11-04,214.86
TXN_35610,CUST_4928,2023-12-27,97.89
TXN_35611,CUST_4928,2023-10-21,205.28
TXN_35612,CUST_4929,2023-07-15,176.91
TXN_35613,CUST_4930,2023-06-16,90.13
TXN_35614,CUST_4930,2023-03-28,107.39
TXN_35615,CUST_4931,2023-12-30,189.73
TXN_35616,CUST_4931,2023-12-30,49.14
TXN_35617,CUST_4931,2023-12-30,18.86
TXN_35618,CUST_4931,2023-12-30,72.46
TXN_35619,CUST_4931,2023-12-30,149.22
TXN_35620,CUST_4932,2023-11-17,77.14
TXN_35621,CUST_4932,2023-10-28,142.67
TXN_35622,CUST_4932,2023-11-15,241.32
TXN_35623,CUST_4932,2023-11-19,119.27
TXN_35624,CUST_4932,2023-12-31,102.71
TXN_35625,CUST_4932,2023-10-29,160.23
TXN_35626,CUST_4933,2023-11-29,115.55
TXN_35627,CUST_4934,2023-06-08,167.67
TXN_35628,CUST_4935,2023-03-02,158.9
TXN_35629,CUST_4936,2023-02-15,169.46
TXN_35630,CUST_4937,2023-12-16,58.0
TXN_35631,CUST_4938,2023-09-02,48.33
TXN_35632,CUST_4938,2023-08-19,236.65
TXN_35633,CUST_4938,2023-09-07,23.63
TXN_35634,CUST_4938,2023-07-31,70.38
TXN_35635,CUST_4938,2023-09-16,72.64
TXN_35636,CUST_4938,2023-11-03,162.91
TXN_35637,CUST_4938,2023-08-15,107.57
TXN_35638,CUST_4938,2023-08-21,88.83
TXN_35639,CUST_4938,2023-09-17,62.39
TXN_35640,CUST_4938,2023-08-14,35.03
TXN_35641,CUST_4938,2023-08-21,30.13
TXN_35642,CUST_4938,2023-07-28,166.81
TXN_35643,CUST_4938,2023-08-06,23.27
TXN_35644,CUST_4939,2023-05-25,184.41
TXN_35645,CUST_4940,2023-12-16,155.31
TXN_35646,CUST_4941,2023-06-03,45.2
TXN_35647,CUST_4941,2023-05-12,241.1
TXN_35648,CUST_4941,2023-05-21,128.65
TXN_35649,CUST_4941,2023-10-24,112.17
TXN_35650,CUST_4941,2023-06-27,54.67
TXN_35651,CUST_4942,2023-07-14,100.75
TXN_35652,CUST_4943,2023-11-22,206.55
TXN_35653,CUST_4944,2023-08-23,42.9
TXN_35654,CUST_4945,2023-12-31,152.55
TXN_35655,CUST_4945,2023-06-24,190.84
TXN_35656,CUST_4945,2023-03-08,26.38
TXN_35657,CUST_4945,2023-06-17,46.91
TXN_35658,CUST_4946,2023-03-26,97.04
TXN_35659,CUST_4947,2023-10-25,104.83
TXN_35660,CUST_4947,2023-11-06,64.79
TXN_35661,CUST_4947,2023-09-06,200.88
TXN_35662,CUST_4947,2023-09-30,145.62
TXN_35663,CUST_4948,2023-06-15,195.32
TXN_35664,CUST_4948,2023-06-24,37.04
TXN_35665,CUST_4948,2023-08-01,37.18
TXN_35666,CUST_4948,2023-08-23,176.96
TXN_35667,CUST_4948,2023-07-16,176.16
TXN_35668,CUST_4948,2023-09-24,61.45
TXN_35669,CUST_4948,2023-08-16,177.7
TXN_35670,CUST_4948,2023-06-19,185.82
TXN_35671,CUST_4948,2023-08-31,51.95
TXN_35672,CUST_4948,2023-06-30,236.17
TXN_35673,CUST_4948,2023-06-09,68.8
TXN_35674,CUST_4948,2023-08-03,242.64
TXN_35675,CUST_4948,2023-06-24,206.94
TXN_35676,CUST_4949,2023-07-26,249.07
TXN_35677,CUST_4950,2023-09-02,154.81
TXN_35678,CUST_4950,2023-09-15,241.16
TXN_35679,CUST_4950,2023-08-20,194.09
TXN_35680,CUST_4950,2023-10-06,29.41
TXN_35681,CUST_4950,2023-12-13,233.86
TXN_35682,CUST_4950,2023-08-28,113.15
TXN_35683,CUST_4950,2023-10-27,131.33
TXN_35684,CUST_4950,2023-10-22,23.49
TXN_35685,CUST_4951,2023-04-06,121.74
TXN_35686,CUST_4952,2023-09-29,97.93
TXN_35687,CUST_4952,2023-10-08,46.16
TXN_35688,CUST_4952,2023-10-25,154.99
TXN_35689,CUST_4952,2023-09-21,246.15
TXN_35690,CUST_4952,2023-09-13,93.94
TXN_35691,CUST_4952,2023-09-24,146.61
TXN_35692,CUST_4952,2023-12-01,169.58
TXN_35693,CUST_4952,2023-09-14,217.9
TXN_35694,CUST_4953,2023-03-25,116.65
TXN_35695,CUST_4954,2023-07-27,145.75
TXN_35696,CUST_4954,2023-07-05,74.16
TXN_35697,CUST_4954,2023-07-31,169.19
TXN_35698,CUST_4954,2023-07-18,238.43
TXN_35699,CUST_4954,2023-07-13,198.04
TXN_35700,CUST_4954,2023-07-26,210.85
TXN_35701,CUST_4954,2023-12-04,58.95
TXN_35702,CUST_4954,2023-08-08,51.28
TXN_35703,CUST_4954,2023-09-11,210.58
TXN_35704,CUST_4954,2023-07-28,108.24
TXN_35705,CUST_4955,2023-08-18,91.11
TXN_35706,CUST_4956,2023-10-28,228.21
TXN_35707,CUST_4957,2023-09-05,105.39
TXN_35708,CUST_4958,2023-12-31,163.47
TXN_35709,CUST_4958,2023-09-10,162.68
TXN_35710,CUST_4958,2023-09-21,236.69
TXN_35711,CUST_4958,2023-09-14,152.35
TXN_35712,CUST_4958,2023-11-14,240.33
TXN_35713,CUST_4958,2023-11-02,234.85
TXN_35714,CUST_4959,2023-09-08,101.74
TXN_35715,CUST_4959,2023-12-31,203.76
TXN_35716,CUST_4959,2023-10-13,111.51
TXN_35717,CUST_4959,2023-11-19,36.93
TXN_35718,CUST_4959,2023-08-18,239.2
TXN_35719,CUST_4959,2023-09-19,52.47
TXN_35720,CUST_4959,2023-12-29,244.09
TXN_35721,CUST_4960,2023-05-27,27.12
TXN_35722,CUST_4960,2023-07-18,209.04
TXN_35723,CUST_4960,2023-07-04,90.31
TXN_35724,CUST_4960,2023-07-19,247.89
TXN_35725,CUST_4960,2023-07-07,89.08
TXN_35726,CUST_4960,2023-05-21,249.58
TXN_35727,CUST_4960,2023-10-01,80.68
TXN_35728,CUST_4960,2023-05-23,203.86
TXN_35729,CUST_4960,2023-12-31,124.42
TXN_35730,CUST_4960,2023-05-20,69.13
TXN_35731,CUST_4961,2023-11-25,187.63
TXN_35732,CUST_4961,2023-11-24,134.03
TXN_35733,CUST_4962,2023-11-07,222.85
TXN_35734,CUST_4962,2023-10-21,114.7
TXN_35735,CUST_4962,2023-09-22,94.23
TXN_35736,CUST_4962,2023-10-04,148.09
TXN_35737,CUST_4963,2023-12-06,242.31
TXN_35738,CUST_4963,2023-07-29,92.97
TXN_35739,CUST_4963,2023-07-26,193.0
TXN_35740,CUST_4963,2023-09-24,147.73
TXN_35741,CUST_4963,2023-09-25,141.38
TXN_35742,CUST_4963,2023-08-09,192.27
TXN_35743,CUST_4963,2023-10-14,215.74
TXN_35744,CUST_4963,2023-12-31,190.67
TXN_35745,CUST_4963,2023-07-28,19.9
TXN_35746,CUST_4963,2023-10-04,28.17
TXN_35747,CUST_4964,2023-04-18,242.69
TXN_35748,CUST_4965,2023-08-12,238.16
TXN_35749,CUST_4966,2023-10-08,103.66
TXN_35750,CUST_4966,2023-12-31,120.39
TXN_35751,CUST_4966,2023-12-18,180.14
TXN_35752,CUST_4966,2023-11-11,59.7
TXN_35753,CUST_4966,2023-10-16,187.11
TXN_35754,CUST_4966,2023-11-03,217.71
TXN_35755,CUST_4966,2023-10-09,190.85
TXN_35756,CUST_4966,2023-10-04,85.45
TXN_35757,CUST_4966,2023-11-01,245.31
TXN_35758,CUST_4966,2023-12-31,118.2
TXN_35759,CUST_4967,2023-09-24,180.96
TXN_35760,CUST_4967,2023-08-28,190.28
TXN_35761,CUST_4967,2023-09-07,248.24
TXN_35762,CUST_4967,2023-12-31,202.67
TXN_35763,CUST_4967,2023-09-06,235.24
TXN_35764,CUST_4967,2023-12-31,123.64
TXN_35765,CUST_4967,2023-09-30,16.41
TXN_35766,CUST_4967,2023-08-20,132.64
TXN_35767,CUST_4967,2023-09-29,88.41
TXN_35768,CUST_4967,2023-08-23,198.83
TXN_35769,CUST_4967,2023-09-12,167.48
TXN_35770,CUST_4968,2023-11-23,168.38
TXN_35771,CUST_4968,2023-11-08,237.85
TXN_35772,CUST_4968,2023-11-08,57.85
TXN_35773,CUST_4968,2023-11-23,114.04
TXN_35774,CUST_4968,2023-11-05,231.32
TXN_35775,CUST_4968,2023-11-06,51.73
TXN_35776,CUST_4968,2023-12-17,79.7
TXN_35777,CUST_4969,2023-05-03,70.16
TXN_35778,CUST_4969,2023-08-18,170.71
TXN_35779,CUST_4970,2023-10-27,171.27
TXN_35780,CUST_4971,2023-10-23,230.5
TXN_35781,CUST_4971,2023-10-19,165.94
TXN_35782,CUST_4971,2023-10-15,209.92
TXN_35783,CUST_4971,2023-12-19,116.46
TXN_35784,CUST_4971,2023-10-02,53.43
TXN_35785,CUST_4971,2023-11-08,91.44
TXN_35786,CUST_4971,2023-11-16,191.19
TXN_35787,CUST_4971,2023-11-05,206.34
TXN_35788,CUST_4971,2023-11-12,163.66
TXN_35789,CUST_4971,2023-09-30,136.18
TXN_35790,CUST_4971,2023-10-27,240.75
TXN_35791,CUST_4972,2023-05-22,39.27
TXN_35792,CUST_4972,2023-04-29,46.57
TXN_35793,CUST_4972,2023-03-10,92.43
TXN_35794,CUST_4972,2023-06-17,218.7
TXN_35795,CUST_4972,2023-08-18,84.25
TXN_35796,CUST_4973,2023-11-05,88.97
TXN_35797,CUST_4974,2023-12-20,22.15
TXN_35798,CUST_4975,2023-04-17,116.28
TXN_35799,CUST_4976,2023-04-30,92.06
TXN_35800,CUST_4976,2023-07-27,182.48
TXN_35801,CUST_4976,2023-05-12,214.82
TXN_35802,CUST_4976,2023-08-26,159.71
TXN_35803,CUST_4976,2023-04-25,227.65
TXN_35804,CUST_4976,2023-06-13,103.45
TXN_35805,CUST_4976,2023-11-27,243.34
TXN_35806,CUST_4977,2023-04-08,75.82
TXN_35807,CUST_4977,2023-06-02,246.05
TXN_35808,CUST_4977,2023-07-23,190.31
TXN_35809,CUST_4977,2023-04-10,113.65
TXN_35810,CUST_4977,2023-04-22,86.03
TXN_35811,CUST_4977,2023-07-18,38.47
TXN_35812,CUST_4977,2023-03-29,111.89
TXN_35813,CUST_4977,2023-04-16,227.29
TXN_35814,CUST_4977,2023-04-02,73.48
TXN_35815,CUST_4977,2023-03-31,216.71
TXN_35816,CUST_4977,2023-04-03,97.74
TXN_35817,CUST_4978,2023-12-30,156.08
TXN_35818,CUST_4978,2023-12-30,167.06
TXN_35819,CUST_4978,2023-12-30,229.14
TXN_35820,CUST_4978,2023-12-30,195.48
TXN_35821,CUST_4978,2023-12-30,125.58
TXN_35822,CUST_4978,2023-12-30,196.03
TXN_35823,CUST_4978,2023-12-30,108.84
TXN_35824,CUST_4978,2023-12-30,243.64
TXN_35825,CUST_4978,2023-12-30,45.43
TXN_35826,CUST_4978,2023-12-30,91.83
TXN_35827,CUST_4979,2023-07-03,160.5
TXN_35828,CUST_4980,2023-12-31,168.93
TXN_35829,CUST_4981,2023-09-26,133.36
TXN_35830,CUST_4981,2023-09-13,248.99
TXN_35831,CUST_4981,2023-10-03,85.1
TXN_35832,CUST_4981,2023-09-16,167.73
TXN_35833,CUST_4981,2023-09-29,89.57
TXN_35834,CUST_4981,2023-09-08,23.55
TXN_35835,CUST_4981,2023-10-22,127.93
TXN_35836,CUST_4981,2023-11-18,192.08
TXN_35837,CUST_4981,2023-10-10,146.83
TXN_35838,CUST_4981,2023-10-29,189.17
TXN_35839,CUST_4981,2023-09-23,39.75
TXN_35840,CUST_4982,2023-10-07,156.13
TXN_35841,CUST_4982,2023-11-21,208.41
TXN_35842,CUST_4982,2023-10-20,67.96
TXN_35843,CUST_4982,2023-10-17,191.52
TXN_35844,CUST_4982,2023-12-31,145.26
TXN_35845,CUST_4982,2023-10-09,24.85
TXN_35846,CUST_4982,2023-12-27,128.51
TXN_35847,CUST_4982,2023-11-09,170.14
TXN_35848,CUST_4982,2023-12-07,77.53
TXN_35849,CUST_4982,2023-10-20,229.7
TXN_35850,CUST_4983,2023-06-26,87.28
TXN_35851,CUST_4983,2023-06-04,21.4
TXN_35852,CUST_4983,2023-02-19,54.95
TXN_35853,CUST_4983,2023-06-26,156.98
TXN_35854,CUST_4983,2023-03-14,137.99
TXN_35855,CUST_4983,2023-05-31,235.65
TXN_35856,CUST_4983,2023-07-19,46.92
TXN_35857,CUST_4983,2023-03-24,109.82
TXN_35858,CUST_4983,2023-03-02,145.51
TXN_35859,CUST_4983,2023-10-26,87.0
TXN_35860,CUST_4983,2023-12-31,73.59
TXN_35861,CUST_4983,2023-04-27,95.61
TXN_35862,CUST_4983,2023-03-29,103.8
TXN_35863,CUST_4983,2023-02-22,140.02
TXN_35864,CUST_4984,2023-12-24,249.1
TXN_35865,CUST_4984,2023-12-24,106.16
TXN_35866,CUST_4984,2023-12-28,233.54
TXN_35867,CUST_4984,2023-12-30,146.17
TXN_35868,CUST_4984,2023-12-26,97.06
TXN_35869,CUST_4984,2023-12-26,86.15
TXN_35870,CUST_4984,2023-12-27,87.19
TXN_35871,CUST_4984,2023-12-28,48.72
TXN_35872,CUST_4984,2023-12-25,137.36
TXN_35873,CUST_4984,2023-12-24,21.58
TXN_35874,CUST_4984,2023-12-24,242.47
TXN_35875,CUST_4984,2023-12-30,43.04
TXN_35876,CUST_4984,2023-12-25,124.3
TXN_35877,CUST_4985,2023-08-28,243.45
TXN_35878,CUST_4985,2023-08-22,155.75
TXN_35879,CUST_4985,2023-10-27,135.56
TXN_35880,CUST_4985,2023-10-02,243.98
TXN_35881,CUST_4985,2023-08-23,32.44
TXN_35882,CUST_4985,2023-08-31,142.05
TXN_35883,CUST_4985,2023-09-16,188.56
TXN_35884,CUST_4985,2023-11-25,132.54
TXN_35885,CUST_4985,2023-08-11,109.8
TXN_35886,CUST_4986,2023-03-13,15.4
TXN_35887,CUST_4987,2023-12-31,37.45
TXN_35888,CUST_4987,2023-10-15,149.88
TXN_35889,CUST_4987,2023-12-14,77.63
TXN_35890,CUST_4987,2023-09-30,62.41
TXN_35891,CUST_4987,2023-10-19,175.05
TXN_35892,CUST_4987,2023-11-03,32.55
TXN_35893,CUST_4987,2023-11-11,170.16
TXN_35894,CUST_4988,2023-05-18,107.81
TXN_35895,CUST_4988,2023-04-10,31.63
TXN_35896,CUST_4988,2023-11-26,235.11
TXN_35897,CUST_4988,2023-06-29,106.19
TXN_35898,CUST_4988,2023-03-27,120.2
TXN_35899,CUST_4988,2023-07-03,85.57
TXN_35900,CUST_4988,2023-05-03,126.0
TXN_35901,CUST_4988,2023-05-27,189.57
TXN_35902,CUST_4988,2023-05-28,213.64
TXN_35903,CUST_4988,2023-05-25,22.5
TXN_35904,CUST_4989,2023-11-19,121.19
TXN_35905,CUST_4990,2023-05-15,186.51
TXN_35906,CUST_4990,2023-05-06,86.54
TXN_35907,CUST_4990,2023-06-22,235.39
TXN_35908,CUST_4991,2023-11-27,111.06
TXN_35909,CUST_4992,2023-03-23,116.62
TXN_35910,CUST_4993,2023-11-11,131.01
TXN_35911,CUST_4994,2023-12-26,85.49
TXN_35912,CUST_4994,2023-09-05,40.22
TXN_35913,CUST_4994,2023-09-05,196.57
TXN_35914,CUST_4994,2023-09-15,49.82
TXN_35915,CUST_4994,2023-08-28,130.21
TXN_35916,CUST_4995,2023-04-05,85.08
TXN_35917,CUST_4995,2023-06-10,51.73
TXN_35918,CUST_4995,2023-09-20,106.09
TXN_35919,CUST_4995,2023-02-27,86.78
TXN_35920,CUST_4995,2023-08-02,216.95
TXN_35921,CUST_4996,2023-12-27,135.55
TXN_35922,CUST_4996,2023-12-26,125.02
TXN_35923,CUST_4996,2023-12-29,96.04
TXN_35924,CUST_4996,2023-12-26,75.27
TXN_35925,CUST_4996,2023-12-27,140.37
TXN_35926,CUST_4996,2023-12-26,209.25
TXN_35927,CUST_4996,2023-12-30,129.4
TXN_35928,CUST_4996,2023-12-26,113.93
TXN_35929,CUST_4996,2023-12-26,81.62
TXN_35930,CUST_4996,2023-12-28,140.79
TXN_35931,CUST_4997,2023-05-15,196.54
TXN_35932,CUST_4997,2023-05-24,177.08
TXN_35933,CUST_4997,2023-08-24,206.91
TXN_35934,CUST_4997,2023-10-12,155.44
TXN_35935,CUST_4997,2023-05-17,50.38
TXN_35936,CUST_4997,2023-06-18,39.34
TXN_35937,CUST_4997,2023-11-11,118.98
TXN_35938,CUST_4997,2023-10-12,181.68
TXN_35939,CUST_4998,2023-08-08,79.41
TXN_35940,CUST_4998,2023-08-26,37.74
TXN_35941,CUST_4998,2023-12-31,169.07
TXN_35942,CUST_4998,2023-07-18,161.27
TXN_35943,CUST_4998,2023-07-15,133.96
TXN_35944,CUST_4998,2023-07-30,179.68
TXN_35945,CUST_4998,2023-08-18,199.68
TXN_35946,CUST_4998,2023-07-26,169.2
TXN_35947,CUST_4998,2023-09-16,127.22
TXN_35948,CUST_4998,2023-10-31,49.46
TXN_35949,CUST_4998,2023-09-30,46.02
TXN_35950,CUST_4999,2023-04-23,170.35
